bucket,cache_key,topic_id,skill,location,hit_count,question,stored_answer,builder_answer,builder_id
UNVERIFIABLE,y5m-place-value|curriculum|secure|lesson,y5m-place-value,,workedExample,0,"What is $10,000$ more than $45,678$?","$55,678$",,
UNVERIFIABLE,y5m-place-value|curriculum|secure|lesson,y5m-place-value,,tryThis,0,"What is $100,000$ less than $500,000$?","$400,000$",,
UNVERIFIABLE,y5m-fractions|curriculum|secure|guided,y5m-fractions,,workedExample,0,Convert the improper fraction $rac{9}{4}$ to a mixed number.,The mixed number is $2rac{1}{4}$.,,
UNVERIFIABLE,y5m-fractions|curriculum|secure|guided,y5m-fractions,,tryThis,0,Convert the improper fraction $rac{7}{3}$ to a mixed number.,The mixed number is $2rac{1}{3}$.,,
UNVERIFIABLE,y5m-mult-div-b|curriculum|secure|guided,y5m-mult-div-b,,workedExample,0,What is $3456 	imes 7$?,The final answer is $24192$.,,
UNVERIFIABLE,y5m-mult-div-b|curriculum|secure|guided,y5m-mult-div-b,,tryThis,0,What is $256 	imes 4$?,$1024$,,
UNVERIFIABLE,v19|y5m-mult-div-b|curriculum|secure|lesson|multiply up to 4-digit by 1-digit,y5m-mult-div-b,Multiply up to 4-digit by 1-digit,workedExample,13,"$2,347 \times 6$",2082,,
UNVERIFIABLE,v19|y5m-mult-div-b|curriculum|secure|lesson|multiply up to 4-digit by 1-digit,y5m-mult-div-b,Multiply up to 4-digit by 1-digit,tryThis,13,"$1,526 \times 4$","$6,104$",,
UNVERIFIABLE,v19|y5m-mult-div-b|curriculum|secure|lesson|multiply up to 4-digit by 1-digit,y5m-mult-div-b,Multiply up to 4-digit by 1-digit,quickCheck,13,"In $1,786 \times 4$, what is the first calculation in the ones column?",$6 \times 4 = 24$. Write $4$ and carry $2$.,,
UNVERIFIABLE,v19|y5m-mult-div-b|curriculum|secure|lesson|multiply up to 4-digit by 1-digit,y5m-mult-div-b,Multiply up to 4-digit by 1-digit,guidedPractice[0],13,$368 \times 5$,"$1,840$",,
UNVERIFIABLE,v19|y5m-mult-div-b|curriculum|secure|lesson|multiply up to 4-digit by 1-digit,y5m-mult-div-b,Multiply up to 4-digit by 1-digit,guidedPractice[1],13,"$1,204 \times 3$","$3,612$",,
UNVERIFIABLE,v19|y5m-mult-div-b|curriculum|secure|lesson|multiply up to 4-digit by 1-digit,y5m-mult-div-b,Multiply up to 4-digit by 1-digit,independentPractice[0],13,$427 \times 6$,"$2,562$",,
UNVERIFIABLE,v19|y5m-mult-div-b|curriculum|secure|lesson|multiply up to 4-digit by 1-digit,y5m-mult-div-b,Multiply up to 4-digit by 1-digit,independentPractice[1],13,"$2,315 \times 4$","$9,260$",,
UNVERIFIABLE,v19|y5m-mult-div-b|curriculum|secure|lesson|multiply up to 4-digit by 1-digit,y5m-mult-div-b,Multiply up to 4-digit by 1-digit,independentPractice[2],13,"$3,708 \times 5$","$18,540$",,
UNVERIFIABLE,v19|y5m-perimeter-area|curriculum|secure|guided|area of compound shapes,y5m-perimeter-area,Area of compound shapes,workedExample,0,Find the area of the compound shape.,$44\text{ cm}^2$,,
DISAGREE,v19|y5m-perimeter-area|curriculum|secure|guided|area of compound shapes,y5m-perimeter-area,Area of compound shapes,tryThis,0,A compound shape is split into rectangles measuring $7\text{ cm}$ by $2\text{ cm}$ and $3\text{ cm}$ by $6\text{ cm}$. Find its area.,"$7 \times 2 = 14\text{ cm}^2$, $3 \times 6 = 18\text{ cm}^2$, so $14 + 18 = 32\text{ cm}^2$.",14,rect_perimeter_area
UNVERIFIABLE,v19|y5m-perimeter-area|curriculum|secure|guided|area of compound shapes,y5m-perimeter-area,Area of compound shapes,quickCheck,0,Two rectangles make one compound shape. Their areas are $18\text{ cm}^2$ and $25\text{ cm}^2$. What is the compound shape's area?,$18 + 25 = 43\text{ cm}^2$.,,
DISAGREE,v19|y5m-perimeter-area|curriculum|secure|guided|area of compound shapes,y5m-perimeter-area,Area of compound shapes,guidedPractice[0],0,A compound shape has two rectangles. One is $6\text{ cm}$ by $4\text{ cm}$. The other is $3\text{ cm}$ by $5\text{ cm}$. Find the total area.,"$6 \times 4 = 24\text{ cm}^2$, $3 \times 5 = 15\text{ cm}^2$, so $24 + 15 = 39\text{ cm}^2$.",24,rect_perimeter_area
DISAGREE,v19|y5m-perimeter-area|curriculum|secure|guided|area of compound shapes,y5m-perimeter-area,Area of compound shapes,guidedPractice[1],0,A compound shape is split into rectangles measuring $9\text{ m}$ by $2\text{ m}$ and $4\text{ m}$ by $3\text{ m}$. Find the total area.,"$9 \times 2 = 18\text{ m}^2$, $4 \times 3 = 12\text{ m}^2$, so $18 + 12 = 30\text{ m}^2$.",18,rect_perimeter_area
DISAGREE,v19|y5m-perimeter-area|curriculum|secure|guided|area of compound shapes,y5m-perimeter-area,Area of compound shapes,independentPractice[0],0,A compound shape is split into rectangles measuring $5\text{ cm}$ by $4\text{ cm}$ and $2\text{ cm}$ by $7\text{ cm}$. Find the area.,"$5 \times 4 = 20\text{ cm}^2$, $2 \times 7 = 14\text{ cm}^2$, so $34\text{ cm}^2$.",20,rect_perimeter_area
DISAGREE,v19|y5m-perimeter-area|curriculum|secure|guided|area of compound shapes,y5m-perimeter-area,Area of compound shapes,independentPractice[1],0,A compound shape is split into rectangles measuring $8\text{ m}$ by $3\text{ m}$ and $5\text{ m}$ by $4\text{ m}$. Find the area.,"$8 \times 3 = 24\text{ m}^2$, $5 \times 4 = 20\text{ m}^2$, so $44\text{ m}^2$.",24,rect_perimeter_area
UNVERIFIABLE,y5m-mult-div-b|curriculum|greater_depth|guided,y5m-mult-div-b,,workedExample,0,Multiply $2356$ by $4$.,The final answer is $9424$.,,
UNVERIFIABLE,y5m-mult-div-b|curriculum|greater_depth|guided,y5m-mult-div-b,,tryThis,0,Multiply $1234$ by $3$.,The answer is $3702$.,,
AGREE,v19|y5m-fractions|curriculum|developing|lesson|equivalent fractions,y5m-fractions,Equivalent fractions,workedExample,0,Find an equivalent fraction to $\frac{1}{2}$ with a denominator of $4$.,1/2 = 0.5 = 50%,2/4,fraction_equivalent
DISAGREE,v19|y5m-fractions|curriculum|developing|lesson|equivalent fractions,y5m-fractions,Equivalent fractions,tryThis,0,Find an equivalent fraction to $\frac{1}{3}$ with a denominator of $6$.,1/3 = 0.3333 = 33.33%,2/6,fraction_equivalent
UNVERIFIABLE,v19|y5m-fractions|curriculum|developing|lesson|equivalent fractions,y5m-fractions,Equivalent fractions,quickCheck,0,Is $\frac{3}{6}$ equivalent to $\frac{1}{2}$?,3/6 = 0.5 = 50%,,
UNVERIFIABLE,v19|y5m-fractions|curriculum|developing|lesson|equivalent fractions,y5m-fractions,Equivalent fractions,guidedPractice[0],0,Complete: $\frac{1}{4} = \frac{\Box}{8}$,$\frac{1}{4} = \frac{2}{8}$,,
UNVERIFIABLE,v19|y5m-fractions|curriculum|developing|lesson|equivalent fractions,y5m-fractions,Equivalent fractions,guidedPractice[1],0,Complete: $\frac{2}{3} = \frac{\Box}{6}$,$\frac{2}{3} = \frac{4}{6}$,,
UNVERIFIABLE,v19|y5m-fractions|curriculum|developing|lesson|equivalent fractions,y5m-fractions,Equivalent fractions,independentPractice[0],0,Complete: $\frac{1}{5} = \frac{\Box}{10}$,$\frac{1}{5} = \frac{2}{10}$,,
UNVERIFIABLE,v19|y5m-fractions|curriculum|developing|lesson|equivalent fractions,y5m-fractions,Equivalent fractions,independentPractice[1],0,Complete: $\frac{3}{4} = \frac{\Box}{8}$,$\frac{3}{4} = \frac{6}{8}$,,
UNVERIFIABLE,v19|y5m-fractions|curriculum|developing|lesson|equivalent fractions,y5m-fractions,Equivalent fractions,independentPractice[2],0,Complete: $\frac{2}{5} = \frac{\Box}{10}$,$\frac{2}{5} = \frac{4}{10}$,,
UNVERIFIABLE,sats-arithmetic|sats|secure|guided,sats-arithmetic,,workedExample,0,What is $12 	imes 15$ using long multiplication?,The final answer is $180$.,,
UNVERIFIABLE,sats-arithmetic|sats|secure|guided,sats-arithmetic,,tryThis,0,What is $18 	imes 24$ using long multiplication?,$432$,,
UNVERIFIABLE,v19|y5m-shape|curriculum|secure|guided|measure angles in degrees,y5m-shape,Measure angles in degrees,workedExample,0,Measure angle $ABC$.,$\angle ABC = 65°$,,
DISAGREE,v19|y5m-shape|curriculum|secure|guided|measure angles in degrees,y5m-shape,Measure angles in degrees,tryThis,0,"A protractor is centred on a vertex. One arm starts at $0°$, and the other arm reaches $120°$. What is the angle?",$120°$,60°,angle_diagram
UNVERIFIABLE,v19|y5m-shape|curriculum|secure|guided|measure angles in degrees,y5m-shape,Measure angles in degrees,quickCheck,0,Why must the protractor centre sit on the vertex?,The measurement must begin at the point where both angle arms meet.,,
DISAGREE,v19|y5m-shape|curriculum|secure|guided|measure angles in degrees,y5m-shape,Measure angles in degrees,guidedPractice[0],0,One arm is lined up with $0°$. The other arm crosses the correct scale at $42°$. Measure the angle.,$42°$,138°,angle_diagram
DISAGREE,v19|y5m-shape|curriculum|secure|guided|measure angles in degrees,y5m-shape,Measure angles in degrees,guidedPractice[1],0,One arm is lined up with $0°$ on the right. The other arm crosses the scale at $105°$. Measure the angle.,$105°$,75°,angle_diagram
AGREE,v19|y5m-shape|curriculum|secure|guided|measure angles in degrees,y5m-shape,Measure angles in degrees,guidedPractice[2],0,A protractor shows an angle opening from $0°$ to $78°$. Measure the angle.,$78°$,78,place_value_chart
DISAGREE,v19|y5m-shape|curriculum|secure|guided|measure angles in degrees,y5m-shape,Measure angles in degrees,independentPractice[0],0,"One arm begins at $0°$, and the second arm reaches $35°$. Measure the angle.",$35°$,145°,angle_diagram
DISAGREE,v19|y5m-shape|curriculum|secure|guided|measure angles in degrees,y5m-shape,Measure angles in degrees,independentPractice[1],0,"One arm begins at $0°$, and the second arm reaches $92°$. Measure the angle.",$92°$,88°,angle_diagram
DISAGREE,v19|y5m-shape|curriculum|secure|guided|measure angles in degrees,y5m-shape,Measure angles in degrees,independentPractice[2],0,"One arm begins at $0°$, and the second arm reaches $146°$. Measure the angle.",$146°$,34°,angle_diagram
AGREE,v19|y5m-decimals|curriculum|secure|lesson|add and subtract decimals,y5m-decimals,Add and subtract decimals,workedExample,1,$3.46 + 2.18$,5.64,5.64,decimal_column
AGREE,v19|y5m-decimals|curriculum|secure|lesson|add and subtract decimals,y5m-decimals,Add and subtract decimals,tryThis,1,$4.27 + 1.35$,5.62,5.62,decimal_column
AGREE,v19|y5m-decimals|curriculum|secure|lesson|add and subtract decimals,y5m-decimals,Add and subtract decimals,quickCheck,1,Which calculation is set out correctly: $3.5 + 1.27$ or $3.5 + 1.27$ with decimal points lined up?,4.77,4.77,decimal_column
AGREE,v19|y5m-decimals|curriculum|secure|lesson|add and subtract decimals,y5m-decimals,Add and subtract decimals,guidedPractice[0],1,$2.35 + 1.42$,3.77,3.77,decimal_column
AGREE,v19|y5m-decimals|curriculum|secure|lesson|add and subtract decimals,y5m-decimals,Add and subtract decimals,guidedPractice[1],1,$5.68 + 2.17$,7.85,7.85,decimal_column
AGREE,v19|y5m-decimals|curriculum|secure|lesson|add and subtract decimals,y5m-decimals,Add and subtract decimals,independentPractice[0],1,$1.24 + 3.53$,4.77,4.77,decimal_column
AGREE,v19|y5m-decimals|curriculum|secure|lesson|add and subtract decimals,y5m-decimals,Add and subtract decimals,independentPractice[1],1,$6.39 + 2.46$,8.85,8.85,decimal_column
AGREE,v19|y5m-decimals|curriculum|secure|lesson|add and subtract decimals,y5m-decimals,Add and subtract decimals,independentPractice[2],1,$4.75 + 3.28$,8.03,8.03,decimal_column
AGREE,y5m-mult-div-a|curriculum|greater_depth|guided,y5m-mult-div-a,,workedExample,0,What are the first three multiples of $5$?,"The first three multiples of $5$ are $5$, $10$, and $15$.","5, 10, 15",multiples_number_line
AGREE,y5m-mult-div-a|curriculum|greater_depth|guided,y5m-mult-div-a,,tryThis,0,What is $7$ times $100$?,$700$,700,place_value_shift
UNVERIFIABLE,y5m-mult-div-a|curriculum|secure|guided,y5m-mult-div-a,,workedExample,0,What is $12 	imes 10$?,$120$,,
UNVERIFIABLE,y5m-mult-div-a|curriculum|secure|guided,y5m-mult-div-a,,tryThis,0,What is $25 	imes 100$?,$2500$,,
UNVERIFIABLE,y5m-add-subtract|curriculum|secure|guided,y5m-add-subtract,,workedExample,1,"What is $4,567 + 3,249$?","$7,816$",,
UNVERIFIABLE,y5m-add-subtract|curriculum|secure|guided,y5m-add-subtract,,tryThis,1,"What is $5,432 - 2,138$?","$3,294$",,
UNVERIFIABLE,v19|y6m-mult-div|curriculum|developing|lesson|long multiplication,y6m-mult-div,Long multiplication,workedExample,0,$24 \times 13$,312,,
UNVERIFIABLE,v19|y6m-mult-div|curriculum|developing|lesson|long multiplication,y6m-mult-div,Long multiplication,tryThis,0,$23 \times 12$,$276$,,
UNVERIFIABLE,v19|y6m-mult-div|curriculum|developing|lesson|long multiplication,y6m-mult-div,Long multiplication,quickCheck,0,"In $26 \times 14$, what does the $1$ in $14$ mean?","It means $1$ ten, or $10$.",,
UNVERIFIABLE,v19|y6m-mult-div|curriculum|developing|lesson|long multiplication,y6m-mult-div,Long multiplication,guidedPractice[0],0,$21 \times 12$,$252$,,
UNVERIFIABLE,v19|y6m-mult-div|curriculum|developing|lesson|long multiplication,y6m-mult-div,Long multiplication,guidedPractice[1],0,$32 \times 11$,$352$,,
UNVERIFIABLE,v19|y6m-mult-div|curriculum|developing|lesson|long multiplication,y6m-mult-div,Long multiplication,independentPractice[0],0,$22 \times 13$,$286$,,
UNVERIFIABLE,v19|y6m-mult-div|curriculum|developing|lesson|long multiplication,y6m-mult-div,Long multiplication,independentPractice[1],0,$31 \times 12$,$372$,,
UNVERIFIABLE,v19|y6m-mult-div|curriculum|developing|lesson|long multiplication,y6m-mult-div,Long multiplication,independentPractice[2],0,$34 \times 12$,$408$,,
UNVERIFIABLE,y6m-converting-units|curriculum|secure|guided,y6m-converting-units,,workedExample,0,How many metres are in $5$ kilometres?,$5000$ metres,,
DISAGREE,y6m-converting-units|curriculum|secure|guided,y6m-converting-units,,tryThis,0,Convert $3$ miles to kilometres. (Hint: multiply by $1.6$),$4.8$ kilometres,3/5 = 0.6 = 60%,fdp_equivalence
UNVERIFIABLE,y6m-mult-div|curriculum|secure|guided,y6m-mult-div,,workedExample,0,Let's multiply $24$ by $6$ using long multiplication.,$144$,,
UNVERIFIABLE,y6m-mult-div|curriculum|secure|guided,y6m-mult-div,,tryThis,0,Multiply $35$ by $4$ using long multiplication.,$140$,,
UNVERIFIABLE,v3|y5m-mult-div-a|curriculum|secure|lesson,y5m-mult-div-a,,workedExample,0,Find the multiples of $4$ up to $40$.,"The multiples of $4$ up to $40$ are $4, 8, 12, 16, 20, 24, 28, 32, 36, 40$.",,
AGREE,v3|y5m-mult-div-a|curriculum|secure|lesson,y5m-mult-div-a,,tryThis,0,What are the factors of $18$?,"The factors of $18$ are $1, 2, 3, 6, 9, 18$.","1, 2, 3, 6, 9, 18",multiples_number_line
UNVERIFIABLE,v3|y5m-mult-div-a|curriculum|secure|guided,y5m-mult-div-a,,workedExample,0,What is $36 \times 15$?,$540$,,
UNVERIFIABLE,v3|y5m-mult-div-a|curriculum|secure|guided,y5m-mult-div-a,,tryThis,0,What is $48 \times 25$?,$1200$,,
AGREE,v19|y6m-mult-div|curriculum|secure|lesson|order of operations (bidmas),y6m-mult-div,Order of operations (BIDMAS),workedExample,19,$18 + 6 \times 4 - 5$,37,37,order_of_operations
AGREE,v19|y6m-mult-div|curriculum|secure|lesson|order of operations (bidmas),y6m-mult-div,Order of operations (BIDMAS),tryThis,19,$25 - 3 \times 6 + 4$,11,11,order_of_operations
AGREE,v19|y6m-mult-div|curriculum|secure|lesson|order of operations (bidmas),y6m-mult-div,Order of operations (BIDMAS),quickCheck,19,$16 + 12 \div 3 - 4$,16,16,order_of_operations
AGREE,v19|y6m-mult-div|curriculum|secure|lesson|order of operations (bidmas),y6m-mult-div,Order of operations (BIDMAS),guidedPractice[0],19,$14 + 5 \times 3$,29,29,order_of_operations
AGREE,v19|y6m-mult-div|curriculum|secure|lesson|order of operations (bidmas),y6m-mult-div,Order of operations (BIDMAS),guidedPractice[1],19,$30 - 4 \times 5 + 2$,12,12,order_of_operations
AGREE,v19|y6m-mult-div|curriculum|secure|lesson|order of operations (bidmas),y6m-mult-div,Order of operations (BIDMAS),guidedPractice[2],19,$36 \div 6 + 7 - 3$,10,10,order_of_operations
AGREE,v19|y6m-mult-div|curriculum|secure|lesson|order of operations (bidmas),y6m-mult-div,Order of operations (BIDMAS),independentPractice[0],19,$9 + 7 \times 4$,37,37,order_of_operations
AGREE,v19|y6m-mult-div|curriculum|secure|lesson|order of operations (bidmas),y6m-mult-div,Order of operations (BIDMAS),independentPractice[1],19,$45 \div 5 + 8 - 6$,11,11,order_of_operations
AGREE,v19|y6m-mult-div|curriculum|secure|lesson|order of operations (bidmas),y6m-mult-div,Order of operations (BIDMAS),independentPractice[2],19,$50 - 6 \times 7 + 9$,17,17,order_of_operations
AGREE,v19|y6m-mult-div|curriculum|secure|lesson|order of operations (bidmas),y6m-mult-div,Order of operations (BIDMAS),independentPractice[3],19,$24 \div 3 \times 2 + 5$,21,21,order_of_operations
UNVERIFIABLE,v19|y6m-shape|curriculum|secure|lesson|measure and classify angles,y6m-shape,Measure and classify angles,workedExample,27,Measure and classify angle $CBA$.,"$\angle CBA = 120°$, so it is an obtuse angle.",,
AGREE,v19|y6m-shape|curriculum|secure|lesson|measure and classify angles,y6m-shape,Measure and classify angles,tryThis,27,A protractor shows an angle of $65°$. Measure and classify the angle.,65,65,place_value_chart
AGREE,v19|y6m-shape|curriculum|secure|lesson|measure and classify angles,y6m-shape,Measure and classify angles,quickCheck,27,You align one arm with the $0°$ on the inner scale. The other arm reaches $135°$ on that scale. What is the angle and its classification?,45°,45°,angle_diagram
AGREE,v19|y6m-shape|curriculum|secure|lesson|measure and classify angles,y6m-shape,Measure and classify angles,guidedPractice[0],27,A measured angle is $45°$. Classify it.,135°,135°,angle_diagram
AGREE,v19|y6m-shape|curriculum|secure|lesson|measure and classify angles,y6m-shape,Measure and classify angles,guidedPractice[1],27,A measured angle is $90°$. Classify it.,90°,90°,angle_diagram
AGREE,v19|y6m-shape|curriculum|secure|lesson|measure and classify angles,y6m-shape,Measure and classify angles,guidedPractice[2],27,A measured angle is $150°$. Classify it.,30°,30°,angle_diagram
AGREE,v19|y6m-shape|curriculum|secure|lesson|measure and classify angles,y6m-shape,Measure and classify angles,independentPractice[0],27,A protractor reading is $30°$. Classify the angle.,150°,150°,angle_diagram
AGREE,v19|y6m-shape|curriculum|secure|lesson|measure and classify angles,y6m-shape,Measure and classify angles,independentPractice[1],27,A protractor reading is $110°$. Classify the angle.,70°,70°,angle_diagram
AGREE,v19|y6m-shape|curriculum|secure|lesson|measure and classify angles,y6m-shape,Measure and classify angles,independentPractice[2],27,A protractor reading is $180°$. Classify the angle.,0°,0°,angle_diagram
AGREE,v19|y5m-position-direction|curriculum|secure|guided|read and plot coordinates (first quadrant),y5m-position-direction,Read and plot coordinates (first quadrant),workedExample,8,"Plot point $A$ at $(4, 3)$ on the coordinate grid.","(4,3)","(4,3)",coordinate_plot
AGREE,v19|y5m-position-direction|curriculum|secure|guided|read and plot coordinates (first quadrant),y5m-position-direction,Read and plot coordinates (first quadrant),tryThis,8,"Plot point $B$ at $(2, 5)$. How many squares do you move right and up?","Move $2$ squares right and $5$ squares up. Point $B$ is at $(2, 5)$.","(2,5)",coordinate_plot
AGREE,v19|y5m-position-direction|curriculum|secure|guided|read and plot coordinates (first quadrant),y5m-position-direction,Read and plot coordinates (first quadrant),quickCheck,8,"Which coordinate means $3$ squares right and $2$ squares up: $(2, 3)$ or $(3, 2)$?","$(3, 2)$","(3,2)",coordinate_plot
AGREE,v19|y5m-position-direction|curriculum|secure|guided|read and plot coordinates (first quadrant),y5m-position-direction,Read and plot coordinates (first quadrant),guidedPractice[0],8,"Plot point $C$ at $(1, 4)$.","Point $C$ is at $(1, 4)$.","(1,4)",coordinate_plot
AGREE,v19|y5m-position-direction|curriculum|secure|guided|read and plot coordinates (first quadrant),y5m-position-direction,Read and plot coordinates (first quadrant),guidedPractice[1],8,A point is $5$ squares right and $2$ squares up from the origin. Write its coordinate.,"The coordinate is $(5, 2)$.","(5,2)",coordinate_plot
AGREE,v19|y5m-position-direction|curriculum|secure|guided|read and plot coordinates (first quadrant),y5m-position-direction,Read and plot coordinates (first quadrant),guidedPractice[2],8,Read the coordinate of point $D$ that is $3$ squares right and $6$ squares up.,"Point $D$ is at $(3, 6)$.","(3,6)",coordinate_plot
AGREE,v19|y5m-position-direction|curriculum|secure|guided|read and plot coordinates (first quadrant),y5m-position-direction,Read and plot coordinates (first quadrant),independentPractice[0],8,"Plot point $E$ at $(6, 1)$.","Point $E$ is at $(6, 1)$.","(6,1)",coordinate_plot
AGREE,v19|y5m-position-direction|curriculum|secure|guided|read and plot coordinates (first quadrant),y5m-position-direction,Read and plot coordinates (first quadrant),independentPractice[1],8,"Plot point $F$ at $(2, 3)$.","Point $F$ is at $(2, 3)$.","(2,3)",coordinate_plot
AGREE,v19|y5m-position-direction|curriculum|secure|guided|read and plot coordinates (first quadrant),y5m-position-direction,Read and plot coordinates (first quadrant),independentPractice[2],8,Write the coordinate of a point $4$ squares right and $5$ squares up.,"The coordinate is $(4, 5)$.","(4,5)",coordinate_plot
UNVERIFIABLE,v19|y6m-add-subtract|curriculum|secure|lesson|add and subtract integers,y6m-add-subtract,Add and subtract integers,workedExample,20,$468 + 357$,825,,
UNVERIFIABLE,v19|y6m-add-subtract|curriculum|secure|lesson|add and subtract integers,y6m-add-subtract,Add and subtract integers,tryThis,20,$276 + 489$,$765$,,
UNVERIFIABLE,v19|y6m-add-subtract|curriculum|secure|lesson|add and subtract integers,y6m-add-subtract,Add and subtract integers,quickCheck,20,"In $268 + 157$, what digit is carried from the ones column?","$1$, because $8 + 7 = 15$.",,
UNVERIFIABLE,v19|y6m-add-subtract|curriculum|secure|lesson|add and subtract integers,y6m-add-subtract,Add and subtract integers,guidedPractice[0],20,$245 + 136$,$381$,,
UNVERIFIABLE,v19|y6m-add-subtract|curriculum|secure|lesson|add and subtract integers,y6m-add-subtract,Add and subtract integers,guidedPractice[1],20,$389 + 247$,$636$,,
UNVERIFIABLE,v19|y6m-add-subtract|curriculum|secure|lesson|add and subtract integers,y6m-add-subtract,Add and subtract integers,independentPractice[0],20,$154 + 328$,$482$,,
UNVERIFIABLE,v19|y6m-add-subtract|curriculum|secure|lesson|add and subtract integers,y6m-add-subtract,Add and subtract integers,independentPractice[1],20,$476 + 259$,$735$,,
UNVERIFIABLE,v19|y6m-add-subtract|curriculum|secure|lesson|add and subtract integers,y6m-add-subtract,Add and subtract integers,independentPractice[2],20,$687 + 168$,$855$,,
UNVERIFIABLE,v4|y5m-fractions|curriculum|developing|lesson,y5m-fractions,,workedExample,0,How do we add $\frac{1}{4}$ and $\frac{2}{4}$?,We get $\frac{3}{4}$,,
AGREE,v4|y5m-fractions|curriculum|developing|lesson,y5m-fractions,,tryThis,0,What is $\frac{3}{5} + \frac{1}{5}$?,$\frac{4}{5}$,4/5,fraction_ops
AGREE,v4|y5m-mult-div-a|curriculum|secure|guided,y5m-mult-div-a,,workedExample,1,What is $250 \times 1000$?,"$250,000$",250000,place_value_shift
AGREE,v4|y5m-mult-div-a|curriculum|secure|guided,y5m-mult-div-a,,tryThis,1,What is $480 \times 100$?,"$48,000$",48000,place_value_shift
UNVERIFIABLE,"v19|y5m-converting-units|curriculum|secure|guided|metric units of length, mass and capacity",y5m-converting-units,"Metric units of length, mass and capacity",workedExample,1,Convert $3.5\text{ l}$ to millilitres.,1/2 = 0.5 = 50%,,
UNVERIFIABLE,"v19|y5m-converting-units|curriculum|secure|guided|metric units of length, mass and capacity",y5m-converting-units,"Metric units of length, mass and capacity",tryThis,1,Convert $2.4\text{ l}$ to millilitres.,$2.4\text{ l}=2400\text{ ml}$,,
UNVERIFIABLE,"v19|y5m-converting-units|curriculum|secure|guided|metric units of length, mass and capacity",y5m-converting-units,"Metric units of length, mass and capacity",quickCheck,1,Which is greater: $2\text{ l}$ or $1900\text{ ml}$?,$2\text{ l}$ is greater because $2\text{ l}=2000\text{ ml}$ and $2000>1900$.,,
UNVERIFIABLE,"v19|y5m-converting-units|curriculum|secure|guided|metric units of length, mass and capacity",y5m-converting-units,"Metric units of length, mass and capacity",guidedPractice[0],1,Convert $6\text{ l}$ to millilitres.,$6\text{ l}=6000\text{ ml}$,,
AGREE,"v19|y5m-converting-units|curriculum|secure|guided|metric units of length, mass and capacity",y5m-converting-units,"Metric units of length, mass and capacity",guidedPractice[1],1,Convert $1250\text{ ml}$ to litres.,$1250\text{ ml}=1.25\text{ l}$,1.25 l,unit_conversion
UNVERIFIABLE,"v19|y5m-converting-units|curriculum|secure|guided|metric units of length, mass and capacity",y5m-converting-units,"Metric units of length, mass and capacity",guidedPractice[2],1,A bottle holds $1.75\text{ l}$. Write this in millilitres.,$1.75\text{ l}=1750\text{ ml}$,,
UNVERIFIABLE,"v19|y5m-converting-units|curriculum|secure|guided|metric units of length, mass and capacity",y5m-converting-units,"Metric units of length, mass and capacity",independentPractice[0],1,Convert $4.2\text{ l}$ to millilitres.,$4.2\text{ l}=4200\text{ ml}$,,
AGREE,"v19|y5m-converting-units|curriculum|secure|guided|metric units of length, mass and capacity",y5m-converting-units,"Metric units of length, mass and capacity",independentPractice[1],1,Convert $3500\text{ ml}$ to litres.,$3500\text{ ml}=3.5\text{ l}$,3.5 l,unit_conversion
UNVERIFIABLE,"v19|y5m-converting-units|curriculum|secure|guided|metric units of length, mass and capacity",y5m-converting-units,"Metric units of length, mass and capacity",independentPractice[2],1,Convert $0.6\text{ l}$ to millilitres.,$0.6\text{ l}=600\text{ ml}$,,
AGREE,"v19|y6m-fdp|curriculum|secure|lesson|equivalent fractions, decimals and percentages",y6m-fdp,"Equivalent fractions, decimals and percentages",workedExample,20,Write $\frac{3}{4}$ as a decimal and a percentage.,3/4 = 0.75 = 75%,3/4 = 0.75 = 75%,fdp_equivalence
AGREE,"v19|y6m-fdp|curriculum|secure|lesson|equivalent fractions, decimals and percentages",y6m-fdp,"Equivalent fractions, decimals and percentages",tryThis,20,Write $\frac{1}{2}$ as a decimal and a percentage.,$\frac{1}{2} = \frac{50}{100} = 0.5 = 50\%$,1/2 = 0.5 = 50%,fdp_equivalence
UNVERIFIABLE,"v19|y6m-fdp|curriculum|secure|lesson|equivalent fractions, decimals and percentages",y6m-fdp,"Equivalent fractions, decimals and percentages",quickCheck,20,"Which is equivalent to $0.25$: $\frac{1}{2}$, $\frac{1}{4}$ or $\frac{3}{4}$?","$\frac{1}{4}$, because $\frac{1}{4} = \frac{25}{100} = 0.25 = 25\%$.",,
AGREE,"v19|y6m-fdp|curriculum|secure|lesson|equivalent fractions, decimals and percentages",y6m-fdp,"Equivalent fractions, decimals and percentages",guidedPractice[0],20,Write $\frac{1}{4}$ as a decimal and a percentage.,$\frac{1}{4} = \frac{25}{100} = 0.25 = 25\%$,1/4 = 0.25 = 25%,fdp_equivalence
UNVERIFIABLE,"v19|y6m-fdp|curriculum|secure|lesson|equivalent fractions, decimals and percentages",y6m-fdp,"Equivalent fractions, decimals and percentages",guidedPractice[1],20,Complete: $0.5 = \frac{\square}{100} = \square\%$.,$0.5 = \frac{50}{100} = 50\%$,,
AGREE,"v19|y6m-fdp|curriculum|secure|lesson|equivalent fractions, decimals and percentages",y6m-fdp,"Equivalent fractions, decimals and percentages",independentPractice[0],20,Write $\frac{1}{5}$ as a decimal and a percentage.,$\frac{1}{5} = \frac{20}{100} = 0.2 = 20\%$,1/5 = 0.2 = 20%,fdp_equivalence
AGREE,"v19|y6m-fdp|curriculum|secure|lesson|equivalent fractions, decimals and percentages",y6m-fdp,"Equivalent fractions, decimals and percentages",independentPractice[1],20,Write $\frac{3}{5}$ as a decimal and a percentage.,$\frac{3}{5} = \frac{60}{100} = 0.6 = 60\%$,3/5 = 0.6 = 60%,fdp_equivalence
DISAGREE,"v19|y6m-fdp|curriculum|secure|lesson|equivalent fractions, decimals and percentages",y6m-fdp,"Equivalent fractions, decimals and percentages",independentPractice[2],20,Write $40\%$ as a fraction and a decimal.,$40\% = \frac{40}{100} = \frac{2}{5} = 0.4$,40,place_value_chart
UNVERIFIABLE,v19|y5m-add-subtract|curriculum|secure|guided|column addition of numbers with more than 4 digits,y5m-add-subtract,Column addition of numbers with more than 4 digits,workedExample,3,"$47,586 + 36,749$",84335,,
UNVERIFIABLE,v19|y5m-add-subtract|curriculum|secure|guided|column addition of numbers with more than 4 digits,y5m-add-subtract,Column addition of numbers with more than 4 digits,tryThis,3,"$58,427 + 26,895$","$85,322$",,
UNVERIFIABLE,v19|y5m-add-subtract|curriculum|secure|guided|column addition of numbers with more than 4 digits,y5m-add-subtract,Column addition of numbers with more than 4 digits,quickCheck,3,"In $68,472 + 15,639$, what digit is written in the ones column?","$1$, because $2 + 9 = 11$.",,
UNVERIFIABLE,v19|y5m-add-subtract|curriculum|secure|guided|column addition of numbers with more than 4 digits,y5m-add-subtract,Column addition of numbers with more than 4 digits,guidedPractice[0],3,"$23,768 + 45,497$","$69,265$",,
UNVERIFIABLE,v19|y5m-add-subtract|curriculum|secure|guided|column addition of numbers with more than 4 digits,y5m-add-subtract,Column addition of numbers with more than 4 digits,guidedPractice[1],3,"$67,835 + 18,679$","$86,514$",,
UNVERIFIABLE,v19|y5m-add-subtract|curriculum|secure|guided|column addition of numbers with more than 4 digits,y5m-add-subtract,Column addition of numbers with more than 4 digits,guidedPractice[2],3,"$49,286 + 32,758$","$82,044$",,
UNVERIFIABLE,v19|y5m-add-subtract|curriculum|secure|guided|column addition of numbers with more than 4 digits,y5m-add-subtract,Column addition of numbers with more than 4 digits,independentPractice[0],3,"$54,638 + 27,496$","$82,134$",,
UNVERIFIABLE,v19|y5m-add-subtract|curriculum|secure|guided|column addition of numbers with more than 4 digits,y5m-add-subtract,Column addition of numbers with more than 4 digits,independentPractice[1],3,"$38,759 + 46,872$","$85,631$",,
UNVERIFIABLE,v4|sats-arithmetic|sats|secure|lesson,sats-arithmetic,,workedExample,0,$36 \times 15$,$540$,,
UNVERIFIABLE,v4|sats-arithmetic|sats|secure|lesson,sats-arithmetic,,tryThis,0,$24 \times 13$,$312$,,
UNVERIFIABLE,v4|y6m-mult-div|curriculum|developing|lesson,y6m-mult-div,,workedExample,0,What is $23 \times 14$?,$322$,,
UNVERIFIABLE,v4|y6m-mult-div|curriculum|developing|lesson,y6m-mult-div,,tryThis,0,Try $12 \times 13$.,$156$,,
AGREE,v4|y5m-fractions|curriculum|secure|lesson,y5m-fractions,,workedExample,1,Convert $\frac{9}{4}$ to a mixed number.,$2\frac{1}{4}$,2 1/4,fraction_ops
AGREE,v4|y5m-fractions|curriculum|secure|lesson,y5m-fractions,,tryThis,1,Convert $\frac{7}{3}$ to a mixed number.,$2\frac{1}{3}$,2 1/3,fraction_ops
AGREE,v4|y5m-place-value|curriculum|secure|guided,y5m-place-value,,workedExample,2,"Round $57,892$ to the nearest $10,000$.","$60,000$",60000,rounding_number_line
UNVERIFIABLE,v4|y5m-place-value|curriculum|secure|guided,y5m-place-value,,tryThis,2,"What is $234,567$ rounded to the nearest $100,000$?","$200,000$",,
UNVERIFIABLE,v19|y6m-area-perimeter-volume|curriculum|secure|lesson|area and perimeter,y6m-area-perimeter-volume,Area and perimeter,workedExample,25,A rectangle is $8\text{ cm}$ long and $5\text{ cm}$ wide. Find its area and perimeter.,Area: $40\text{ cm}^2$. Perimeter: $26\text{ cm}$.,,
UNVERIFIABLE,v19|y6m-area-perimeter-volume|curriculum|secure|lesson|area and perimeter,y6m-area-perimeter-volume,Area and perimeter,tryThis,25,A rectangle is $9\text{ cm}$ long and $4\text{ cm}$ wide. Find its area and perimeter.,Area: $9 \times 4 = 36\text{ cm}^2$. Perimeter: $9 + 4 + 9 + 4 = 26\text{ cm}$.,,
UNVERIFIABLE,v19|y6m-area-perimeter-volume|curriculum|secure|lesson|area and perimeter,y6m-area-perimeter-volume,Area and perimeter,quickCheck,25,Which measurement needs square units: area or perimeter?,"Area needs square units, such as $\text{cm}^2$.",,
UNVERIFIABLE,v19|y6m-area-perimeter-volume|curriculum|secure|lesson|area and perimeter,y6m-area-perimeter-volume,Area and perimeter,guidedPractice[0],25,A rectangle is $6\text{ cm}$ long and $3\text{ cm}$ wide. Find its area and perimeter.,Area: $18\text{ cm}^2$. Perimeter: $18\text{ cm}$.,,
UNVERIFIABLE,v19|y6m-area-perimeter-volume|curriculum|secure|lesson|area and perimeter,y6m-area-perimeter-volume,Area and perimeter,guidedPractice[1],25,A rectangle is $7\text{ m}$ long and $2\text{ m}$ wide. Find its area and perimeter.,Area: $14\text{ m}^2$. Perimeter: $18\text{ m}$.,,
UNVERIFIABLE,v19|y6m-area-perimeter-volume|curriculum|secure|lesson|area and perimeter,y6m-area-perimeter-volume,Area and perimeter,independentPractice[0],25,A rectangle is $10\text{ cm}$ long and $6\text{ cm}$ wide. Find its area and perimeter.,Area: $60\text{ cm}^2$. Perimeter: $32\text{ cm}$.,,
UNVERIFIABLE,v19|y6m-area-perimeter-volume|curriculum|secure|lesson|area and perimeter,y6m-area-perimeter-volume,Area and perimeter,independentPractice[1],25,A rectangle is $12\text{ m}$ long and $5\text{ m}$ wide. Find its area and perimeter.,Area: $60\text{ m}^2$. Perimeter: $34\text{ m}$.,,
UNVERIFIABLE,v19|y6m-area-perimeter-volume|curriculum|secure|lesson|area and perimeter,y6m-area-perimeter-volume,Area and perimeter,independentPractice[2],25,A rectangle is $11\text{ cm}$ long and $4\text{ cm}$ wide. Find its area and perimeter.,Area: $44\text{ cm}^2$. Perimeter: $30\text{ cm}$.,,
UNVERIFIABLE,v17|y6m-mult-div|curriculum|secure|lesson,y6m-mult-div,Long multiplication,workedExample,0,$36 \times 15$,540,,
UNVERIFIABLE,v17|y6m-mult-div|curriculum|secure|lesson,y6m-mult-div,Long multiplication,tryThis,0,Try multiplying $24 \times 12$ using the column method.,288,,
UNVERIFIABLE,v17|y6m-mult-div|curriculum|secure|lesson,y6m-mult-div,Long multiplication,quickCheck,0,What's $25 \times 11$ using the column method?,275,,
UNVERIFIABLE,v17|y6m-mult-div|curriculum|secure|lesson,y6m-mult-div,Long multiplication,guidedPractice[0],0,Calculate $42 \times 13$ using the column method.,546,,
UNVERIFIABLE,v17|y6m-mult-div|curriculum|secure|lesson,y6m-mult-div,Long multiplication,independentPractice[0],0,Multiply $37 \times 14$ using the column method.,518,,
AGREE,v19|y5m-volume|curriculum|secure|guided|what is volume?,y5m-volume,What is volume?,workedExample,3,A cuboid is made from $12$ equal cubes. What is its volume?,$12$ cubic units,12,cuboid_volume
AGREE,v19|y5m-volume|curriculum|secure|guided|what is volume?,y5m-volume,What is volume?,tryThis,3,A solid is filled with $9$ equal cubes. What is its volume?,$9$ cubic units,9,cuboid_volume
UNVERIFIABLE,v19|y5m-volume|curriculum|secure|guided|what is volume?,y5m-volume,What is volume?,quickCheck,3,What does volume measure?,Volume measures the space inside a three-dimensional shape.,,
AGREE,v19|y5m-volume|curriculum|secure|guided|what is volume?,y5m-volume,What is volume?,guidedPractice[0],3,A box is filled with $5$ equal cubes. What is its volume?,$5$ cubic units,5,cuboid_volume
DISAGREE,v19|y5m-volume|curriculum|secure|guided|what is volume?,y5m-volume,What is volume?,guidedPractice[1],3,A shape has $2$ layers with $4$ cubes in each layer. What is its volume?,$8$ cubic units,4,cuboid_volume
DISAGREE,v19|y5m-volume|curriculum|secure|guided|what is volume?,y5m-volume,What is volume?,guidedPractice[2],3,A solid contains $3$ cubes on the bottom and $3$ cubes directly above them. What is its volume?,$6$ cubic units,3,cuboid_volume
AGREE,v19|y5m-volume|curriculum|secure|guided|what is volume?,y5m-volume,What is volume?,independentPractice[0],3,A cuboid is made from $10$ equal cubes. What is its volume?,$10$ cubic units,10,cuboid_volume
AGREE,v19|y5m-volume|curriculum|secure|guided|what is volume?,y5m-volume,What is volume?,independentPractice[1],3,A shape has $7$ cubes in total. What is its volume?,$7$ cubic units,7,cuboid_volume
DISAGREE,v19|y5m-volume|curriculum|secure|guided|what is volume?,y5m-volume,What is volume?,independentPractice[2],3,A solid has $3$ layers. Each layer contains $2$ cubes. What is its volume?,$6$ cubic units,2,cuboid_volume
UNVERIFIABLE,v19|sats-reasoning|sats|secure|lesson|multi-step word problems,sats-reasoning,Multi-step word problems,workedExample,1,A school buys $8$ packs of pencils. Each pack has $12$ pencils. The pencils are shared equally between $6$ classes. How many pencils does each class receive?,Each class receives $16$ pencils.,,
UNVERIFIABLE,v19|sats-reasoning|sats|secure|lesson|multi-step word problems,sats-reasoning,Multi-step word problems,tryThis,1,A coach has $7$ bags with $15$ footballs in each bag. She shares all the footballs equally between $5$ teams. How many footballs does each team receive?,$21$ footballs,,
UNVERIFIABLE,v19|sats-reasoning|sats|secure|lesson|multi-step word problems,sats-reasoning,Multi-step word problems,quickCheck,1,There are $4$ packets with $25$ beads in each packet. The beads are shared equally between $5$ children. How many beads does each child receive?,$20$ beads,,
UNVERIFIABLE,v19|sats-reasoning|sats|secure|lesson|multi-step word problems,sats-reasoning,Multi-step word problems,guidedPractice[0],1,A library has $9$ shelves. Each shelf holds $14$ books. The books are placed equally into $7$ boxes. How many books are in each box?,$18$ books,,
UNVERIFIABLE,v19|sats-reasoning|sats|secure|lesson|multi-step word problems,sats-reasoning,Multi-step word problems,guidedPractice[1],1,A baker makes $6$ trays of cupcakes. Each tray has $18$ cupcakes. She puts the cupcakes equally into $9$ boxes. How many cupcakes are in each box?,$12$ cupcakes,,
UNVERIFIABLE,v19|sats-reasoning|sats|secure|lesson|multi-step word problems,sats-reasoning,Multi-step word problems,independentPractice[0],1,A charity packs $5$ boxes with $24$ cans in each box. The cans are shared equally between $8$ families. How many cans does each family receive?,$15$ cans,,
UNVERIFIABLE,v19|sats-reasoning|sats|secure|lesson|multi-step word problems,sats-reasoning,Multi-step word problems,independentPractice[1],1,A teacher buys $12$ packs of stickers. Each pack contains $10$ stickers. She shares them equally between $6$ groups. How many stickers does each group receive?,$20$ stickers,,
UNVERIFIABLE,v19|sats-reasoning|sats|secure|lesson|multi-step word problems,sats-reasoning,Multi-step word problems,independentPractice[2],1,A farmer collects $11$ baskets of eggs. Each basket has $16$ eggs. He puts the eggs equally into $8$ crates. How many eggs are in each crate?,$22$ eggs,,
AGREE,v19|11-number|eleven_plus|secure|lesson|place value and rounding,11-number,Place value and rounding,workedExample,1,Round $6.47$ to the nearest tenth.,6.5,6.5,rounding_number_line
AGREE,v19|11-number|eleven_plus|secure|lesson|place value and rounding,11-number,Place value and rounding,tryThis,1,Round $3.82$ to the nearest tenth.,$3.8$,3.8,rounding_number_line
UNVERIFIABLE,v19|11-number|eleven_plus|secure|lesson|place value and rounding,11-number,Place value and rounding,quickCheck,1,Which digit decides how $7.34$ rounds to the nearest tenth?,"The hundredths digit, $4$.",,
AGREE,v19|11-number|eleven_plus|secure|lesson|place value and rounding,11-number,Place value and rounding,guidedPractice[0],1,Round $4.26$ to the nearest tenth.,$4.3$,4.3,rounding_number_line
AGREE,v19|11-number|eleven_plus|secure|lesson|place value and rounding,11-number,Place value and rounding,guidedPractice[1],1,Round $8.13$ to the nearest tenth.,$8.1$,8.1,rounding_number_line
AGREE,v19|11-number|eleven_plus|secure|lesson|place value and rounding,11-number,Place value and rounding,independentPractice[0],1,Round $5.68$ to the nearest tenth.,$5.7$,5.7,rounding_number_line
AGREE,v19|11-number|eleven_plus|secure|lesson|place value and rounding,11-number,Place value and rounding,independentPractice[1],1,Round $2.41$ to the nearest tenth.,$2.4$,2.4,rounding_number_line
DISAGREE,v19|11-number|eleven_plus|secure|lesson|place value and rounding,11-number,Place value and rounding,independentPractice[2],1,Round $9.95$ to the nearest tenth.,$10.0$,9.9,rounding_number_line
UNVERIFIABLE,v19|y6m-ratio|curriculum|secure|guided|ratio and the ratio symbol,y6m-ratio,Ratio and the ratio symbol,workedExample,0,A box has $4$ green cubes and $6$ yellow cubes. Write the ratio of green cubes to yellow cubes.,The ratio of green cubes to yellow cubes is $4:6$.,,
UNVERIFIABLE,v19|y6m-ratio|curriculum|secure|guided|ratio and the ratio symbol,y6m-ratio,Ratio and the ratio symbol,tryThis,0,There are $5$ apples and $3$ pears. Write the ratio of apples to pears.,$5:3$,,
AGREE,v19|y6m-ratio|curriculum|secure|guided|ratio and the ratio symbol,y6m-ratio,Ratio and the ratio symbol,quickCheck,0,There are $4$ cats and $9$ dogs. Which ratio means cats to dogs: $4:9$ or $9:4$?,$4:9$,4:9,ratio_table
UNVERIFIABLE,v19|y6m-ratio|curriculum|secure|guided|ratio and the ratio symbol,y6m-ratio,Ratio and the ratio symbol,guidedPractice[0],0,A tray has $7$ red counters and $2$ blue counters. Write the ratio of red counters to blue counters.,$7:2$,,
UNVERIFIABLE,v19|y6m-ratio|curriculum|secure|guided|ratio and the ratio symbol,y6m-ratio,Ratio and the ratio symbol,guidedPractice[1],0,A garden has $3$ roses and $8$ tulips. Write the ratio of tulips to roses.,$8:3$,,
UNVERIFIABLE,v19|y6m-ratio|curriculum|secure|guided|ratio and the ratio symbol,y6m-ratio,Ratio and the ratio symbol,guidedPractice[2],0,A pencil case has $6$ pencils and $6$ pens. Write the ratio of pencils to pens.,$6:6$,,
UNVERIFIABLE,v19|y6m-ratio|curriculum|secure|guided|ratio and the ratio symbol,y6m-ratio,Ratio and the ratio symbol,independentPractice[0],0,There are $9$ footballs and $4$ basketballs. Write the ratio of footballs to basketballs.,$9:4$,,
UNVERIFIABLE,v19|y6m-ratio|curriculum|secure|guided|ratio and the ratio symbol,y6m-ratio,Ratio and the ratio symbol,independentPractice[1],0,There are $2$ purple beads and $7$ orange beads. Write the ratio of orange beads to purple beads.,$7:2$,,
UNVERIFIABLE,v19|y6m-ratio|curriculum|secure|guided|ratio and the ratio symbol,y6m-ratio,Ratio and the ratio symbol,independentPractice[2],0,A class has $10$ fiction books and $5$ non-fiction books. Write the ratio of fiction books to non-fiction books.,$10:5$,,
AGREE,v19|y6m-decimals|curriculum|secure|guided|decimals as fractions,y6m-decimals,Decimals as fractions,workedExample,0,Write $0.37$ as a fraction.,37,37,place_value_chart
UNVERIFIABLE,v19|y6m-decimals|curriculum|secure|guided|decimals as fractions,y6m-decimals,Decimals as fractions,tryThis,0,Write $0.6$ as a fraction.,$0.6 = \frac{6}{10}$,,
DISAGREE,v19|y6m-decimals|curriculum|secure|guided|decimals as fractions,y6m-decimals,Decimals as fractions,quickCheck,0,Which fraction is equal to $0.16$: $\frac{16}{10}$ or $\frac{16}{100}$?,$\frac{16}{100}$,1.6,place_value_shift
UNVERIFIABLE,v19|y6m-decimals|curriculum|secure|guided|decimals as fractions,y6m-decimals,Decimals as fractions,guidedPractice[0],0,Write $0.4$ as a fraction.,$0.4 = \frac{4}{10}$,,
DISAGREE,v19|y6m-decimals|curriculum|secure|guided|decimals as fractions,y6m-decimals,Decimals as fractions,guidedPractice[1],0,Write $0.25$ as a fraction.,$0.25 = \frac{25}{100}$,25,place_value_chart
DISAGREE,v19|y6m-decimals|curriculum|secure|guided|decimals as fractions,y6m-decimals,Decimals as fractions,guidedPractice[2],0,Write $0.09$ as a fraction.,$0.09 = \frac{9}{100}$,9,place_value_chart
UNVERIFIABLE,v19|y6m-decimals|curriculum|secure|guided|decimals as fractions,y6m-decimals,Decimals as fractions,independentPractice[0],0,Write $0.7$ as a fraction.,$0.7 = \frac{7}{10}$,,
DISAGREE,v19|y6m-decimals|curriculum|secure|guided|decimals as fractions,y6m-decimals,Decimals as fractions,independentPractice[1],0,Write $0.42$ as a fraction.,$0.42 = \frac{42}{100}$,42,place_value_chart
DISAGREE,v19|y6m-decimals|curriculum|secure|guided|decimals as fractions,y6m-decimals,Decimals as fractions,independentPractice[2],0,Write $0.80$ as a fraction.,$0.80 = \frac{80}{100}$,80,place_value_chart
UNVERIFIABLE,v19|y6m-statistics|curriculum|secure|guided|read and interpret line graphs,y6m-statistics,Read and interpret line graphs,workedExample,0,A line graph shows the number of pages Maya read each day. How many pages did she read on Wednesday?,20,,
UNVERIFIABLE,v19|y6m-statistics|curriculum|secure|guided|read and interpret line graphs,y6m-statistics,Read and interpret line graphs,tryThis,0,"Using the line graph, how many pages did Maya read on Friday?",Maya read $25$ pages on Friday.,,
UNVERIFIABLE,v19|y6m-statistics|curriculum|secure|guided|read and interpret line graphs,y6m-statistics,Read and interpret line graphs,quickCheck,0,"On a line graph, a point is above Thursday and level with $35$ on the vertical axis. What does the point show?",It shows a value of $35$ on Thursday.,,
UNVERIFIABLE,v19|y6m-statistics|curriculum|secure|guided|read and interpret line graphs,y6m-statistics,Read and interpret line graphs,guidedPractice[0],0,How many pages did Maya read on Tuesday?,Maya read $15$ pages.,,
UNVERIFIABLE,v19|y6m-statistics|curriculum|secure|guided|read and interpret line graphs,y6m-statistics,Read and interpret line graphs,guidedPractice[1],0,How many pages did Maya read on Thursday?,Maya read $15$ pages.,,
UNVERIFIABLE,v19|y6m-statistics|curriculum|secure|guided|read and interpret line graphs,y6m-statistics,Read and interpret line graphs,guidedPractice[2],0,On which day did Maya read $10$ pages?,Maya read $10$ pages on Monday.,,
UNVERIFIABLE,v19|y6m-statistics|curriculum|secure|guided|read and interpret line graphs,y6m-statistics,Read and interpret line graphs,independentPractice[0],0,A line graph has a point above Saturday level with $30$ on the vertical axis. How many items were collected on Saturday?,$30$ items were collected on Saturday.,,
AGREE,v19|y6m-statistics|curriculum|secure|guided|read and interpret line graphs,y6m-statistics,Read and interpret line graphs,independentPractice[1],0,A line graph shows a point above $2$ pm level with $45$ litres. What value does the point show?,The point shows $45$ litres.,45,place_value_chart
UNVERIFIABLE,v19|y6m-area-perimeter-volume|curriculum|secure|guided|area and perimeter,y6m-area-perimeter-volume,Area and perimeter,workedExample,0,A rectangle is $8\text{ cm}$ long and $5\text{ cm}$ wide. Find its area and perimeter.,The area is $40\text{ cm}^2$ and the perimeter is $26\text{ cm}$.,,
UNVERIFIABLE,v19|y6m-area-perimeter-volume|curriculum|secure|guided|area and perimeter,y6m-area-perimeter-volume,Area and perimeter,tryThis,0,A rectangle is $9\text{ cm}$ long and $4\text{ cm}$ wide. Find its area and perimeter.,Area: $9 \times 4 = 36\text{ cm}^2$. Perimeter: $9 + 4 + 9 + 4 = 26\text{ cm}$.,,
UNVERIFIABLE,v19|y6m-area-perimeter-volume|curriculum|secure|guided|area and perimeter,y6m-area-perimeter-volume,Area and perimeter,quickCheck,0,Which unit is correct for the area of a rectangle: $\text{cm}$ or $\text{cm}^2$?,"$\text{cm}^2$, because area measures square spaces inside a shape.",,
UNVERIFIABLE,v19|y6m-area-perimeter-volume|curriculum|secure|guided|area and perimeter,y6m-area-perimeter-volume,Area and perimeter,guidedPractice[0],0,A rectangle is $7\text{ cm}$ long and $3\text{ cm}$ wide. Find its area and perimeter.,Area: $21\text{ cm}^2$. Perimeter: $20\text{ cm}$.,,
UNVERIFIABLE,v19|y6m-area-perimeter-volume|curriculum|secure|guided|area and perimeter,y6m-area-perimeter-volume,Area and perimeter,guidedPractice[1],0,A rectangle is $12\text{ m}$ long and $6\text{ m}$ wide. Find its area and perimeter.,Area: $72\text{ m}^2$. Perimeter: $36\text{ m}$.,,
UNVERIFIABLE,v19|y6m-area-perimeter-volume|curriculum|secure|guided|area and perimeter,y6m-area-perimeter-volume,Area and perimeter,independentPractice[0],0,A rectangle is $10\text{ cm}$ long and $7\text{ cm}$ wide. Find its area and perimeter.,Area: $70\text{ cm}^2$. Perimeter: $34\text{ cm}$.,,
UNVERIFIABLE,v19|y6m-area-perimeter-volume|curriculum|secure|guided|area and perimeter,y6m-area-perimeter-volume,Area and perimeter,independentPractice[1],0,A rectangle is $15\text{ m}$ long and $4\text{ m}$ wide. Find its area and perimeter.,Area: $60\text{ m}^2$. Perimeter: $38\text{ m}$.,,
AGREE,"v19|y6m-place-value|curriculum|secure|guided|numbers to 1,000,000",y6m-place-value,"Numbers to 1,000,000",workedExample,1,"Write $406,072$ in words.","406,072","406,072",place_value_chart
AGREE,"v19|y6m-place-value|curriculum|secure|guided|numbers to 1,000,000",y6m-place-value,"Numbers to 1,000,000",tryThis,1,"Write $530,408$ in words.","$530,408$ is five hundred and thirty thousand, four hundred and eight.","530,408",place_value_chart
UNVERIFIABLE,"v19|y6m-place-value|curriculum|secure|guided|numbers to 1,000,000",y6m-place-value,"Numbers to 1,000,000",quickCheck,1,"What is the value of the digit $5$ in $154,203$?","The digit $5$ has a value of $50,000$.",,
AGREE,"v19|y6m-place-value|curriculum|secure|guided|numbers to 1,000,000",y6m-place-value,"Numbers to 1,000,000",guidedPractice[0],1,"Write $218,305$ in words.","$218,305$ is two hundred and eighteen thousand, three hundred and five.","218,305",place_value_chart
AGREE,"v19|y6m-place-value|curriculum|secure|guided|numbers to 1,000,000",y6m-place-value,"Numbers to 1,000,000",guidedPractice[1],1,"Write $700,046$ in words.","$700,046$ is seven hundred thousand and forty-six.","700,046",place_value_chart
UNVERIFIABLE,"v19|y6m-place-value|curriculum|secure|guided|numbers to 1,000,000",y6m-place-value,"Numbers to 1,000,000",guidedPractice[2],1,Write six hundred and four thousand and nineteen as a numeral.,"$604,019$",,
AGREE,"v19|y6m-place-value|curriculum|secure|guided|numbers to 1,000,000",y6m-place-value,"Numbers to 1,000,000",independentPractice[0],1,"Write $950,120$ in words.","$950,120$ is nine hundred and fifty thousand, one hundred and twenty.","950,120",place_value_chart
AGREE,"v19|y6m-place-value|curriculum|secure|guided|numbers to 1,000,000",y6m-place-value,"Numbers to 1,000,000",independentPractice[1],1,"Write $301,007$ in words.","$301,007$ is three hundred and one thousand and seven.","301,007",place_value_chart
UNVERIFIABLE,"v19|y6m-place-value|curriculum|secure|guided|numbers to 1,000,000",y6m-place-value,"Numbers to 1,000,000",independentPractice[2],1,"Write eight hundred and twenty thousand, three hundred and four as a numeral.","$820,304$",,
UNVERIFIABLE,v19|y6m-shape|curriculum|secure|guided|measure and classify angles,y6m-shape,Measure and classify angles,workedExample,1,Measure angle $ABC$ and classify it.,Angle $ABC$ is $125°$. It is an obtuse angle.,,
DISAGREE,v19|y6m-shape|curriculum|secure|guided|measure and classify angles,y6m-shape,Measure and classify angles,tryThis,1,A protractor shows an angle of $68°$. Measure and classify the angle.,The angle is $68°$. It is acute because $68°$ is less than $90°$.,68,place_value_chart
DISAGREE,v19|y6m-shape|curriculum|secure|guided|measure and classify angles,y6m-shape,Measure and classify angles,quickCheck,1,A pupil lines up one arm with $0°$ and reads $89°$. How should they classify the angle?,It is acute because $89°$ is less than $90°$.,91°,angle_diagram
DISAGREE,v19|y6m-shape|curriculum|secure|guided|measure and classify angles,y6m-shape,Measure and classify angles,guidedPractice[0],1,An angle measures $42°$. Classify it.,It is an acute angle because $42° < 90°$.,138°,angle_diagram
DISAGREE,v19|y6m-shape|curriculum|secure|guided|measure and classify angles,y6m-shape,Measure and classify angles,guidedPractice[1],1,An angle measures $90°$. Classify it.,It is a right angle.,90°,angle_diagram
DISAGREE,v19|y6m-shape|curriculum|secure|guided|measure and classify angles,y6m-shape,Measure and classify angles,guidedPractice[2],1,An angle measures $146°$. Classify it.,It is an obtuse angle because $90° < 146° < 180°$.,34°,angle_diagram
AGREE,v19|y6m-shape|curriculum|secure|guided|measure and classify angles,y6m-shape,Measure and classify angles,independentPractice[0],1,Measure an angle shown as $73°$ and classify it.,The angle is $73°$ and it is acute.,73,place_value_chart
AGREE,v19|y6m-shape|curriculum|secure|guided|measure and classify angles,y6m-shape,Measure and classify angles,independentPractice[1],1,Measure an angle shown as $118°$ and classify it.,The angle is $118°$ and it is obtuse.,118,place_value_chart
AGREE,v19|y6m-shape|curriculum|secure|guided|measure and classify angles,y6m-shape,Measure and classify angles,independentPractice[2],1,Measure an angle shown as $90°$ and classify it.,The angle is $90°$ and it is a right angle.,90,place_value_chart
UNVERIFIABLE,v19|y6m-converting-units|curriculum|secure|guided|metric measures,y6m-converting-units,Metric measures,workedExample,1,Convert $4\text{ m}$ to centimetres.,$4\text{ m}=400\text{ cm}$,,
UNVERIFIABLE,v19|y6m-converting-units|curriculum|secure|guided|metric measures,y6m-converting-units,Metric measures,tryThis,1,Convert $7\text{ m}$ to centimetres.,$7\text{ m}=700\text{ cm}$,,
DISAGREE,v19|y6m-converting-units|curriculum|secure|guided|metric measures,y6m-converting-units,Metric measures,quickCheck,1,Which is correct: $9\text{ m}=90\text{ cm}$ or $9\text{ m}=900\text{ cm}$?,$9\text{ m}=900\text{ cm}$,m = 10,linear_equation
UNVERIFIABLE,v19|y6m-converting-units|curriculum|secure|guided|metric measures,y6m-converting-units,Metric measures,guidedPractice[0],1,Convert $3\text{ m}$ to centimetres.,$3\text{ m}=300\text{ cm}$,,
UNVERIFIABLE,v19|y6m-converting-units|curriculum|secure|guided|metric measures,y6m-converting-units,Metric measures,guidedPractice[1],1,Convert $12\text{ m}$ to centimetres.,$12\text{ m}=1200\text{ cm}$,,
UNVERIFIABLE,v19|y6m-converting-units|curriculum|secure|guided|metric measures,y6m-converting-units,Metric measures,guidedPractice[2],1,Convert $25\text{ m}$ to centimetres.,$25\text{ m}=2500\text{ cm}$,,
UNVERIFIABLE,v19|y6m-converting-units|curriculum|secure|guided|metric measures,y6m-converting-units,Metric measures,independentPractice[0],1,Convert $6\text{ m}$ to centimetres.,$6\text{ m}=600\text{ cm}$,,
UNVERIFIABLE,v19|y6m-converting-units|curriculum|secure|guided|metric measures,y6m-converting-units,Metric measures,independentPractice[1],1,Convert $18\text{ m}$ to centimetres.,$18\text{ m}=1800\text{ cm}$,,
UNVERIFIABLE,v19|y6m-converting-units|curriculum|secure|guided|metric measures,y6m-converting-units,Metric measures,independentPractice[2],1,Convert $50\text{ m}$ to centimetres.,$50\text{ m}=5000\text{ cm}$,,
AGREE,v19|y6m-algebra|curriculum|secure|guided|one-step and two-step function machines,y6m-algebra,One-step and two-step function machines,workedExample,7,A machine has the rules $\times 3$ then $+ 5$. What is the output when the input is $4$?,14,14,function_machine
AGREE,v19|y6m-algebra|curriculum|secure|guided|one-step and two-step function machines,y6m-algebra,One-step and two-step function machines,tryThis,7,A machine has the rules $+ 7$ then $\times 2$. Find the output for input $6$.,26,26,function_machine
AGREE,v19|y6m-algebra|curriculum|secure|guided|one-step and two-step function machines,y6m-algebra,One-step and two-step function machines,quickCheck,7,A machine has the rules $\div 2$ then $+ 9$. What is the output for input $18$?,18,18,function_machine
AGREE,v19|y6m-algebra|curriculum|secure|guided|one-step and two-step function machines,y6m-algebra,One-step and two-step function machines,guidedPractice[0],7,A one-step machine has the rule $\times 4$. What is the output for input $7$?,28,28,function_machine
AGREE,v19|y6m-algebra|curriculum|secure|guided|one-step and two-step function machines,y6m-algebra,One-step and two-step function machines,guidedPractice[1],7,A two-step machine has the rules $+ 6$ then $\times 2$. What is the output for input $5$?,22,22,function_machine
AGREE,v19|y6m-algebra|curriculum|secure|guided|one-step and two-step function machines,y6m-algebra,One-step and two-step function machines,guidedPractice[2],7,A two-step machine has the rules $\times 5$ then $- 3$. What is the output for input $8$?,37,37,function_machine
AGREE,v19|y6m-algebra|curriculum|secure|guided|one-step and two-step function machines,y6m-algebra,One-step and two-step function machines,independentPractice[0],7,A one-step machine has the rule $+ 9$. What is the output for input $14$?,23,23,function_machine
AGREE,v19|y6m-algebra|curriculum|secure|guided|one-step and two-step function machines,y6m-algebra,One-step and two-step function machines,independentPractice[1],7,A two-step machine has the rules $\times 2$ then $+ 8$. What is the output for input $9$?,26,26,function_machine
AGREE,v19|y6m-algebra|curriculum|secure|guided|one-step and two-step function machines,y6m-algebra,One-step and two-step function machines,independentPractice[2],7,A two-step machine has the rules $- 4$ then $\times 3$. What is the output for input $15$?,33,33,function_machine
AGREE,"v19|y6m-fdp|curriculum|secure|guided|equivalent fractions, decimals and percentages",y6m-fdp,"Equivalent fractions, decimals and percentages",workedExample,7,Write $\frac{3}{4}$ as a decimal and a percentage.,3/4 = 0.75 = 75%,3/4 = 0.75 = 75%,fdp_equivalence
AGREE,"v19|y6m-fdp|curriculum|secure|guided|equivalent fractions, decimals and percentages",y6m-fdp,"Equivalent fractions, decimals and percentages",tryThis,7,Write $\frac{1}{2}$ as a decimal and a percentage.,1/2 = 0.5 = 50%,1/2 = 0.5 = 50%,fdp_equivalence
UNVERIFIABLE,"v19|y6m-fdp|curriculum|secure|guided|equivalent fractions, decimals and percentages",y6m-fdp,"Equivalent fractions, decimals and percentages",quickCheck,7,"Which is equivalent to $0.25$: $\frac{1}{2}$, $25\%$, or $75\%$?",1/2 = 0.5 = 50%,,
UNVERIFIABLE,"v19|y6m-fdp|curriculum|secure|guided|equivalent fractions, decimals and percentages",y6m-fdp,"Equivalent fractions, decimals and percentages",guidedPractice[0],7,Complete: $\frac{1}{4}=\square=\square\%$.,$\frac{1}{4}=0.25=25\%$,,
UNVERIFIABLE,"v19|y6m-fdp|curriculum|secure|guided|equivalent fractions, decimals and percentages",y6m-fdp,"Equivalent fractions, decimals and percentages",guidedPractice[1],7,Complete: $0.6=\frac{\square}{100}=\square\%$.,$0.6=\frac{60}{100}=60\%$,,
UNVERIFIABLE,"v19|y6m-fdp|curriculum|secure|guided|equivalent fractions, decimals and percentages",y6m-fdp,"Equivalent fractions, decimals and percentages",guidedPractice[2],7,Complete: $40\%=\frac{\square}{100}=\square$.,$40\%=\frac{40}{100}=0.4$,,
AGREE,"v19|y6m-fdp|curriculum|secure|guided|equivalent fractions, decimals and percentages",y6m-fdp,"Equivalent fractions, decimals and percentages",independentPractice[0],7,Write $\frac{1}{5}$ as a decimal and a percentage.,1/5 = 0.2 = 20%,1/5 = 0.2 = 20%,fdp_equivalence
AGREE,"v19|y6m-fdp|curriculum|secure|guided|equivalent fractions, decimals and percentages",y6m-fdp,"Equivalent fractions, decimals and percentages",independentPractice[1],7,Write $0.45$ as a fraction out of $100$ and a percentage.,45,45,place_value_chart
AGREE,"v19|y6m-fdp|curriculum|secure|guided|equivalent fractions, decimals and percentages",y6m-fdp,"Equivalent fractions, decimals and percentages",independentPractice[2],7,Write $90\%$ as a fraction out of $100$ and a decimal.,90,90,place_value_chart
UNVERIFIABLE,v19|y6m-position-direction|curriculum|secure|guided|coordinates in four quadrants,y6m-position-direction,Coordinates in four quadrants,workedExample,0,What are the coordinates of point $P$?,"(-3,-2)",,
UNVERIFIABLE,v19|y6m-position-direction|curriculum|secure|guided|coordinates in four quadrants,y6m-position-direction,Coordinates in four quadrants,tryThis,0,Point $R$ is $4$ spaces right and $3$ spaces down from the origin. What are its coordinates?,"$R = (4, -3)$",,
AGREE,v19|y6m-position-direction|curriculum|secure|guided|coordinates in four quadrants,y6m-position-direction,Coordinates in four quadrants,quickCheck,0,"Which coordinate is in Quadrant $2$: $(3, 2)$, $(-3, 2)$, $(-3, -2)$, or $(3, -2)$?","(-3,2)","(-3,2)",coordinate_plot
UNVERIFIABLE,v19|y6m-position-direction|curriculum|secure|guided|coordinates in four quadrants,y6m-position-direction,Coordinates in four quadrants,guidedPractice[0],0,Point $A$ is $2$ spaces right and $4$ spaces up from the origin. Write its coordinates.,"$A = (2, 4)$",,
UNVERIFIABLE,v19|y6m-position-direction|curriculum|secure|guided|coordinates in four quadrants,y6m-position-direction,Coordinates in four quadrants,guidedPractice[1],0,Point $B$ is $5$ spaces left and $1$ space up from the origin. Write its coordinates.,"$B = (-5, 1)$",,
UNVERIFIABLE,v19|y6m-position-direction|curriculum|secure|guided|coordinates in four quadrants,y6m-position-direction,Coordinates in four quadrants,guidedPractice[2],0,Point $C$ is $1$ space left and $4$ spaces down from the origin. Write its coordinates.,"$C = (-1, -4)$",,
UNVERIFIABLE,v19|y6m-position-direction|curriculum|secure|guided|coordinates in four quadrants,y6m-position-direction,Coordinates in four quadrants,independentPractice[0],0,Point $D$ is $4$ spaces right and $2$ spaces up from the origin. Write its coordinates.,"$D = (4, 2)$",,
UNVERIFIABLE,v19|y6m-position-direction|curriculum|secure|guided|coordinates in four quadrants,y6m-position-direction,Coordinates in four quadrants,independentPractice[1],0,Point $E$ is $3$ spaces left and $5$ spaces up from the origin. Write its coordinates.,"$E = (-3, 5)$",,
UNVERIFIABLE,v19|y6m-position-direction|curriculum|secure|guided|coordinates in four quadrants,y6m-position-direction,Coordinates in four quadrants,independentPractice[2],0,Point $F$ is $2$ spaces right and $4$ spaces down from the origin. Write its coordinates.,"$F = (2, -4)$",,
UNVERIFIABLE,v19|y6m-add-subtract|curriculum|secure|guided|add and subtract integers,y6m-add-subtract,Add and subtract integers,workedExample,9,"$4,786 + 2,659$",788,,
UNVERIFIABLE,v19|y6m-add-subtract|curriculum|secure|guided|add and subtract integers,y6m-add-subtract,Add and subtract integers,tryThis,9,"$3,478 + 1,856$","$5,334$",,
UNVERIFIABLE,v19|y6m-add-subtract|curriculum|secure|guided|add and subtract integers,y6m-add-subtract,Add and subtract integers,quickCheck,9,"$6,432 + 1,589$","$8,021$",,
UNVERIFIABLE,v19|y6m-add-subtract|curriculum|secure|guided|add and subtract integers,y6m-add-subtract,Add and subtract integers,guidedPractice[0],9,"$2,367 + 1,485$","$3,852$",,
UNVERIFIABLE,v19|y6m-add-subtract|curriculum|secure|guided|add and subtract integers,y6m-add-subtract,Add and subtract integers,guidedPractice[1],9,"$6,204 - 1,738$","$4,466$",,
UNVERIFIABLE,v19|y6m-add-subtract|curriculum|secure|guided|add and subtract integers,y6m-add-subtract,Add and subtract integers,guidedPractice[2],9,"$5,000 - 2,476$","$2,524$",,
UNVERIFIABLE,v19|y6m-add-subtract|curriculum|secure|guided|add and subtract integers,y6m-add-subtract,Add and subtract integers,independentPractice[0],9,"$4,529 + 3,764$","$8,293$",,
UNVERIFIABLE,v19|y6m-add-subtract|curriculum|secure|guided|add and subtract integers,y6m-add-subtract,Add and subtract integers,independentPractice[1],9,"$8,203 - 4,568$","$3,635$",,
UNVERIFIABLE,v19|y6m-add-subtract|curriculum|secure|guided|add and subtract integers,y6m-add-subtract,Add and subtract integers,independentPractice[2],9,"$7,000 - 3,849$","$3,151$",,
UNVERIFIABLE,v4|y6m-mult-div|curriculum|secure|lesson,y6m-mult-div,,workedExample,7,Calculate $23 \times 47$ using long multiplication.,1081,,
UNVERIFIABLE,v4|y6m-mult-div|curriculum|secure|lesson,y6m-mult-div,,tryThis,7,Try $34 \times 29$ using long multiplication.,The answer is $986$.,,
UNVERIFIABLE,v19|11-geometry|eleven_plus|secure|lesson|angles and angle rules,11-geometry,Angles and angle rules,workedExample,1,Find the missing angle $x$ on the straight line.,$x = 67°$,,
AGREE,v19|11-geometry|eleven_plus|secure|lesson|angles and angle rules,11-geometry,Angles and angle rules,tryThis,1,"A straight line is split into angles of $72°$, $39°$ and $y$. Find $y$.",$y = 69°$,69°,angle_diagram
AGREE,v19|11-geometry|eleven_plus|secure|lesson|angles and angle rules,11-geometry,Angles and angle rules,quickCheck,1,Angles of $110°$ and $f$ sit on a straight line. Find $f$.,$f = 70°$,70°,angle_diagram
AGREE,v19|11-geometry|eleven_plus|secure|lesson|angles and angle rules,11-geometry,Angles and angle rules,guidedPractice[0],1,"A straight line is split into $54°$, $61°$ and $a$. Find $a$.",$a = 65°$,65°,angle_diagram
AGREE,v19|11-geometry|eleven_plus|secure|lesson|angles and angle rules,11-geometry,Angles and angle rules,guidedPractice[1],1,"A straight line is split into $87°$, $26°$ and $b$. Find $b$.",$b = 67°$,67°,angle_diagram
AGREE,v19|11-geometry|eleven_plus|secure|lesson|angles and angle rules,11-geometry,Angles and angle rules,independentPractice[0],1,"A straight line is split into $45°$, $78°$ and $c$. Find $c$.",$c = 57°$,57°,angle_diagram
AGREE,v19|11-geometry|eleven_plus|secure|lesson|angles and angle rules,11-geometry,Angles and angle rules,independentPractice[1],1,"A straight line is split into $92°$, $35°$ and $d$. Find $d$.",$d = 53°$,53°,angle_diagram
AGREE,v19|11-geometry|eleven_plus|secure|lesson|angles and angle rules,11-geometry,Angles and angle rules,independentPractice[2],1,"A straight line is split into $64°$, $49°$ and $e$. Find $e$.",$e = 67°$,67°,angle_diagram
AGREE,v19|y6m-fractions|curriculum|secure|lesson|divide fractions by integers,y6m-fractions,Divide fractions by integers,workedExample,15,$\frac{6}{8} \div 3$,1/4,1/4,fraction_ops
DISAGREE,v19|y6m-fractions|curriculum|secure|lesson|divide fractions by integers,y6m-fractions,Divide fractions by integers,tryThis,15,$\frac{8}{10} \div 4$,$\frac{2}{10}$,0.8,place_value_shift
AGREE,v19|y6m-fractions|curriculum|secure|lesson|divide fractions by integers,y6m-fractions,Divide fractions by integers,quickCheck,15,$\frac{14}{18} \div 2$,$\frac{7}{18}$,7/18,fraction_ops
AGREE,v19|y6m-fractions|curriculum|secure|lesson|divide fractions by integers,y6m-fractions,Divide fractions by integers,guidedPractice[0],15,$\frac{9}{12} \div 3$,$\frac{3}{12}$,1/4,fraction_ops
AGREE,v19|y6m-fractions|curriculum|secure|lesson|divide fractions by integers,y6m-fractions,Divide fractions by integers,guidedPractice[1],15,$\frac{8}{15} \div 4$,$\frac{2}{15}$,2/15,fraction_ops
AGREE,v19|y6m-fractions|curriculum|secure|lesson|divide fractions by integers,y6m-fractions,Divide fractions by integers,independentPractice[0],15,$\frac{10}{14} \div 5$,$\frac{2}{14}$,1/7,fraction_ops
AGREE,v19|y6m-fractions|curriculum|secure|lesson|divide fractions by integers,y6m-fractions,Divide fractions by integers,independentPractice[1],15,$\frac{12}{20} \div 3$,$\frac{4}{20}$,1/5,fraction_ops
AGREE,v19|y6m-fractions|curriculum|secure|lesson|divide fractions by integers,y6m-fractions,Divide fractions by integers,independentPractice[2],15,$\frac{15}{16} \div 5$,$\frac{3}{16}$,3/16,fraction_ops
AGREE,v4|y5m-fractions|curriculum|secure|guided,y5m-fractions,,workedExample,0,How do you compare and order $\frac{3}{4}$ and $\frac{2}{3}$?,$\frac{3}{4}$ is greater than $\frac{2}{3}$,"2/3, 3/4",fraction_number_line
AGREE,v4|y5m-fractions|curriculum|secure|guided,y5m-fractions,,tryThis,0,"Order these fractions from smallest to largest: $\frac{1}{3}$, $\frac{3}{5}$, $\frac{2}{4}$.","$\frac{1}{3}$, $\frac{2}{4}$, $\frac{3}{5}$","1/3, 1/2, 3/5",fraction_number_line
UNVERIFIABLE,v4|y5m-add-subtract|curriculum|secure|guided,y5m-add-subtract,,workedExample,0,What is $14567 + 3268$?,17835,,
UNVERIFIABLE,v4|y5m-add-subtract|curriculum|secure|guided,y5m-add-subtract,,tryThis,0,What is $52389 - 2741$?,$49648$,,
AGREE,v4|y5m-place-value|curriculum|secure|lesson,y5m-place-value,,workedExample,1,"Round $23,456$ to the nearest $1,000$","$23,000$",23000,rounding_number_line
UNVERIFIABLE,v4|y5m-place-value|curriculum|secure|lesson,y5m-place-value,,tryThis,1,"Compare $456,789$ and $654,321$. Which is larger?","$654,321$ is larger.",,
UNVERIFIABLE,v19|sats-arithmetic|sats|secure|lesson|mental and written four operations,sats-arithmetic,Mental and written four operations,workedExample,1,$36 \times 15$,540,,
UNVERIFIABLE,v19|sats-arithmetic|sats|secure|lesson|mental and written four operations,sats-arithmetic,Mental and written four operations,tryThis,1,$24 \times 13$,$312$,,
UNVERIFIABLE,v19|sats-arithmetic|sats|secure|lesson|mental and written four operations,sats-arithmetic,Mental and written four operations,quickCheck,1,"In $46 \times 12$, why does the second partial product begin in the tens column?","The $1$ represents $1$ ten, or $10$.",,
UNVERIFIABLE,v19|sats-arithmetic|sats|secure|lesson|mental and written four operations,sats-arithmetic,Mental and written four operations,guidedPractice[0],1,$23 \times 12$,$276$,,
UNVERIFIABLE,v19|sats-arithmetic|sats|secure|lesson|mental and written four operations,sats-arithmetic,Mental and written four operations,guidedPractice[1],1,$42 \times 14$,$588$,,
UNVERIFIABLE,v19|sats-arithmetic|sats|secure|lesson|mental and written four operations,sats-arithmetic,Mental and written four operations,independentPractice[0],1,$31 \times 16$,$496$,,
UNVERIFIABLE,v19|sats-arithmetic|sats|secure|lesson|mental and written four operations,sats-arithmetic,Mental and written four operations,independentPractice[1],1,$27 \times 13$,$351$,,
UNVERIFIABLE,v19|sats-arithmetic|sats|secure|lesson|mental and written four operations,sats-arithmetic,Mental and written four operations,independentPractice[2],1,$54 \times 12$,$648$,,
AGREE,v19|11-fdp|eleven_plus|secure|lesson|equivalence and simplifying fractions,11-fdp,Equivalence and simplifying fractions,workedExample,1,Simplify $\frac{12}{18}$.,2/3,2/3,fraction_simplify
DISAGREE,v19|11-fdp|eleven_plus|secure|lesson|equivalence and simplifying fractions,11-fdp,Equivalence and simplifying fractions,tryThis,1,Simplify $\frac{15}{20}$.,$\frac{15}{20} = \frac{3}{4}$ because the HCF is $5$.,3/4,fraction_simplify
AGREE,v19|11-fdp|eleven_plus|secure|lesson|equivalence and simplifying fractions,11-fdp,Equivalence and simplifying fractions,quickCheck,1,"What is the HCF of $10$ and $25$, and how does $\frac{10}{25}$ simplify?","The HCF is $5$, so $\frac{10}{25} = \frac{2}{5}$.",2/5,fraction_simplify
AGREE,v19|11-fdp|eleven_plus|secure|lesson|equivalence and simplifying fractions,11-fdp,Equivalence and simplifying fractions,guidedPractice[0],1,Simplify $\frac{8}{12}$.,$\frac{8}{12} = \frac{2}{3}$,2/3,fraction_simplify
AGREE,v19|11-fdp|eleven_plus|secure|lesson|equivalence and simplifying fractions,11-fdp,Equivalence and simplifying fractions,guidedPractice[1],1,Simplify $\frac{14}{21}$.,$\frac{14}{21} = \frac{2}{3}$,2/3,fraction_simplify
AGREE,v19|11-fdp|eleven_plus|secure|lesson|equivalence and simplifying fractions,11-fdp,Equivalence and simplifying fractions,independentPractice[0],1,Simplify $\frac{9}{15}$.,$\frac{9}{15} = \frac{3}{5}$,3/5,fraction_simplify
AGREE,v19|11-fdp|eleven_plus|secure|lesson|equivalence and simplifying fractions,11-fdp,Equivalence and simplifying fractions,independentPractice[1],1,Simplify $\frac{16}{24}$.,$\frac{16}{24} = \frac{2}{3}$,2/3,fraction_simplify
AGREE,v19|11-fdp|eleven_plus|secure|lesson|equivalence and simplifying fractions,11-fdp,Equivalence and simplifying fractions,independentPractice[2],1,Simplify $\frac{18}{27}$.,$\frac{18}{27} = \frac{2}{3}$,2/3,fraction_simplify
UNVERIFIABLE,v4|y5m-mult-div-a|curriculum|secure|lesson,y5m-mult-div-a,,workedExample,2,Multiply $250$ by $1000$,"$250,000$",,
UNVERIFIABLE,v4|y5m-mult-div-a|curriculum|secure|lesson,y5m-mult-div-a,,tryThis,2,Divide $500$ by $100$.,$5$,,
UNVERIFIABLE,v4|y6m-mult-div|curriculum|secure|guided,y6m-mult-div,,workedExample,3,Find out what $36 \times 15$ equals.,540,,
UNVERIFIABLE,v4|y6m-mult-div|curriculum|secure|guided,y6m-mult-div,,tryThis,3,What is $24 \times 12$?,288,,
AGREE,v4|y5m-place-value|curriculum|greater_depth|guided,y5m-place-value,,workedExample,0,"Round $47,528$ to the nearest $10,000$.",50000,50000,rounding_number_line
UNVERIFIABLE,v4|y5m-place-value|curriculum|greater_depth|guided,y5m-place-value,,tryThis,0,"What is $753,829$ rounded to the nearest $100,000$?","$800,000$",,
AGREE,v4|y5m-fractions|curriculum|greater_depth|lesson,y5m-fractions,,workedExample,0,"Compare and order $\frac{1}{2}$, $\frac{3}{4}$, and $\frac{2}{3}$.","$\frac{1}{2}$, $\frac{2}{3}$, $\frac{3}{4}$","1/2, 2/3, 3/4",fraction_number_line
AGREE,v4|y5m-fractions|curriculum|greater_depth|lesson,y5m-fractions,,tryThis,0,"Order these fractions: $\frac{5}{6}$, $\frac{2}{3}$, $\frac{3}{4}$.","$\frac{2}{3}$, $\frac{3}{4}$, $\frac{5}{6}$","2/3, 3/4, 5/6",fraction_number_line
AGREE,v4|y5m-fractions|curriculum|greater_depth|guided,y5m-fractions,,workedExample,0,Compare $\frac{3}{4}$ and $\frac{5}{8}$,$\frac{3}{4}$ is greater than $\frac{5}{8}$,"5/8, 3/4",fraction_number_line
UNVERIFIABLE,v4|y5m-fractions|curriculum|greater_depth|guided,y5m-fractions,,tryThis,0,Which is larger: $\frac{2}{3}$ or $\frac{3}{5}$?,$\frac{2}{3}$ is larger.,,
AGREE,v16|y5m-fractions|curriculum|greater_depth|lesson,y5m-fractions,,workedExample,0,Let's compare $\frac{3}{4}$ and $\frac{5}{6}$.,$\frac{5}{6}$ is larger,"3/4, 5/6",fraction_number_line
AGREE,v16|y5m-fractions|curriculum|greater_depth|lesson,y5m-fractions,,tryThis,0,Convert $\frac{11}{3}$ to a mixed number.,$3\frac{2}{3}$,3 2/3,fraction_ops
AGREE,v16|y5m-fractions|curriculum|greater_depth|guided,y5m-fractions,,workedExample,0,"Compare and order $\frac{1}{2}$, $\frac{2}{3}$, and $\frac{3}{4}$.","$\frac{1}{2}$, $\frac{2}{3}$, $\frac{3}{4}$","1/2, 2/3, 3/4",fraction_number_line
AGREE,v16|y5m-fractions|curriculum|greater_depth|guided,y5m-fractions,,tryThis,0,"Order the fractions $\frac{3}{5}$, $\frac{1}{4}$, $\frac{2}{3}$.","$\frac{1}{4}$, $\frac{3}{5}$, $\frac{2}{3}$","1/4, 3/5, 2/3",fraction_number_line
AGREE,v16|y5m-fractions|curriculum|secure|guided,y5m-fractions,,workedExample,0,Compare $\frac{3}{4}$ and $\frac{5}{8}$.,$\frac{3}{4}$ is greater than $\frac{5}{8}$,"5/8, 3/4",fraction_number_line
AGREE,v16|y5m-fractions|curriculum|secure|guided,y5m-fractions,,tryThis,0,Compare $\frac{2}{3}$ and $\frac{3}{5}$ and see which is larger.,$\frac{2}{3}$ is larger than $\frac{3}{5}$,"3/5, 2/3",fraction_number_line
AGREE,v16|y5m-fractions|curriculum|secure|lesson,y5m-fractions,,workedExample,0,Compare $\frac{1}{4}$ and $\frac{3}{8}$,$\frac{3}{8}$ is bigger than $\frac{1}{4}$,"1/4, 3/8",fraction_number_line
AGREE,v16|y5m-fractions|curriculum|secure|lesson,y5m-fractions,,tryThis,0,Convert $\frac{7}{4}$ to a mixed number.,$1\frac{3}{4}$,1 3/4,fraction_ops
AGREE,v17|y6m-fractions|curriculum|secure|lesson,y6m-fractions,Simplify fractions,workedExample,0,Compare $\frac{1}{4}$ and $\frac{3}{8}$ using a number line.,$\frac{3}{8}$ is larger than $\frac{1}{4}$.,"1/4, 3/8",fraction_number_line
AGREE,v17|y6m-fractions|curriculum|secure|lesson,y6m-fractions,Simplify fractions,tryThis,0,Compare $\frac{1}{2}$ and $\frac{2}{3}$ using a number line.,$\frac{2}{3}$ is larger.,"1/2, 2/3",fraction_number_line
UNVERIFIABLE,v17|y6m-fractions|curriculum|secure|lesson,y6m-fractions,Simplify fractions,quickCheck,0,What is $\frac{5}{8}$ simplified?,$\frac{5}{8}$ (it's already simplified!),,
AGREE,v17|y6m-fractions|curriculum|secure|lesson,y6m-fractions,Simplify fractions,guidedPractice[0],0,Simplify $\frac{6}{9}$.,$\frac{2}{3}$,2/3,fraction_simplify
AGREE,v17|y6m-fractions|curriculum|secure|lesson,y6m-fractions,Simplify fractions,independentPractice[0],0,"Order these fractions: $\frac{1}{3}$, $\frac{3}{4}$, $\frac{2}{3}$.","$\frac{1}{3}$, $\frac{2}{3}$, $\frac{3}{4}$","1/3, 2/3, 3/4",fraction_number_line
AGREE,v17|y6m-fractions|curriculum|secure|guided,y6m-fractions,Simplify fractions,workedExample,0,Simplify $\frac{12}{16}$,$\frac{3}{4}$,3/4,fraction_simplify
AGREE,v17|y6m-fractions|curriculum|secure|guided,y6m-fractions,Simplify fractions,tryThis,0,Simplify $\frac{18}{24}$,$\frac{3}{4}$,3/4,fraction_simplify
UNVERIFIABLE,v17|y6m-fractions|curriculum|secure|guided,y6m-fractions,Simplify fractions,quickCheck,0,What is $\frac{14}{28}$ simplified?,$\frac{1}{2}$,,
AGREE,v17|y6m-fractions|curriculum|secure|guided,y6m-fractions,Simplify fractions,guidedPractice[0],0,Simplify $\frac{9}{27}$,$\frac{1}{3}$,1/3,fraction_simplify
AGREE,v17|y6m-fractions|curriculum|secure|guided,y6m-fractions,Simplify fractions,independentPractice[0],0,Simplify $\frac{20}{30}$,$\frac{2}{3}$,2/3,fraction_simplify
AGREE,v17|y6m-fractions|curriculum|secure|guided,y6m-fractions,Simplify fractions,independentPractice[1],0,Compare $\frac{3}{4}$ and $\frac{2}{3}$ using a common denominator.,$\frac{3}{4}$ is greater than $\frac{2}{3}$,"2/3, 3/4",fraction_number_line
AGREE,v18|y6m-fractions|curriculum|secure|guided,y6m-fractions,Simplify fractions,workedExample,0,Simplify $\frac{6}{8}$,$\frac{3}{4}$,3/4,fraction_simplify
AGREE,v18|y6m-fractions|curriculum|secure|guided,y6m-fractions,Simplify fractions,tryThis,0,Simplify $\frac{9}{12}$,$\frac{3}{4}$,3/4,fraction_simplify
UNVERIFIABLE,v18|y6m-fractions|curriculum|secure|guided,y6m-fractions,Simplify fractions,quickCheck,0,What is the HCF of 12 and 16?,4,,
AGREE,v18|y6m-fractions|curriculum|secure|guided,y6m-fractions,Simplify fractions,guidedPractice[0],0,Simplify $\frac{10}{15}$,$\frac{2}{3}$,2/3,fraction_simplify
AGREE,v18|y6m-fractions|curriculum|secure|guided,y6m-fractions,Simplify fractions,independentPractice[0],0,Simplify $\frac{16}{20}$,$\frac{4}{5}$,4/5,fraction_simplify
AGREE,v18|y6m-fractions|curriculum|secure|lesson,y6m-fractions,Simplify fractions,workedExample,1,Simplify $\frac{6}{8}$,$\frac{3}{4}$,3/4,fraction_simplify
AGREE,v18|y6m-fractions|curriculum|secure|lesson,y6m-fractions,Simplify fractions,tryThis,1,Simplify $\frac{10}{15}$,$\frac{2}{3}$,2/3,fraction_simplify
UNVERIFIABLE,v18|y6m-fractions|curriculum|secure|lesson,y6m-fractions,Simplify fractions,quickCheck,1,What is the simplified form of $\frac{8}{12}$?,$\frac{2}{3}$,,
AGREE,v18|y6m-fractions|curriculum|secure|lesson,y6m-fractions,Simplify fractions,guidedPractice[0],1,Simplify $\frac{12}{16}$,$\frac{3}{4}$,3/4,fraction_simplify
AGREE,v18|y6m-fractions|curriculum|secure|lesson,y6m-fractions,Simplify fractions,independentPractice[0],1,Simplify $\frac{9}{12}$,$\frac{3}{4}$,3/4,fraction_simplify
AGREE,v18|y6m-fractions|curriculum|secure|lesson,y6m-fractions,Simplify fractions,independentPractice[1],1,Simplify $\frac{14}{20}$,$\frac{7}{10}$,7/10,fraction_simplify
UNVERIFIABLE,v19|y6m-mult-div|curriculum|secure|lesson|long multiplication,y6m-mult-div,Long multiplication,workedExample,18,$36 \times 15$,540,,
UNVERIFIABLE,v19|y6m-mult-div|curriculum|secure|lesson|long multiplication,y6m-mult-div,Long multiplication,tryThis,18,$48 \times 12$,$576$,,
UNVERIFIABLE,v19|y6m-mult-div|curriculum|secure|lesson|long multiplication,y6m-mult-div,Long multiplication,quickCheck,18,$32 \times 11$,$352$,,
UNVERIFIABLE,v19|y6m-mult-div|curriculum|secure|lesson|long multiplication,y6m-mult-div,Long multiplication,guidedPractice[0],18,$23 \times 19$,$437$,,
UNVERIFIABLE,v19|y6m-mult-div|curriculum|secure|lesson|long multiplication,y6m-mult-div,Long multiplication,independentPractice[0],18,$56 \times 14$,$784$,,
UNVERIFIABLE,v19|y6m-mult-div|curriculum|secure|lesson|long multiplication,y6m-mult-div,Long multiplication,independentPractice[1],18,$75 \times 13$,$975$,,
UNVERIFIABLE,v19|y5m-perimeter-area|curriculum|secure|lesson|perimeter of rectangles,y5m-perimeter-area,Perimeter of rectangles,workedExample,33,Find the perimeter of a rectangle with length $8\text{ cm}$ and width $5\text{ cm}$.,$26\text{ cm}$,,
UNVERIFIABLE,v19|y5m-perimeter-area|curriculum|secure|lesson|perimeter of rectangles,y5m-perimeter-area,Perimeter of rectangles,tryThis,33,A rectangle has length $9\text{ cm}$ and width $4\text{ cm}$. Find its perimeter.,"$(9 + 4) \times 2 = 26$, so the perimeter is $26\text{ cm}$.",,
UNVERIFIABLE,v19|y5m-perimeter-area|curriculum|secure|lesson|perimeter of rectangles,y5m-perimeter-area,Perimeter of rectangles,quickCheck,33,A rectangle has sides of $6\text{ cm}$ and $2\text{ cm}$. What is its perimeter?,"$(6 + 2) \times 2 = 16$, so the perimeter is $16\text{ cm}$.",,
UNVERIFIABLE,v19|y5m-perimeter-area|curriculum|secure|lesson|perimeter of rectangles,y5m-perimeter-area,Perimeter of rectangles,guidedPractice[0],33,Find the perimeter of a rectangle with length $7\text{ cm}$ and width $3\text{ cm}$.,"$(7 + 3) \times 2 = 20$, so the perimeter is $20\text{ cm}$.",,
UNVERIFIABLE,v19|y5m-perimeter-area|curriculum|secure|lesson|perimeter of rectangles,y5m-perimeter-area,Perimeter of rectangles,guidedPractice[1],33,Find the perimeter of a rectangle with length $12\text{ m}$ and width $6\text{ m}$.,"$(12 + 6) \times 2 = 36$, so the perimeter is $36\text{ m}$.",,
UNVERIFIABLE,v19|y5m-perimeter-area|curriculum|secure|lesson|perimeter of rectangles,y5m-perimeter-area,Perimeter of rectangles,independentPractice[0],33,Find the perimeter of a rectangle with length $10\text{ cm}$ and width $4\text{ cm}$.,"$(10 + 4) \times 2 = 28$, so the perimeter is $28\text{ cm}$.",,
UNVERIFIABLE,v19|y5m-perimeter-area|curriculum|secure|lesson|perimeter of rectangles,y5m-perimeter-area,Perimeter of rectangles,independentPractice[1],33,Find the perimeter of a rectangle with length $15\text{ m}$ and width $8\text{ m}$.,"$(15 + 8) \times 2 = 46$, so the perimeter is $46\text{ m}$.",,
UNVERIFIABLE,v19|y5m-perimeter-area|curriculum|secure|lesson|perimeter of rectangles,y5m-perimeter-area,Perimeter of rectangles,independentPractice[2],33,Find the perimeter of a rectangle with length $11\text{ cm}$ and width $9\text{ cm}$.,"$(11 + 9) \times 2 = 40$, so the perimeter is $40\text{ cm}$.",,
AGREE,v19|y5m-volume|curriculum|secure|lesson|what is volume?,y5m-volume,What is volume?,workedExample,15,A cuboid is filled with $12$ unit cubes. What is its volume?,The volume is $12\text{ cubic units}$.,12,cuboid_volume
AGREE,v19|y5m-volume|curriculum|secure|lesson|what is volume?,y5m-volume,What is volume?,tryThis,15,A box is filled with $8$ equal unit cubes. What is its volume?,The volume is $8\text{ cubic units}$.,8,cuboid_volume
AGREE,v19|y5m-volume|curriculum|secure|lesson|what is volume?,y5m-volume,What is volume?,quickCheck,15,A shape contains $11$ unit cubes. What is its volume?,$11\text{ cubic units}$,11,cuboid_volume
UNVERIFIABLE,v19|y5m-volume|curriculum|secure|lesson|what is volume?,y5m-volume,What is volume?,guidedPractice[0],15,A solid shape is filled with $6$ unit cubes. What does the $6$ tell you?,The $6$ tells us the shape has a volume of $6\text{ cubic units}$.,,
AGREE,v19|y5m-volume|curriculum|secure|lesson|what is volume?,y5m-volume,What is volume?,guidedPractice[1],15,"A cuboid contains $15$ cubes, each with a volume of $1\text{ cm}^3$. What is the cuboid's volume?",The volume is $15\text{ cm}^3$.,15,cuboid_volume
AGREE,v19|y5m-volume|curriculum|secure|lesson|what is volume?,y5m-volume,What is volume?,independentPractice[0],15,A container is filled with $9$ equal unit cubes. State its volume.,$9\text{ cubic units}$,9,cuboid_volume
AGREE,v19|y5m-volume|curriculum|secure|lesson|what is volume?,y5m-volume,What is volume?,independentPractice[1],15,A cuboid is filled with $20$ cubes. Each cube has a volume of $1\text{ cm}^3$. State the cuboid's volume.,$20\text{ cm}^3$,20,cuboid_volume
UNVERIFIABLE,v19|y5m-volume|curriculum|secure|lesson|what is volume?,y5m-volume,What is volume?,independentPractice[2],15,True or false: Volume measures the space inside a solid shape.,True,,
AGREE,v18|y6m-fractions|curriculum|greater_depth|guided,y6m-fractions,Simplify fractions,workedExample,0,Simplify $\frac{12}{16}$.,$\frac{3}{4}$,3/4,fraction_simplify
AGREE,v18|y6m-fractions|curriculum|greater_depth|guided,y6m-fractions,Simplify fractions,tryThis,0,Simplify $\frac{18}{24}$.,$\frac{3}{4}$,3/4,fraction_simplify
UNVERIFIABLE,v18|y6m-fractions|curriculum|greater_depth|guided,y6m-fractions,Simplify fractions,quickCheck,0,What is the HCF of 18 and 24?,6,,
AGREE,v18|y6m-fractions|curriculum|greater_depth|guided,y6m-fractions,Simplify fractions,guidedPractice[0],0,Simplify $\frac{18}{24}$.,$\frac{3}{4}$,3/4,fraction_simplify
AGREE,v18|y6m-fractions|curriculum|greater_depth|guided,y6m-fractions,Simplify fractions,independentPractice[0],0,Simplify $\frac{21}{28}$.,$\frac{3}{4}$,3/4,fraction_simplify
AGREE,v18|y6m-fractions|curriculum|greater_depth|guided,y6m-fractions,Simplify fractions,independentPractice[1],0,Simplify $\frac{30}{45}$.,$\frac{2}{3}$,2/3,fraction_simplify
AGREE,v18|y6m-fractions|curriculum|developing|guided,y6m-fractions,Simplify fractions,workedExample,0,Simplify $\frac{8}{12}$.,$\frac{2}{3}$,2/3,fraction_simplify
AGREE,v18|y6m-fractions|curriculum|developing|guided,y6m-fractions,Simplify fractions,tryThis,0,Simplify $\frac{10}{15}$. What is the HCF of 10 and 15?,$\frac{2}{3}$,2/3,fraction_simplify
UNVERIFIABLE,v18|y6m-fractions|curriculum|developing|guided,y6m-fractions,Simplify fractions,quickCheck,0,What is the simplified form of $\frac{14}{21}$?,$\frac{2}{3}$,,
AGREE,v18|y6m-fractions|curriculum|developing|guided,y6m-fractions,Simplify fractions,guidedPractice[0],0,Simplify $\frac{9}{12}$. What is the HCF of 9 and 12?,$\frac{3}{4}$,3/4,fraction_simplify
AGREE,v18|y6m-fractions|curriculum|developing|guided,y6m-fractions,Simplify fractions,independentPractice[0],0,Simplify $\frac{16}{24}$. What is the HCF of 16 and 24?,$\frac{2}{3}$,2/3,fraction_simplify
UNVERIFIABLE,v18|y5m-mult-div-b|curriculum|greater_depth|guided,y5m-mult-div-b,Multiply up to 4-digit by 1-digit,workedExample,0,Let's multiply $236 \times 7$,1652,,
UNVERIFIABLE,v18|y5m-mult-div-b|curriculum|greater_depth|guided,y5m-mult-div-b,Multiply up to 4-digit by 1-digit,tryThis,0,Try multiplying $1243 \times 6$,$7458$,,
UNVERIFIABLE,v18|y5m-mult-div-b|curriculum|greater_depth|guided,y5m-mult-div-b,Multiply up to 4-digit by 1-digit,quickCheck,0,What is $1234 \times 3$?,$3702$,,
UNVERIFIABLE,v18|y5m-mult-div-b|curriculum|greater_depth|guided,y5m-mult-div-b,Multiply up to 4-digit by 1-digit,guidedPractice[0],0,Multiply $345 \times 8$,$2760$,,
UNVERIFIABLE,v18|y5m-mult-div-b|curriculum|greater_depth|guided,y5m-mult-div-b,Multiply up to 4-digit by 1-digit,independentPractice[0],0,Multiply $452 \times 9$,$4068$,,
UNVERIFIABLE,v18|y5m-mult-div-b|curriculum|greater_depth|guided,y5m-mult-div-b,Multiply up to 4-digit by 1-digit,independentPractice[1],0,Multiply $378 \times 5$,$1890$,,
AGREE,v18|y5m-decimals-percentages|curriculum|greater_depth|lesson,y5m-decimals-percentages,Decimals up to 2 decimal places,workedExample,0,Round $2.456$ to the nearest tenth.,$2.5$,2.5,rounding_number_line
AGREE,v18|y5m-decimals-percentages|curriculum|greater_depth|lesson,y5m-decimals-percentages,Decimals up to 2 decimal places,tryThis,0,Round $3.678$ to the nearest hundredth.,$3.68$,3.68,rounding_number_line
UNVERIFIABLE,v18|y5m-decimals-percentages|curriculum|greater_depth|lesson,y5m-decimals-percentages,Decimals up to 2 decimal places,quickCheck,0,What is $50\%$ as a decimal?,$0.5$,,
UNVERIFIABLE,v18|y5m-decimals-percentages|curriculum|greater_depth|lesson,y5m-decimals-percentages,Decimals up to 2 decimal places,guidedPractice[0],0,Convert $25\%$ to a decimal.,$0.25$,,
UNVERIFIABLE,v18|y5m-decimals-percentages|curriculum|greater_depth|lesson,y5m-decimals-percentages,Decimals up to 2 decimal places,independentPractice[0],0,Which is larger: $0.5$ or $0.45$?,$0.5$,,
UNVERIFIABLE,v18|y5m-decimals-percentages|curriculum|greater_depth|lesson,y5m-decimals-percentages,Decimals up to 2 decimal places,independentPractice[1],0,Express $0.75$ as a percentage.,$75\%$,,
AGREE,v18|y5m-mult-div-a|curriculum|greater_depth|lesson,y5m-mult-div-a,Multiples,workedExample,0,Identify the first five multiples of $4$.,"4, 8, 12, 16, 20, 24, 28, 32, 36, 40","4, 8, 12, 16, 20",multiples_number_line
AGREE,v18|y5m-mult-div-a|curriculum|greater_depth|lesson,y5m-mult-div-a,Multiples,tryThis,0,What are the first five multiples of $3$?,"$3$, $6$, $9$, $12$, $15$","3, 6, 9, 12, 15",multiples_number_line
UNVERIFIABLE,v18|y5m-mult-div-a|curriculum|greater_depth|lesson,y5m-mult-div-a,Multiples,quickCheck,0,Is $24$ a multiple of $6$?,"Yes, because $6 \times 4 = 24$.",,
AGREE,v18|y5m-mult-div-a|curriculum|greater_depth|lesson,y5m-mult-div-a,Multiples,guidedPractice[0],0,List the first three multiples of $7$.,"$7$, $14$, $21$","7, 14, 21",multiples_number_line
AGREE,v18|y5m-mult-div-a|curriculum|greater_depth|lesson,y5m-mult-div-a,Multiples,independentPractice[0],0,What are the first four multiples of $5$?,"$5$, $10$, $15$, $20$","5, 10, 15, 20",multiples_number_line
AGREE,v18|y5m-mult-div-a|curriculum|greater_depth|guided,y5m-mult-div-a,Multiples,workedExample,0,Find the first five multiples of $4$.,"4, 8, 12, 16, 20, 24, 28, 32, 36, 40","4, 8, 12, 16, 20",multiples_number_line
AGREE,v18|y5m-mult-div-a|curriculum|greater_depth|guided,y5m-mult-div-a,Multiples,tryThis,0,Find the first five multiples of $6$.,"$6$, $12$, $18$, $24$, $30$","6, 12, 18, 24, 30",multiples_number_line
UNVERIFIABLE,v18|y5m-mult-div-a|curriculum|greater_depth|guided,y5m-mult-div-a,Multiples,quickCheck,0,Is $24$ a multiple of $6$?,"Yes, because $6 \times 4 = 24$.",,
UNVERIFIABLE,v18|y5m-mult-div-a|curriculum|greater_depth|guided,y5m-mult-div-a,Multiples,guidedPractice[0],0,What is the third multiple of $5$?,$15$,,
AGREE,v18|y5m-mult-div-a|curriculum|greater_depth|guided,y5m-mult-div-a,Multiples,independentPractice[0],0,List the first five multiples of $7$.,"$7$, $14$, $21$, $28$, $35$","7, 14, 21, 28, 35",multiples_number_line
AGREE,v18|y6m-fractions|curriculum|greater_depth|lesson,y6m-fractions,Simplify fractions,workedExample,0,Simplify $\frac{12}{16}$,$\frac{3}{4}$,3/4,fraction_simplify
AGREE,v18|y6m-fractions|curriculum|greater_depth|lesson,y6m-fractions,Simplify fractions,tryThis,0,Simplify $\frac{18}{24}$,$\frac{3}{4}$,3/4,fraction_simplify
AGREE,v18|y6m-fractions|curriculum|greater_depth|lesson,y6m-fractions,Simplify fractions,quickCheck,0,Simplify $\frac{6}{9}$,$\frac{2}{3}$,2/3,fraction_simplify
AGREE,v18|y6m-fractions|curriculum|greater_depth|lesson,y6m-fractions,Simplify fractions,guidedPractice[0],0,Simplify $\frac{8}{12}$,$\frac{2}{3}$,2/3,fraction_simplify
AGREE,v18|y6m-fractions|curriculum|greater_depth|lesson,y6m-fractions,Simplify fractions,independentPractice[0],0,Simplify $\frac{10}{15}$,$\frac{2}{3}$,2/3,fraction_simplify
AGREE,v18|y6m-fractions|curriculum|greater_depth|lesson,y6m-fractions,Simplify fractions,independentPractice[1],0,Simplify $\frac{9}{21}$,$\frac{3}{7}$,3/7,fraction_simplify
AGREE,v18|y5m-place-value|curriculum|secure|lesson,y5m-place-value,"Numbers to 10,000 and 100,000",workedExample,0,"Round 47,382 to the nearest 10,000.",50000,50000,rounding_number_line
AGREE,v18|y5m-place-value|curriculum|secure|lesson,y5m-place-value,"Numbers to 10,000 and 100,000",tryThis,0,"Round 64,789 to the nearest 10,000.","60,000",60000,rounding_number_line
UNVERIFIABLE,v18|y5m-place-value|curriculum|secure|lesson,y5m-place-value,"Numbers to 10,000 and 100,000",quickCheck,0,"What is 72,315 rounded to the nearest 10,000?","70,000",,
AGREE,v18|y5m-place-value|curriculum|secure|lesson,y5m-place-value,"Numbers to 10,000 and 100,000",guidedPractice[0],0,"Round 29,456 to the nearest 10,000.","30,000",30000,rounding_number_line
AGREE,v18|y5m-place-value|curriculum|secure|lesson,y5m-place-value,"Numbers to 10,000 and 100,000",independentPractice[0],0,"Round 83,241 to the nearest 10,000.","80,000",80000,rounding_number_line
AGREE,v18|y5m-place-value|curriculum|secure|lesson,y5m-place-value,"Numbers to 10,000 and 100,000",independentPractice[1],0,"Round 15,674 to the nearest 10,000.","20,000",20000,rounding_number_line
AGREE,v19|y5m-place-value|curriculum|secure|lesson|general,y5m-place-value,general,workedExample,0,Round 457 to the nearest 10.,460,460,rounding_number_line
AGREE,v19|y5m-place-value|curriculum|secure|lesson|general,y5m-place-value,general,tryThis,0,Round 332 to the nearest 10.,330,330,rounding_number_line
AGREE,v19|y5m-place-value|curriculum|secure|lesson|general,y5m-place-value,general,quickCheck,0,Round 399 to the nearest 10.,400,400,rounding_number_line
AGREE,v19|y5m-place-value|curriculum|secure|lesson|general,y5m-place-value,general,guidedPractice[0],0,Round 684 to the nearest 10.,680,680,rounding_number_line
AGREE,v19|y5m-place-value|curriculum|secure|lesson|general,y5m-place-value,general,independentPractice[0],0,Round 729 to the nearest 10.,730,730,rounding_number_line
AGREE,v19|y5m-place-value|curriculum|secure|lesson|general,y5m-place-value,general,independentPractice[1],0,Round 846 to the nearest 10.,850,850,rounding_number_line
AGREE,"v19|y5m-place-value|curriculum|secure|lesson|round to the nearest 10, 100, 1000, 10,000 and 100,000",y5m-place-value,"Round to the nearest 10, 100, 1000, 10,000 and 100,000",workedExample,20,"Round $4,376$ to the nearest $100$.",4400,4400,rounding_number_line
AGREE,"v19|y5m-place-value|curriculum|secure|lesson|round to the nearest 10, 100, 1000, 10,000 and 100,000",y5m-place-value,"Round to the nearest 10, 100, 1000, 10,000 and 100,000",tryThis,20,"Round $8,593$ to the nearest $1,000$.","$9,000$",9000,rounding_number_line
AGREE,"v19|y5m-place-value|curriculum|secure|lesson|round to the nearest 10, 100, 1000, 10,000 and 100,000",y5m-place-value,"Round to the nearest 10, 100, 1000, 10,000 and 100,000",quickCheck,20,"Round $47,623$ to the nearest $10,000$.","$50,000$",50000,rounding_number_line
AGREE,"v19|y5m-place-value|curriculum|secure|lesson|round to the nearest 10, 100, 1000, 10,000 and 100,000",y5m-place-value,"Round to the nearest 10, 100, 1000, 10,000 and 100,000",guidedPractice[0],20,"Round $5,762$ to the nearest $10$.","$5,760$",5760,rounding_number_line
AGREE,"v19|y5m-place-value|curriculum|secure|lesson|round to the nearest 10, 100, 1000, 10,000 and 100,000",y5m-place-value,"Round to the nearest 10, 100, 1000, 10,000 and 100,000",guidedPractice[1],20,"Round $12,345$ to the nearest $1,000$.","$12,000$",12000,rounding_number_line
AGREE,"v19|y5m-place-value|curriculum|secure|lesson|round to the nearest 10, 100, 1000, 10,000 and 100,000",y5m-place-value,"Round to the nearest 10, 100, 1000, 10,000 and 100,000",independentPractice[0],20,"Round $3,487$ to the nearest $100$.","$3,500$",3500,rounding_number_line
AGREE,"v19|y5m-place-value|curriculum|secure|lesson|round to the nearest 10, 100, 1000, 10,000 and 100,000",y5m-place-value,"Round to the nearest 10, 100, 1000, 10,000 and 100,000",independentPractice[1],20,"Round $29,589$ to the nearest $10,000$.","$30,000$",30000,rounding_number_line
UNVERIFIABLE,v19|y6m-mult-div|curriculum|secure|guided|long multiplication,y6m-mult-div,Long multiplication,workedExample,2,What is $36 \times 15$?,540,,
UNVERIFIABLE,v19|y6m-mult-div|curriculum|secure|guided|long multiplication,y6m-mult-div,Long multiplication,tryThis,2,Calculate $42 \times 23$.,The answer is $966$.,,
UNVERIFIABLE,v19|y6m-mult-div|curriculum|secure|guided|long multiplication,y6m-mult-div,Long multiplication,quickCheck,2,What is $47 \times 15$?,The answer is $705$.,,
UNVERIFIABLE,v19|y6m-mult-div|curriculum|secure|guided|long multiplication,y6m-mult-div,Long multiplication,guidedPractice[0],2,Calculate $27 \times 14$.,The answer is $378$.,,
UNVERIFIABLE,v19|y6m-mult-div|curriculum|secure|guided|long multiplication,y6m-mult-div,Long multiplication,guidedPractice[1],2,Calculate $56 \times 12$.,The answer is $672$.,,
UNVERIFIABLE,v19|y6m-mult-div|curriculum|secure|guided|long multiplication,y6m-mult-div,Long multiplication,independentPractice[0],2,Calculate $34 \times 17$.,The answer is $578$.,,
UNVERIFIABLE,v19|y6m-mult-div|curriculum|secure|guided|long multiplication,y6m-mult-div,Long multiplication,independentPractice[1],2,Calculate $63 \times 19$.,The answer is $1197$.,,
AGREE,v19|y6m-fractions|curriculum|secure|guided|simplify fractions,y6m-fractions,Simplify fractions,workedExample,4,Simplify $\frac{18}{24}$.,3/4,3/4,fraction_simplify
DISAGREE,v19|y6m-fractions|curriculum|secure|guided|simplify fractions,y6m-fractions,Simplify fractions,tryThis,4,Simplify $\frac{15}{20}$.,$\frac{15}{20}=\frac{3}{4}$ because the HCF of $15$ and $20$ is $5$.,3/4,fraction_simplify
AGREE,v19|y6m-fractions|curriculum|secure|guided|simplify fractions,y6m-fractions,Simplify fractions,quickCheck,4,"What is the HCF of $12$ and $18$, and how does it simplify $\frac{12}{18}$?",The HCF is $6$. $\frac{12}{18}=\frac{2}{3}$.,2/3,fraction_simplify
AGREE,v19|y6m-fractions|curriculum|secure|guided|simplify fractions,y6m-fractions,Simplify fractions,guidedPractice[0],4,Simplify $\frac{12}{16}$.,$\frac{12}{16}=\frac{3}{4}$,3/4,fraction_simplify
AGREE,v19|y6m-fractions|curriculum|secure|guided|simplify fractions,y6m-fractions,Simplify fractions,guidedPractice[1],4,Simplify $\frac{14}{21}$.,$\frac{14}{21}=\frac{2}{3}$,2/3,fraction_simplify
AGREE,v19|y6m-fractions|curriculum|secure|guided|simplify fractions,y6m-fractions,Simplify fractions,guidedPractice[2],4,Simplify $\frac{16}{24}$.,$\frac{16}{24}=\frac{2}{3}$,2/3,fraction_simplify
AGREE,v19|y6m-fractions|curriculum|secure|guided|simplify fractions,y6m-fractions,Simplify fractions,independentPractice[0],4,Simplify $\frac{10}{15}$.,$\frac{10}{15}=\frac{2}{3}$,2/3,fraction_simplify
AGREE,v19|y6m-fractions|curriculum|secure|guided|simplify fractions,y6m-fractions,Simplify fractions,independentPractice[1],4,Simplify $\frac{18}{30}$.,$\frac{18}{30}=\frac{3}{5}$,3/5,fraction_simplify
AGREE,v19|y6m-fractions|curriculum|secure|guided|simplify fractions,y6m-fractions,Simplify fractions,independentPractice[2],4,Simplify $\frac{20}{28}$.,$\frac{20}{28}=\frac{5}{7}$,5/7,fraction_simplify
DISAGREE,v19|y6m-fractions|curriculum|secure|guided|add and subtract mixed numbers,y6m-fractions,Add and subtract mixed numbers,workedExample,5,$2\frac{1}{3} + 1\frac{1}{4}$,39/4,3 7/12,fraction_ops
AGREE,v19|y6m-fractions|curriculum|secure|guided|add and subtract mixed numbers,y6m-fractions,Add and subtract mixed numbers,tryThis,5,$1\frac{1}{2} + 2\frac{1}{3}$,$3\frac{5}{6}$,3 5/6,fraction_ops
AGREE,v19|y6m-fractions|curriculum|secure|guided|add and subtract mixed numbers,y6m-fractions,Add and subtract mixed numbers,quickCheck,5,$2\frac{1}{2} + 1\frac{1}{4}$,$3\frac{3}{4}$,3 3/4,fraction_ops
AGREE,v19|y6m-fractions|curriculum|secure|guided|add and subtract mixed numbers,y6m-fractions,Add and subtract mixed numbers,guidedPractice[0],5,$1\frac{1}{2} + 3\frac{1}{4}$,$4\frac{3}{4}$,4 3/4,fraction_ops
AGREE,v19|y6m-fractions|curriculum|secure|guided|add and subtract mixed numbers,y6m-fractions,Add and subtract mixed numbers,guidedPractice[1],5,$2\frac{1}{3} + 1\frac{1}{6}$,$3\frac{1}{2}$,3 1/2,fraction_ops
AGREE,v19|y6m-fractions|curriculum|secure|guided|add and subtract mixed numbers,y6m-fractions,Add and subtract mixed numbers,guidedPractice[2],5,$4\frac{1}{4} - 1\frac{1}{6}$,$3\frac{1}{12}$,3 1/12,fraction_ops
AGREE,v19|y6m-fractions|curriculum|secure|guided|add and subtract mixed numbers,y6m-fractions,Add and subtract mixed numbers,independentPractice[0],5,$3\frac{1}{2} + 2\frac{1}{4}$,$5\frac{3}{4}$,5 3/4,fraction_ops
AGREE,v19|y6m-fractions|curriculum|secure|guided|add and subtract mixed numbers,y6m-fractions,Add and subtract mixed numbers,independentPractice[1],5,$5\frac{2}{3} - 2\frac{1}{6}$,$3\frac{1}{2}$,3 1/2,fraction_ops
AGREE,v19|y6m-fractions|curriculum|secure|guided|add and subtract mixed numbers,y6m-fractions,Add and subtract mixed numbers,independentPractice[2],5,$1\frac{3}{4} + 2\frac{1}{6}$,$3\frac{11}{12}$,3 11/12,fraction_ops
AGREE,v19|y6m-fractions|curriculum|secure|guided|divide fractions by integers,y6m-fractions,Divide fractions by integers,workedExample,1,$\frac{3}{4} \div 2$,3/8,3/8,fraction_ops
AGREE,v19|y6m-fractions|curriculum|secure|guided|divide fractions by integers,y6m-fractions,Divide fractions by integers,tryThis,1,$\frac{5}{6} \div 3$,$\frac{5}{18}$,5/18,fraction_ops
DISAGREE,v19|y6m-fractions|curriculum|secure|guided|divide fractions by integers,y6m-fractions,Divide fractions by integers,quickCheck,1,$\frac{7}{10} \div 2$,$\frac{7}{20}$,0.7,place_value_shift
AGREE,v19|y6m-fractions|curriculum|secure|guided|divide fractions by integers,y6m-fractions,Divide fractions by integers,guidedPractice[0],1,$\frac{1}{5} \div 2$,$\frac{1}{10}$,1/10,fraction_ops
AGREE,v19|y6m-fractions|curriculum|secure|guided|divide fractions by integers,y6m-fractions,Divide fractions by integers,guidedPractice[1],1,$\frac{4}{7} \div 3$,$\frac{4}{21}$,4/21,fraction_ops
AGREE,v19|y6m-fractions|curriculum|secure|guided|divide fractions by integers,y6m-fractions,Divide fractions by integers,guidedPractice[2],1,$\frac{2}{3} \div 4$,$\frac{2}{12} = \frac{1}{6}$,1/6,fraction_ops
AGREE,v19|y6m-fractions|curriculum|secure|guided|divide fractions by integers,y6m-fractions,Divide fractions by integers,independentPractice[0],1,$\frac{3}{5} \div 2$,$\frac{3}{10}$,3/10,fraction_ops
AGREE,v19|y6m-fractions|curriculum|secure|guided|divide fractions by integers,y6m-fractions,Divide fractions by integers,independentPractice[1],1,$\frac{5}{8} \div 4$,$\frac{5}{32}$,5/32,fraction_ops
AGREE,v19|y6m-fractions|curriculum|secure|guided|divide fractions by integers,y6m-fractions,Divide fractions by integers,independentPractice[2],1,$\frac{3}{4} \div 3$,$\frac{3}{12} = \frac{1}{4}$,1/4,fraction_ops
AGREE,v19|y6m-fractions|curriculum|secure|guided|fraction of an amount,y6m-fractions,Fraction of an amount,workedExample,4,Find $\frac{3}{4}$ of $28$.,$\frac{3}{4}$ of $28$ is $21$.,21,fraction_ops
AGREE,v19|y6m-fractions|curriculum|secure|guided|fraction of an amount,y6m-fractions,Fraction of an amount,tryThis,4,Find $\frac{2}{5}$ of $35$.,$14$,14,fraction_ops
AGREE,v19|y6m-fractions|curriculum|secure|guided|fraction of an amount,y6m-fractions,Fraction of an amount,quickCheck,4,Find $\frac{3}{5}$ of $25$.,$15$,15,fraction_ops
AGREE,v19|y6m-fractions|curriculum|secure|guided|fraction of an amount,y6m-fractions,Fraction of an amount,guidedPractice[0],4,Find $\frac{2}{3}$ of $24$.,$16$,16,fraction_ops
AGREE,v19|y6m-fractions|curriculum|secure|guided|fraction of an amount,y6m-fractions,Fraction of an amount,guidedPractice[1],4,Find $\frac{3}{5}$ of $40$.,$24$,24,fraction_ops
AGREE,v19|y6m-fractions|curriculum|secure|guided|fraction of an amount,y6m-fractions,Fraction of an amount,guidedPractice[2],4,Find $\frac{4}{6}$ of $30$.,$20$,20,fraction_ops
AGREE,v19|y6m-fractions|curriculum|secure|guided|fraction of an amount,y6m-fractions,Fraction of an amount,independentPractice[0],4,Find $\frac{3}{4}$ of $36$.,$27$,27,fraction_ops
AGREE,v19|y6m-fractions|curriculum|secure|guided|fraction of an amount,y6m-fractions,Fraction of an amount,independentPractice[1],4,Find $\frac{5}{8}$ of $48$.,$30$,30,fraction_ops
AGREE,v19|y6m-fractions|curriculum|secure|guided|fraction of an amount,y6m-fractions,Fraction of an amount,independentPractice[2],4,Find $\frac{2}{7}$ of $42$.,$12$,12,fraction_ops
AGREE,v19|y6m-fractions|curriculum|secure|lesson|fraction of an amount,y6m-fractions,Fraction of an amount,workedExample,15,Find $\frac{3}{4}$ of $28$.,$\frac{3}{4}$ of $28$ is $21$.,21,fraction_ops
AGREE,v19|y6m-fractions|curriculum|secure|lesson|fraction of an amount,y6m-fractions,Fraction of an amount,tryThis,15,Find $\frac{2}{5}$ of $35$.,$14$,14,fraction_ops
DISAGREE,v19|y6m-fractions|curriculum|secure|lesson|fraction of an amount,y6m-fractions,Fraction of an amount,quickCheck,15,What is the first calculation when finding $\frac{3}{7}$ of $56$?,$56 \div 7 = 8$,24,fraction_ops
AGREE,v19|y6m-fractions|curriculum|secure|lesson|fraction of an amount,y6m-fractions,Fraction of an amount,guidedPractice[0],15,Find $\frac{2}{3}$ of $24$.,$16$,16,fraction_ops
AGREE,v19|y6m-fractions|curriculum|secure|lesson|fraction of an amount,y6m-fractions,Fraction of an amount,guidedPractice[1],15,Find $\frac{4}{5}$ of $30$.,$24$,24,fraction_ops
AGREE,v19|y6m-fractions|curriculum|secure|lesson|fraction of an amount,y6m-fractions,Fraction of an amount,independentPractice[0],15,Find $\frac{3}{5}$ of $40$.,$24$,24,fraction_ops
AGREE,v19|y6m-fractions|curriculum|secure|lesson|fraction of an amount,y6m-fractions,Fraction of an amount,independentPractice[1],15,Find $\frac{5}{6}$ of $42$.,$35$,35,fraction_ops
AGREE,v19|y6m-fractions|curriculum|secure|lesson|fraction of an amount,y6m-fractions,Fraction of an amount,independentPractice[2],15,Find $\frac{7}{8}$ of $48$.,$42$,42,fraction_ops
AGREE,v19|y6m-fractions|curriculum|secure|guided|compare and order fractions,y6m-fractions,Compare and order fractions,workedExample,3,"Order $\frac{1}{2}$, $\frac{2}{3}$ and $\frac{3}{4}$ from smallest to largest.","1/2, 2/3, 3/4","1/2, 2/3, 3/4",fraction_number_line
AGREE,v19|y6m-fractions|curriculum|secure|guided|compare and order fractions,y6m-fractions,Compare and order fractions,tryThis,3,"Order $\frac{1}{3}$, $\frac{1}{2}$ and $\frac{5}{6}$ from smallest to largest.",$\frac{1}{3}<\frac{1}{2}<\frac{5}{6}$,"1/3, 1/2, 5/6",fraction_number_line
UNVERIFIABLE,v19|y6m-fractions|curriculum|secure|guided|compare and order fractions,y6m-fractions,Compare and order fractions,quickCheck,3,Fill the box: $\frac{2}{3}\;\square\;\frac{3}{4}$,$\frac{2}{3}<\frac{3}{4}$,,
DISAGREE,v19|y6m-fractions|curriculum|secure|guided|compare and order fractions,y6m-fractions,Compare and order fractions,guidedPractice[0],3,Which is greater: $\frac{3}{4}$ or $\frac{5}{6}$?,$\frac{5}{6}>\frac{3}{4}$,5/6,fraction_number_line
AGREE,v19|y6m-fractions|curriculum|secure|guided|compare and order fractions,y6m-fractions,Compare and order fractions,guidedPractice[1],3,"Order $\frac{1}{4}$, $\frac{2}{3}$ and $\frac{1}{2}$ from smallest to largest.",$\frac{1}{4}<\frac{1}{2}<\frac{2}{3}$,"1/4, 1/2, 2/3",fraction_number_line
DISAGREE,v19|y6m-fractions|curriculum|secure|guided|compare and order fractions,y6m-fractions,Compare and order fractions,independentPractice[0],3,Which is smaller: $\frac{3}{5}$ or $\frac{5}{8}$?,$\frac{3}{5}<\frac{5}{8}$,3/5,fraction_number_line
AGREE,v19|y6m-fractions|curriculum|secure|guided|compare and order fractions,y6m-fractions,Compare and order fractions,independentPractice[1],3,"Order $\frac{3}{8}$, $\frac{1}{2}$ and $\frac{3}{4}$ from smallest to largest.",$\frac{3}{8}<\frac{1}{2}<\frac{3}{4}$,"3/8, 1/2, 3/4",fraction_number_line
AGREE,v19|y6m-fractions|curriculum|secure|lesson|add and subtract fractions,y6m-fractions,Add and subtract fractions,workedExample,3,$\frac{1}{3} + \frac{1}{4}$,7/12,7/12,fraction_ops
AGREE,v19|y6m-fractions|curriculum|secure|lesson|add and subtract fractions,y6m-fractions,Add and subtract fractions,tryThis,3,$\frac{1}{2} + \frac{1}{3}$,5/6,5/6,fraction_ops
AGREE,v19|y6m-fractions|curriculum|secure|lesson|add and subtract fractions,y6m-fractions,Add and subtract fractions,quickCheck,3,$\frac{3}{8} + \frac{1}{4}$,5/8,5/8,fraction_ops
AGREE,v19|y6m-fractions|curriculum|secure|lesson|add and subtract fractions,y6m-fractions,Add and subtract fractions,guidedPractice[0],3,$\frac{1}{2} + \frac{1}{4}$,3/4,3/4,fraction_ops
AGREE,v19|y6m-fractions|curriculum|secure|lesson|add and subtract fractions,y6m-fractions,Add and subtract fractions,guidedPractice[1],3,$\frac{3}{4} - \frac{1}{2}$,1/4,1/4,fraction_ops
AGREE,v19|y6m-fractions|curriculum|secure|lesson|add and subtract fractions,y6m-fractions,Add and subtract fractions,independentPractice[0],3,$\frac{1}{3} + \frac{1}{6}$,1/2,1/2,fraction_ops
AGREE,v19|y6m-fractions|curriculum|secure|lesson|add and subtract fractions,y6m-fractions,Add and subtract fractions,independentPractice[1],3,$\frac{5}{6} - \frac{1}{3}$,1/2,1/2,fraction_ops
AGREE,v19|y6m-fractions|curriculum|secure|lesson|add and subtract fractions,y6m-fractions,Add and subtract fractions,independentPractice[2],3,$\frac{2}{5} + \frac{1}{10}$,0.1,0.1,place_value_shift
AGREE,v19|y6m-fractions|curriculum|secure|guided|add and subtract fractions,y6m-fractions,Add and subtract fractions,workedExample,12,$\frac{1}{3} + \frac{1}{4}$,$\frac{7}{12}$,7/12,fraction_ops
AGREE,v19|y6m-fractions|curriculum|secure|guided|add and subtract fractions,y6m-fractions,Add and subtract fractions,tryThis,12,$\frac{1}{2} + \frac{1}{3}$,$\frac{5}{6}$,5/6,fraction_ops
AGREE,v19|y6m-fractions|curriculum|secure|guided|add and subtract fractions,y6m-fractions,Add and subtract fractions,quickCheck,12,$\frac{2}{3} - \frac{1}{6}$,$\frac{1}{2}$,1/2,fraction_ops
AGREE,v19|y6m-fractions|curriculum|secure|guided|add and subtract fractions,y6m-fractions,Add and subtract fractions,guidedPractice[0],12,$\frac{1}{2} + \frac{1}{4}$,$\frac{3}{4}$,3/4,fraction_ops
AGREE,v19|y6m-fractions|curriculum|secure|guided|add and subtract fractions,y6m-fractions,Add and subtract fractions,guidedPractice[1],12,$\frac{1}{3} + \frac{1}{6}$,$\frac{1}{2}$,1/2,fraction_ops
AGREE,v19|y6m-fractions|curriculum|secure|guided|add and subtract fractions,y6m-fractions,Add and subtract fractions,guidedPractice[2],12,$\frac{3}{4} - \frac{1}{2}$,$\frac{1}{4}$,1/4,fraction_ops
AGREE,v19|y6m-fractions|curriculum|secure|guided|add and subtract fractions,y6m-fractions,Add and subtract fractions,independentPractice[0],12,$\frac{1}{4} + \frac{1}{6}$,$\frac{5}{12}$,5/12,fraction_ops
AGREE,v19|y6m-fractions|curriculum|secure|guided|add and subtract fractions,y6m-fractions,Add and subtract fractions,independentPractice[1],12,$\frac{5}{6} - \frac{1}{3}$,$\frac{1}{2}$,1/2,fraction_ops
AGREE,v19|y6m-fractions|curriculum|secure|guided|add and subtract fractions,y6m-fractions,Add and subtract fractions,independentPractice[2],12,$\frac{3}{8} + \frac{1}{4}$,$\frac{5}{8}$,5/8,fraction_ops
AGREE,v19|y6m-fractions|curriculum|secure|lesson|add and subtract mixed numbers,y6m-fractions,Add and subtract mixed numbers,workedExample,2,$2\frac{1}{2} + 3\frac{1}{4}$,5 3/4,5 3/4,fraction_ops
AGREE,v19|y6m-fractions|curriculum|secure|lesson|add and subtract mixed numbers,y6m-fractions,Add and subtract mixed numbers,tryThis,2,$1\frac{1}{2} + 2\frac{1}{4}$,3 3/4,3 3/4,fraction_ops
AGREE,v19|y6m-fractions|curriculum|secure|lesson|add and subtract mixed numbers,y6m-fractions,Add and subtract mixed numbers,quickCheck,2,Complete: $4\frac{1}{2} - 1\frac{1}{4} = \square$,3 1/4,3 1/4,fraction_ops
AGREE,v19|y6m-fractions|curriculum|secure|lesson|add and subtract mixed numbers,y6m-fractions,Add and subtract mixed numbers,guidedPractice[0],2,$3\frac{1}{2} + 1\frac{1}{4}$,4 3/4,4 3/4,fraction_ops
AGREE,v19|y6m-fractions|curriculum|secure|lesson|add and subtract mixed numbers,y6m-fractions,Add and subtract mixed numbers,guidedPractice[1],2,$5\frac{1}{3} - 2\frac{1}{6}$,3 1/6,3 1/6,fraction_ops
AGREE,v19|y6m-fractions|curriculum|secure|lesson|add and subtract mixed numbers,y6m-fractions,Add and subtract mixed numbers,independentPractice[0],2,$2\frac{1}{2} + 4\frac{1}{4}$,6 3/4,6 3/4,fraction_ops
AGREE,v19|y6m-fractions|curriculum|secure|lesson|add and subtract mixed numbers,y6m-fractions,Add and subtract mixed numbers,independentPractice[1],2,$6\frac{2}{3} - 3\frac{1}{6}$,3 1/2,3 1/2,fraction_ops
AGREE,v19|y6m-fractions|curriculum|secure|lesson|add and subtract mixed numbers,y6m-fractions,Add and subtract mixed numbers,independentPractice[2],2,$1\frac{3}{4} + 2\frac{1}{2}$,4 1/4,4 1/4,fraction_ops
AGREE,v19|y6m-fractions|curriculum|secure|guided|multiply fractions,y6m-fractions,Multiply fractions,workedExample,2,Work out $\frac{2}{3} \times \frac{3}{4}$.,1/2,1/2,fraction_ops
AGREE,v19|y6m-fractions|curriculum|secure|guided|multiply fractions,y6m-fractions,Multiply fractions,tryThis,2,Work out $\frac{2}{5} \times \frac{3}{4}$.,$\frac{3}{10}$,3/10,fraction_ops
AGREE,v19|y6m-fractions|curriculum|secure|guided|multiply fractions,y6m-fractions,Multiply fractions,quickCheck,2,"Which fraction is equal to $\frac{2}{3} \times \frac{3}{8}$: $\frac{1}{4}$, $\frac{5}{11}$, or $\frac{6}{24}$?",$\frac{1}{4}$ and $\frac{6}{24}$ are equivalent.,1/4,fraction_ops
AGREE,v19|y6m-fractions|curriculum|secure|guided|multiply fractions,y6m-fractions,Multiply fractions,guidedPractice[0],2,Work out $\frac{1}{2} \times \frac{3}{5}$.,$\frac{3}{10}$,3/10,fraction_ops
AGREE,v19|y6m-fractions|curriculum|secure|guided|multiply fractions,y6m-fractions,Multiply fractions,guidedPractice[1],2,Work out $\frac{3}{4} \times \frac{2}{3}$.,$\frac{1}{2}$,1/2,fraction_ops
AGREE,v19|y6m-fractions|curriculum|secure|guided|multiply fractions,y6m-fractions,Multiply fractions,guidedPractice[2],2,Work out $\frac{2}{3} \times \frac{3}{5}$.,$\frac{2}{5}$,2/5,fraction_ops
AGREE,v19|y6m-fractions|curriculum|secure|guided|multiply fractions,y6m-fractions,Multiply fractions,independentPractice[0],2,Work out $\frac{1}{3} \times \frac{3}{4}$.,$\frac{1}{4}$,1/4,fraction_ops
AGREE,v19|y6m-fractions|curriculum|secure|guided|multiply fractions,y6m-fractions,Multiply fractions,independentPractice[1],2,Work out $\frac{2}{7} \times \frac{7}{8}$.,$\frac{1}{4}$,1/4,fraction_ops
AGREE,v19|y6m-fractions|curriculum|secure|guided|multiply fractions,y6m-fractions,Multiply fractions,independentPractice[2],2,Work out $\frac{3}{5} \times \frac{5}{6}$.,$\frac{1}{2}$,1/2,fraction_ops
UNVERIFIABLE,v19|y5m-shape|curriculum|secure|lesson|measure angles in degrees,y5m-shape,Measure angles in degrees,workedExample,23,Measure angle $CBA$.,Angle $CBA = 55°$.,,
AGREE,v19|y5m-shape|curriculum|secure|lesson|measure angles in degrees,y5m-shape,Measure angles in degrees,tryThis,23,"A protractor is centred on vertex $P$. Arm $PQ$ starts at $0°$, and arm $PR$ crosses the same scale at $120°$. Measure angle $QPR$.",60°,60°,angle_diagram
UNVERIFIABLE,v19|y5m-shape|curriculum|secure|lesson|measure angles in degrees,y5m-shape,Measure angles in degrees,quickCheck,23,Why should you estimate an angle before reading the protractor?,An estimate helps you choose the correct scale and spot an unreasonable reading.,,
AGREE,v19|y5m-shape|curriculum|secure|lesson|measure angles in degrees,y5m-shape,Measure angles in degrees,guidedPractice[0],23,"A protractor is centred on vertex $D$. Arm $DE$ is on $0°$, and arm $DF$ crosses the matching scale at $72°$. Measure angle $EDF$.",108°,108°,angle_diagram
AGREE,v19|y5m-shape|curriculum|secure|lesson|measure angles in degrees,y5m-shape,Measure angles in degrees,guidedPractice[1],23,"An angle is greater than $90°$. Its baseline starts at $0°$, and the other arm crosses that scale at $110°$. What is the angle?",-20°,-20°,angle_diagram
AGREE,v19|y5m-shape|curriculum|secure|lesson|measure angles in degrees,y5m-shape,Measure angles in degrees,independentPractice[0],23,"A protractor is centred on vertex $M$. Arm $MN$ starts at $0°$, and arm $ML$ crosses the matching scale at $38°$. Measure angle $NML$.",142°,142°,angle_diagram
AGREE,v19|y5m-shape|curriculum|secure|lesson|measure angles in degrees,y5m-shape,Measure angles in degrees,independentPractice[1],23,"A protractor is centred on vertex $X$. Arm $XY$ starts at $0°$, and arm $XZ$ crosses the matching scale at $145°$. Measure angle $YXZ$.",35°,35°,angle_diagram
AGREE,v19|y5m-shape|curriculum|secure|lesson|measure angles in degrees,y5m-shape,Measure angles in degrees,independentPractice[2],23,"A protractor is centred on vertex $R$. Arm $RS$ starts at $0°$, and arm $RT$ crosses the matching scale at $90°$. Measure angle $SRT$.",90°,90°,angle_diagram
UNVERIFIABLE,v19|y5m-place-value|curriculum|secure|lesson|roman numerals to 1000,y5m-place-value,Roman numerals to 1000,workedExample,11,Convert 198 to Roman numerals.,CXCVIII,,
UNVERIFIABLE,v19|y5m-place-value|curriculum|secure|lesson|roman numerals to 1000,y5m-place-value,Roman numerals to 1000,tryThis,11,Convert 276 to Roman numerals.,CCLXXVI,,
UNVERIFIABLE,v19|y5m-place-value|curriculum|secure|lesson|roman numerals to 1000,y5m-place-value,Roman numerals to 1000,quickCheck,11,Convert 399 to Roman numerals.,CCCXCIX,,
UNVERIFIABLE,v19|y5m-place-value|curriculum|secure|lesson|roman numerals to 1000,y5m-place-value,Roman numerals to 1000,guidedPractice[0],11,Convert 399 to Roman numerals.,CCCXCIX,,
UNVERIFIABLE,v19|y5m-place-value|curriculum|secure|lesson|roman numerals to 1000,y5m-place-value,Roman numerals to 1000,guidedPractice[1],11,Convert 582 to Roman numerals.,DLXXXII,,
UNVERIFIABLE,v19|y5m-place-value|curriculum|secure|lesson|roman numerals to 1000,y5m-place-value,Roman numerals to 1000,independentPractice[0],11,Convert 743 to Roman numerals.,DCCXLIII,,
UNVERIFIABLE,v19|y5m-place-value|curriculum|secure|lesson|roman numerals to 1000,y5m-place-value,Roman numerals to 1000,independentPractice[1],11,Convert 850 to Roman numerals.,DCCCL,,
AGREE,v19|y6m-fractions|curriculum|secure|lesson|simplify fractions,y6m-fractions,Simplify fractions,workedExample,23,Simplify $\frac{12}{18}$.,$\frac{12}{18} = \frac{2}{3}$,2/3,fraction_simplify
AGREE,v19|y6m-fractions|curriculum|secure|lesson|simplify fractions,y6m-fractions,Simplify fractions,tryThis,23,Simplify $\frac{15}{20}$.,$\frac{15}{20} = \frac{3}{4}$,3/4,fraction_simplify
UNVERIFIABLE,v19|y6m-fractions|curriculum|secure|lesson|simplify fractions,y6m-fractions,Simplify fractions,quickCheck,23,"What is the HCF of $18$ and $24$, and what is $\frac{18}{24}$ simplified?",$\mathrm{HCF} = 6$ and $\frac{18}{24} = \frac{3}{4}$,,
AGREE,v19|y6m-fractions|curriculum|secure|lesson|simplify fractions,y6m-fractions,Simplify fractions,guidedPractice[0],23,Simplify $\frac{8}{12}$.,$\frac{8}{12} = \frac{2}{3}$,2/3,fraction_simplify
AGREE,v19|y6m-fractions|curriculum|secure|lesson|simplify fractions,y6m-fractions,Simplify fractions,guidedPractice[1],23,Simplify $\frac{10}{15}$.,$\frac{10}{15} = \frac{2}{3}$,2/3,fraction_simplify
AGREE,v19|y6m-fractions|curriculum|secure|lesson|simplify fractions,y6m-fractions,Simplify fractions,independentPractice[0],23,Simplify $\frac{9}{12}$.,$\frac{9}{12} = \frac{3}{4}$,3/4,fraction_simplify
AGREE,v19|y6m-fractions|curriculum|secure|lesson|simplify fractions,y6m-fractions,Simplify fractions,independentPractice[1],23,Simplify $\frac{14}{21}$.,$\frac{14}{21} = \frac{2}{3}$,2/3,fraction_simplify
AGREE,v19|y6m-fractions|curriculum|secure|lesson|simplify fractions,y6m-fractions,Simplify fractions,independentPractice[2],23,Simplify $\frac{16}{24}$.,$\frac{16}{24} = \frac{2}{3}$,2/3,fraction_simplify
AGREE,v19|y6m-fractions|curriculum|secure|lesson|multiply fractions,y6m-fractions,Multiply fractions,workedExample,14,$\frac{2}{3} \times \frac{3}{4}$,1/2,1/2,fraction_ops
AGREE,v19|y6m-fractions|curriculum|secure|lesson|multiply fractions,y6m-fractions,Multiply fractions,tryThis,14,$\frac{2}{5} \times \frac{3}{4}$,$\frac{3}{10}$,3/10,fraction_ops
AGREE,v19|y6m-fractions|curriculum|secure|lesson|multiply fractions,y6m-fractions,Multiply fractions,quickCheck,14,$\frac{2}{7} \times \frac{3}{5}$,$\frac{6}{35}$,6/35,fraction_ops
AGREE,v19|y6m-fractions|curriculum|secure|lesson|multiply fractions,y6m-fractions,Multiply fractions,guidedPractice[0],14,$\frac{1}{2} \times \frac{3}{5}$,$\frac{3}{10}$,3/10,fraction_ops
AGREE,v19|y6m-fractions|curriculum|secure|lesson|multiply fractions,y6m-fractions,Multiply fractions,guidedPractice[1],14,$\frac{3}{4} \times \frac{2}{3}$,$\frac{1}{2}$,1/2,fraction_ops
AGREE,v19|y6m-fractions|curriculum|secure|lesson|multiply fractions,y6m-fractions,Multiply fractions,independentPractice[0],14,$\frac{2}{3} \times \frac{1}{5}$,$\frac{2}{15}$,2/15,fraction_ops
AGREE,v19|y6m-fractions|curriculum|secure|lesson|multiply fractions,y6m-fractions,Multiply fractions,independentPractice[1],14,$\frac{3}{5} \times \frac{2}{3}$,$\frac{2}{5}$,2/5,fraction_ops
AGREE,v19|y6m-fractions|curriculum|secure|lesson|multiply fractions,y6m-fractions,Multiply fractions,independentPractice[2],14,$\frac{4}{5} \times \frac{3}{4}$,$\frac{3}{5}$,3/5,fraction_ops
UNVERIFIABLE,v19|y6m-mult-div|curriculum|secure|lesson|short division,y6m-mult-div,Short division,workedExample,11,$156 \div 3$,52,,
UNVERIFIABLE,v19|y6m-mult-div|curriculum|secure|lesson|short division,y6m-mult-div,Short division,tryThis,11,$248 \div 4$,$62$,,
UNVERIFIABLE,v19|y6m-mult-div|curriculum|secure|lesson|short division,y6m-mult-div,Short division,quickCheck,11,"In $156 \div 3$, why is the carried $1$ read with the $5$ as $15$?","The $1$ hundred is exchanged for $10$ tens, so it joins the $5$ tens to make $15$ tens.",,
UNVERIFIABLE,v19|y6m-mult-div|curriculum|secure|lesson|short division,y6m-mult-div,Short division,guidedPractice[0],11,$124 \div 2$,$62$,,
UNVERIFIABLE,v19|y6m-mult-div|curriculum|secure|lesson|short division,y6m-mult-div,Short division,guidedPractice[1],11,$369 \div 3$,$123$,,
UNVERIFIABLE,v19|y6m-mult-div|curriculum|secure|lesson|short division,y6m-mult-div,Short division,independentPractice[0],11,$248 \div 4$,$62$,,
UNVERIFIABLE,v19|y6m-mult-div|curriculum|secure|lesson|short division,y6m-mult-div,Short division,independentPractice[1],11,$372 \div 3$,$124$,,
UNVERIFIABLE,v19|y6m-mult-div|curriculum|secure|lesson|short division,y6m-mult-div,Short division,independentPractice[2],11,$468 \div 6$,$78$,,
AGREE,v19|y6m-fractions|curriculum|secure|lesson|compare and order fractions,y6m-fractions,Compare and order fractions,workedExample,15,"Order $\frac{1}{2}$, $\frac{2}{3}$ and $\frac{3}{4}$ from smallest to greatest.","1/2, 2/3, 3/4","1/2, 2/3, 3/4",fraction_number_line
AGREE,v19|y6m-fractions|curriculum|secure|lesson|compare and order fractions,y6m-fractions,Compare and order fractions,tryThis,15,"Order $\frac{1}{3}$, $\frac{1}{2}$ and $\frac{5}{6}$ from smallest to greatest.",$\frac{1}{3}<\frac{1}{2}<\frac{5}{6}$,"1/3, 1/2, 5/6",fraction_number_line
AGREE,v19|y6m-fractions|curriculum|secure|lesson|compare and order fractions,y6m-fractions,Compare and order fractions,quickCheck,15,Which is greater: $\frac{5}{8}$ or $\frac{2}{3}$?,$\frac{2}{3}$ is greater because $\frac{5}{8}=\frac{15}{24}$ and $\frac{2}{3}=\frac{16}{24}$.,2/3,fraction_number_line
AGREE,v19|y6m-fractions|curriculum|secure|lesson|compare and order fractions,y6m-fractions,Compare and order fractions,guidedPractice[0],15,"Compare $\frac{1}{2}$ and $\frac{3}{5}$ using $<$, $>$ or $=$.",$\frac{1}{2}<\frac{3}{5}$,"1/2, 3/5",fraction_number_line
AGREE,v19|y6m-fractions|curriculum|secure|lesson|compare and order fractions,y6m-fractions,Compare and order fractions,guidedPractice[1],15,"Order $\frac{1}{4}$, $\frac{2}{3}$ and $\frac{1}{2}$ from smallest to greatest.",$\frac{1}{4}<\frac{1}{2}<\frac{2}{3}$,"1/4, 1/2, 2/3",fraction_number_line
AGREE,v19|y6m-fractions|curriculum|secure|lesson|compare and order fractions,y6m-fractions,Compare and order fractions,independentPractice[0],15,"Compare $\frac{3}{4}$ and $\frac{5}{6}$ using $<$, $>$ or $=$.",$\frac{3}{4}<\frac{5}{6}$,"3/4, 5/6",fraction_number_line
AGREE,v19|y6m-fractions|curriculum|secure|lesson|compare and order fractions,y6m-fractions,Compare and order fractions,independentPractice[1],15,"Order $\frac{3}{5}$, $\frac{1}{2}$ and $\frac{3}{4}$ from smallest to greatest.",$\frac{1}{2}<\frac{3}{5}<\frac{3}{4}$,"1/2, 3/5, 3/4",fraction_number_line
AGREE,v19|y6m-fractions|curriculum|secure|lesson|compare and order fractions,y6m-fractions,Compare and order fractions,independentPractice[2],15,"Order $\frac{2}{3}$, $\frac{3}{8}$ and $\frac{1}{2}$ from smallest to greatest.",$\frac{3}{8}<\frac{1}{2}<\frac{2}{3}$,"3/8, 1/2, 2/3",fraction_number_line
UNVERIFIABLE,v19|y5m-add-subtract|curriculum|secure|lesson|mental addition and subtraction,y5m-add-subtract,Mental addition and subtraction,workedExample,14,$368 + 57$,425,,
UNVERIFIABLE,v19|y5m-add-subtract|curriculum|secure|lesson|mental addition and subtraction,y5m-add-subtract,Mental addition and subtraction,tryThis,14,$476 + 38$,$514$,,
UNVERIFIABLE,v19|y5m-add-subtract|curriculum|secure|lesson|mental addition and subtraction,y5m-add-subtract,Mental addition and subtraction,quickCheck,14,"In $489 + 26$, what two parts can you split $26$ into to bridge through $500$?",$11$ and $15$,,
UNVERIFIABLE,v19|y5m-add-subtract|curriculum|secure|lesson|mental addition and subtraction,y5m-add-subtract,Mental addition and subtraction,guidedPractice[0],14,$284 + 39$,$323$,,
UNVERIFIABLE,v19|y5m-add-subtract|curriculum|secure|lesson|mental addition and subtraction,y5m-add-subtract,Mental addition and subtraction,guidedPractice[1],14,$657 + 48$,$705$,,
UNVERIFIABLE,v19|y5m-add-subtract|curriculum|secure|lesson|mental addition and subtraction,y5m-add-subtract,Mental addition and subtraction,independentPractice[0],14,$173 + 36$,$209$,,
UNVERIFIABLE,v19|y5m-add-subtract|curriculum|secure|lesson|mental addition and subtraction,y5m-add-subtract,Mental addition and subtraction,independentPractice[1],14,$462 + 59$,$521$,,
UNVERIFIABLE,v19|y5m-add-subtract|curriculum|secure|lesson|mental addition and subtraction,y5m-add-subtract,Mental addition and subtraction,independentPractice[2],14,$738 + 67$,$805$,,
UNVERIFIABLE,v19|y5m-statistics|curriculum|secure|guided|read and interpret line graphs,y5m-statistics,Read and interpret line graphs,workedExample,0,A line graph shows the number of birds seen in a garden. How many birds were seen on Wednesday?,16,,
UNVERIFIABLE,v19|y5m-statistics|curriculum|secure|guided|read and interpret line graphs,y5m-statistics,Read and interpret line graphs,tryThis,0,"Using the graph, how many birds were seen on Friday?",$14$ birds.,,
UNVERIFIABLE,v19|y5m-statistics|curriculum|secure|guided|read and interpret line graphs,y5m-statistics,Read and interpret line graphs,quickCheck,0,A point is above Saturday and level with $18$ on the vertical axis. How many birds were seen on Saturday?,$18$ birds.,,
UNVERIFIABLE,v19|y5m-statistics|curriculum|secure|guided|read and interpret line graphs,y5m-statistics,Read and interpret line graphs,guidedPractice[0],0,"Using the graph, how many birds were seen on Tuesday?",$12$ birds.,,
UNVERIFIABLE,v19|y5m-statistics|curriculum|secure|guided|read and interpret line graphs,y5m-statistics,Read and interpret line graphs,guidedPractice[1],0,"Using the graph, how many birds were seen on Thursday?",$10$ birds.,,
UNVERIFIABLE,v19|y5m-statistics|curriculum|secure|guided|read and interpret line graphs,y5m-statistics,Read and interpret line graphs,guidedPractice[2],0,"Using the graph, on which day were $8$ birds seen?",Monday.,,
UNVERIFIABLE,v19|y5m-statistics|curriculum|secure|guided|read and interpret line graphs,y5m-statistics,Read and interpret line graphs,independentPractice[0],0,"Using the graph, how many birds were seen on Monday?",$8$ birds.,,
UNVERIFIABLE,v19|y5m-statistics|curriculum|secure|guided|read and interpret line graphs,y5m-statistics,Read and interpret line graphs,independentPractice[1],0,"Using the graph, on which day were $16$ birds seen?",Wednesday.,,
UNVERIFIABLE,v19|y5m-statistics|curriculum|secure|guided|read and interpret line graphs,y5m-statistics,Read and interpret line graphs,independentPractice[2],0,"Using the graph, how many birds were seen on Friday?",$14$ birds.,,
UNVERIFIABLE,v19|y6m-problem-solving|curriculum|secure|lesson|multi-step problem solving,y6m-problem-solving,Multi-step problem solving,workedExample,21,A school buys $8$ packs of pencils. Each pack has $12$ pencils. The pencils are shared equally between $6$ classes. How many pencils does each class receive?,Each class receives $16$ pencils.,,
UNVERIFIABLE,v19|y6m-problem-solving|curriculum|secure|lesson|multi-step problem solving,y6m-problem-solving,Multi-step problem solving,tryThis,21,A coach buys $7$ boxes of water. Each box contains $15$ bottles. The bottles are shared equally between $5$ teams. How many bottles does each team receive?,"$21$ bottles, because $7 \times 15 = 105$ and $105 \div 5 = 21$.",,
UNVERIFIABLE,v19|y6m-problem-solving|curriculum|secure|lesson|multi-step problem solving,y6m-problem-solving,Multi-step problem solving,quickCheck,21,A club buys $4$ packs of $20$ badges. They share the badges equally between $8$ members. How many badges does each member receive?,"$10$ badges, because $4 \times 20 = 80$ and $80 \div 8 = 10$.",,
UNVERIFIABLE,v19|y6m-problem-solving|curriculum|secure|lesson|multi-step problem solving,y6m-problem-solving,Multi-step problem solving,guidedPractice[0],21,A library has $9$ shelves with $14$ books on each shelf. The books are packed equally into $7$ boxes. How many books go in each box?,"$18$ books, because $9 \times 14 = 126$ and $126 \div 7 = 18$.",,
UNVERIFIABLE,v19|y6m-problem-solving|curriculum|secure|lesson|multi-step problem solving,y6m-problem-solving,Multi-step problem solving,guidedPractice[1],21,A farmer collects $6$ trays of eggs. Each tray holds $24$ eggs. She puts the eggs into cartons of $12$. How many cartons can she fill?,"$12$ cartons, because $6 \times 24 = 144$ and $144 \div 12 = 12$.",,
UNVERIFIABLE,v19|y6m-problem-solving|curriculum|secure|lesson|multi-step problem solving,y6m-problem-solving,Multi-step problem solving,independentPractice[0],21,A theatre has $5$ rows with $18$ seats in each row. The seats are shared equally between $6$ school groups. How many seats does each group receive?,"$15$ seats, because $5 \times 18 = 90$ and $90 \div 6 = 15$.",,
UNVERIFIABLE,v19|y6m-problem-solving|curriculum|secure|lesson|multi-step problem solving,y6m-problem-solving,Multi-step problem solving,independentPractice[1],21,A baker makes $8$ trays of $16$ cupcakes. She puts $4$ cupcakes into each box. How many boxes does she fill?,"$32$ boxes, because $8 \times 16 = 128$ and $128 \div 4 = 32$.",,
UNVERIFIABLE,v19|y6m-problem-solving|curriculum|secure|lesson|multi-step problem solving,y6m-problem-solving,Multi-step problem solving,independentPractice[2],21,A charity receives $12$ bags of $25$ tins. The tins are shared equally between $10$ food banks. How many tins does each food bank receive?,"$30$ tins, because $12 \times 25 = 300$ and $300 \div 10 = 30$.",,
AGREE,v19|y5m-negative-numbers|curriculum|secure|lesson|understand negative numbers,y5m-negative-numbers,Understand negative numbers,workedExample,11,Which number is greater: $-3$ or $2$?,difference 5; greater 2,difference 5; greater 2,signed_number_line
AGREE,v19|y5m-negative-numbers|curriculum|secure|lesson|understand negative numbers,y5m-negative-numbers,Understand negative numbers,tryThis,11,Which number is greater: $-1$ or $-4$?,$-1$ is greater because it is further right on the number line.,difference 3; greater -1,signed_number_line
AGREE,v19|y5m-negative-numbers|curriculum|secure|lesson|understand negative numbers,y5m-negative-numbers,Understand negative numbers,quickCheck,11,Which number is greater: $0$ or $-1$?,$0$ is greater than $-1$ because $0$ is to the right.,difference 1; greater 0,signed_number_line
DISAGREE,v19|y5m-negative-numbers|curriculum|secure|lesson|understand negative numbers,y5m-negative-numbers,Understand negative numbers,guidedPractice[0],11,Which number is greater: $-2$ or $1$?,$1$ is greater than $-2$.,difference 3; greater 1,signed_number_line
DISAGREE,v19|y5m-negative-numbers|curriculum|secure|lesson|understand negative numbers,y5m-negative-numbers,Understand negative numbers,guidedPractice[1],11,Which number is greater: $-6$ or $-4$?,$-4$ is greater than $-6$.,difference 2; greater -4,signed_number_line
AGREE,v19|y5m-negative-numbers|curriculum|secure|lesson|understand negative numbers,y5m-negative-numbers,Understand negative numbers,independentPractice[0],11,Which number is smaller: $-1$ or $-7$?,$-7$ is smaller than $-1$.,difference 6; greater -1,signed_number_line
AGREE,v19|y5m-negative-numbers|curriculum|secure|lesson|understand negative numbers,y5m-negative-numbers,Understand negative numbers,independentPractice[1],11,"Put these numbers in order from smallest to greatest: $-2$, $3$, $-5$, $0$.","$-5$, $-2$, $0$, $3$.",difference 5; greater 3,signed_number_line
AGREE,v19|y5m-negative-numbers|curriculum|secure|lesson|understand negative numbers,y5m-negative-numbers,Understand negative numbers,independentPractice[2],11,Is $-9$ to the left or right of $0$ on a number line?,$-9$ is to the left of $0$.,difference 9; greater 0,signed_number_line
AGREE,v19|y5m-position-direction|curriculum|secure|lesson|read and plot coordinates (first quadrant),y5m-position-direction,Read and plot coordinates (first quadrant),workedExample,33,"Plot point $A$ at $(4, 3)$ on a first-quadrant coordinate grid.","(4,3)","(4,3)",coordinate_plot
DISAGREE,v19|y5m-position-direction|curriculum|secure|lesson|read and plot coordinates (first quadrant),y5m-position-direction,Read and plot coordinates (first quadrant),tryThis,33,"Plot point $B$ at $(2, 5)$.","Point $B$ is $2$ squares right and $5$ squares up from $(0, 0)$.","(2,5)",coordinate_plot
AGREE,v19|y5m-position-direction|curriculum|secure|lesson|read and plot coordinates (first quadrant),y5m-position-direction,Read and plot coordinates (first quadrant),quickCheck,33,"Which coordinate means $2$ squares right and $5$ squares up: $(2, 5)$ or $(5, 2)$?","$(2, 5)$","(2,5)",coordinate_plot
AGREE,v19|y5m-position-direction|curriculum|secure|lesson|read and plot coordinates (first quadrant),y5m-position-direction,Read and plot coordinates (first quadrant),guidedPractice[0],33,"Plot point $C$ at $(5, 2)$.","Point $C$ is at $(5, 2)$.","(5,2)",coordinate_plot
AGREE,v19|y5m-position-direction|curriculum|secure|lesson|read and plot coordinates (first quadrant),y5m-position-direction,Read and plot coordinates (first quadrant),guidedPractice[1],33,A point is $1$ square right and $4$ squares up. Write its coordinate.,"$(1, 4)$","(1,4)",coordinate_plot
AGREE,v19|y5m-position-direction|curriculum|secure|lesson|read and plot coordinates (first quadrant),y5m-position-direction,Read and plot coordinates (first quadrant),independentPractice[0],33,"Plot point $D$ at $(3, 5)$.","Point $D$ is at $(3, 5)$.","(3,5)",coordinate_plot
AGREE,v19|y5m-position-direction|curriculum|secure|lesson|read and plot coordinates (first quadrant),y5m-position-direction,Read and plot coordinates (first quadrant),independentPractice[1],33,"Plot point $E$ at $(6, 1)$.","Point $E$ is at $(6, 1)$.","(6,1)",coordinate_plot
AGREE,v19|y5m-position-direction|curriculum|secure|lesson|read and plot coordinates (first quadrant),y5m-position-direction,Read and plot coordinates (first quadrant),independentPractice[2],33,A point is $4$ squares right and $6$ squares up. Write its coordinate.,"$(4, 6)$","(4,6)",coordinate_plot
UNVERIFIABLE,v19|y6m-ratio|curriculum|secure|lesson|ratio and the ratio symbol,y6m-ratio,Ratio and the ratio symbol,workedExample,11,A box has $4$ yellow cubes and $3$ green cubes. Write the ratio of yellow cubes to green cubes.,4:3,,
UNVERIFIABLE,v19|y6m-ratio|curriculum|secure|lesson|ratio and the ratio symbol,y6m-ratio,Ratio and the ratio symbol,tryThis,11,There are $5$ circles and $2$ squares. Write the ratio of circles to squares.,$5:2$,,
UNVERIFIABLE,v19|y6m-ratio|curriculum|secure|lesson|ratio and the ratio symbol,y6m-ratio,Ratio and the ratio symbol,quickCheck,11,There are $1$ orange ball and $4$ purple balls. What is the ratio of purple balls to orange balls?,$4:1$,,
UNVERIFIABLE,v19|y6m-ratio|curriculum|secure|lesson|ratio and the ratio symbol,y6m-ratio,Ratio and the ratio symbol,guidedPractice[0],11,A tray has $6$ apples and $4$ pears. Write the ratio of apples to pears.,$6:4$,,
UNVERIFIABLE,v19|y6m-ratio|curriculum|secure|lesson|ratio and the ratio symbol,y6m-ratio,Ratio and the ratio symbol,guidedPractice[1],11,There are $2$ red flags and $7$ blue flags. Write the ratio of blue flags to red flags.,$7:2$,,
UNVERIFIABLE,v19|y6m-ratio|curriculum|secure|lesson|ratio and the ratio symbol,y6m-ratio,Ratio and the ratio symbol,independentPractice[0],11,A jar has $8$ black beads and $5$ white beads. Write the ratio of black beads to white beads.,$8:5$,,
UNVERIFIABLE,v19|y6m-ratio|curriculum|secure|lesson|ratio and the ratio symbol,y6m-ratio,Ratio and the ratio symbol,independentPractice[1],11,There are $3$ cats and $9$ dogs. Write the ratio of dogs to cats.,$9:3$,,
UNVERIFIABLE,v19|y6m-ratio|curriculum|secure|lesson|ratio and the ratio symbol,y6m-ratio,Ratio and the ratio symbol,independentPractice[2],11,A picture shows $6$ stars and $6$ hearts. Write the ratio of stars to hearts.,$6:6$,,
AGREE,v19|y5m-fractions|curriculum|secure|lesson|equivalent fractions,y5m-fractions,Equivalent fractions,workedExample,14,Find an equivalent fraction to $\frac{3}{4}$ with a denominator of $8$.,3/4 = 0.75 = 75%,6/8,fraction_equivalent
AGREE,v19|y5m-fractions|curriculum|secure|lesson|equivalent fractions,y5m-fractions,Equivalent fractions,tryThis,14,Find an equivalent fraction to $\frac{2}{5}$ with a denominator of $10$.,$\frac{2}{5} = \frac{4}{10}$,4/10,fraction_equivalent
UNVERIFIABLE,v19|y5m-fractions|curriculum|secure|lesson|equivalent fractions,y5m-fractions,Equivalent fractions,quickCheck,14,Complete: $\frac{4}{7} = \frac{\Box}{14}$.,$\frac{4}{7} = \frac{8}{14}$,,
AGREE,v19|y5m-fractions|curriculum|secure|lesson|equivalent fractions,y5m-fractions,Equivalent fractions,guidedPractice[0],14,Find an equivalent fraction to $\frac{1}{3}$ with a denominator of $6$.,$\frac{1}{3} = \frac{2}{6}$,2/6,fraction_equivalent
AGREE,v19|y5m-fractions|curriculum|secure|lesson|equivalent fractions,y5m-fractions,Equivalent fractions,guidedPractice[1],14,Find an equivalent fraction to $\frac{4}{5}$ with a denominator of $10$.,$\frac{4}{5} = \frac{8}{10}$,8/10,fraction_equivalent
AGREE,v19|y5m-fractions|curriculum|secure|lesson|equivalent fractions,y5m-fractions,Equivalent fractions,independentPractice[0],14,Find an equivalent fraction to $\frac{2}{3}$ with a denominator of $9$.,$\frac{2}{3} = \frac{6}{9}$,6/9,fraction_equivalent
AGREE,v19|y5m-fractions|curriculum|secure|lesson|equivalent fractions,y5m-fractions,Equivalent fractions,independentPractice[1],14,Find an equivalent fraction to $\frac{3}{5}$ with a denominator of $15$.,$\frac{3}{5} = \frac{9}{15}$,9/15,fraction_equivalent
AGREE,v19|y5m-fractions|curriculum|secure|lesson|equivalent fractions,y5m-fractions,Equivalent fractions,independentPractice[2],14,Find an equivalent fraction to $\frac{5}{6}$ with a denominator of $12$.,$\frac{5}{6} = \frac{10}{12}$,10/12,fraction_equivalent
UNVERIFIABLE,v19|y6m-position-direction|curriculum|secure|lesson|coordinates in four quadrants,y6m-position-direction,Coordinates in four quadrants,workedExample,0,What are the coordinates of point $A$?,"(-4,-3)",,
AGREE,v19|y6m-position-direction|curriculum|secure|lesson|coordinates in four quadrants,y6m-position-direction,Coordinates in four quadrants,tryThis,0,A point is $2$ squares right and $5$ squares down from the origin. What are its coordinates?,"(2,-5)","(2,-5)",coordinate_plot
AGREE,v19|y6m-position-direction|curriculum|secure|lesson|coordinates in four quadrants,y6m-position-direction,Coordinates in four quadrants,quickCheck,0,"Which coordinate is in Quadrant $II$: $(3, 2)$, $(-3, 2)$, $(-3, -2)$, or $(3, -2)$?","(-3,2)","(-3,2)",coordinate_plot
AGREE,v19|y6m-position-direction|curriculum|secure|lesson|coordinates in four quadrants,y6m-position-direction,Coordinates in four quadrants,guidedPractice[0],0,Point $B$ is $3$ squares left and $2$ squares up from the origin. What are its coordinates?,"(-3,2)","(-3,2)",coordinate_plot
AGREE,v19|y6m-position-direction|curriculum|secure|lesson|coordinates in four quadrants,y6m-position-direction,Coordinates in four quadrants,guidedPractice[1],0,Point $C$ is $5$ squares right and $1$ square down from the origin. What are its coordinates?,"(5,-1)","(5,-1)",coordinate_plot
AGREE,v19|y6m-position-direction|curriculum|secure|lesson|coordinates in four quadrants,y6m-position-direction,Coordinates in four quadrants,independentPractice[0],0,Point $D$ is $4$ squares right and $3$ squares up from the origin. What are its coordinates?,"(4,3)","(4,3)",coordinate_plot
AGREE,v19|y6m-position-direction|curriculum|secure|lesson|coordinates in four quadrants,y6m-position-direction,Coordinates in four quadrants,independentPractice[1],0,Point $E$ is $2$ squares left and $4$ squares down from the origin. What are its coordinates?,"(-2,-4)","(-2,-4)",coordinate_plot
AGREE,v19|y6m-position-direction|curriculum|secure|lesson|coordinates in four quadrants,y6m-position-direction,Coordinates in four quadrants,independentPractice[2],0,"Point $F$ has coordinates $(1, -5)$. Which quadrant is point $F$ in?",Quadrant IV,Quadrant IV,coordinate_plot
AGREE,v19|y6m-decimals|curriculum|secure|lesson|decimals as fractions,y6m-decimals,Decimals as fractions,workedExample,11,Write $0.37$ as a fraction.,37,37,place_value_chart
UNVERIFIABLE,v19|y6m-decimals|curriculum|secure|lesson|decimals as fractions,y6m-decimals,Decimals as fractions,tryThis,11,Write $0.6$ as a fraction.,$\frac{6}{10}$,,
UNVERIFIABLE,v19|y6m-decimals|curriculum|secure|lesson|decimals as fractions,y6m-decimals,Decimals as fractions,quickCheck,11,Which fraction is equal to $0.52$?,$\frac{52}{100}$,,
UNVERIFIABLE,v19|y6m-decimals|curriculum|secure|lesson|decimals as fractions,y6m-decimals,Decimals as fractions,guidedPractice[0],11,Write $0.8$ as a fraction.,$\frac{8}{10}$,,
DISAGREE,v19|y6m-decimals|curriculum|secure|lesson|decimals as fractions,y6m-decimals,Decimals as fractions,guidedPractice[1],11,Write $0.25$ as a fraction.,$\frac{25}{100}$,25,place_value_chart
UNVERIFIABLE,v19|y6m-decimals|curriculum|secure|lesson|decimals as fractions,y6m-decimals,Decimals as fractions,independentPractice[0],11,Write $0.3$ as a fraction.,$\frac{3}{10}$,,
DISAGREE,v19|y6m-decimals|curriculum|secure|lesson|decimals as fractions,y6m-decimals,Decimals as fractions,independentPractice[1],11,Write $0.46$ as a fraction.,$\frac{46}{100}$,46,place_value_chart
DISAGREE,v19|y6m-decimals|curriculum|secure|lesson|decimals as fractions,y6m-decimals,Decimals as fractions,independentPractice[2],11,Write $0.09$ as a fraction.,$\frac{9}{100}$,9,place_value_chart
UNVERIFIABLE,"v19|y5m-converting-units|curriculum|secure|lesson|metric units of length, mass and capacity",y5m-converting-units,"Metric units of length, mass and capacity",workedExample,12,Convert $3l$ into $ml$.,"3,000",,
UNVERIFIABLE,"v19|y5m-converting-units|curriculum|secure|lesson|metric units of length, mass and capacity",y5m-converting-units,"Metric units of length, mass and capacity",tryThis,12,Convert $5l$ into $ml$.,$5l = 5000ml$,,
DISAGREE,"v19|y5m-converting-units|curriculum|secure|lesson|metric units of length, mass and capacity",y5m-converting-units,"Metric units of length, mass and capacity",quickCheck,12,Which is correct: $6l = 600ml$ or $6l = 6000ml$?,$6l = 6000ml$,l = 100,linear_equation
UNVERIFIABLE,"v19|y5m-converting-units|curriculum|secure|lesson|metric units of length, mass and capacity",y5m-converting-units,"Metric units of length, mass and capacity",guidedPractice[0],12,Convert $2l$ into $ml$.,$2l = 2000ml$,,
UNVERIFIABLE,"v19|y5m-converting-units|curriculum|secure|lesson|metric units of length, mass and capacity",y5m-converting-units,"Metric units of length, mass and capacity",guidedPractice[1],12,Convert $7l$ into $ml$.,$7l = 7000ml$,,
UNVERIFIABLE,"v19|y5m-converting-units|curriculum|secure|lesson|metric units of length, mass and capacity",y5m-converting-units,"Metric units of length, mass and capacity",independentPractice[0],12,Convert $4l$ into $ml$.,$4l = 4000ml$,,
UNVERIFIABLE,"v19|y5m-converting-units|curriculum|secure|lesson|metric units of length, mass and capacity",y5m-converting-units,"Metric units of length, mass and capacity",independentPractice[1],12,Convert $9l$ into $ml$.,$9l = 9000ml$,,
UNVERIFIABLE,"v19|y5m-converting-units|curriculum|secure|lesson|metric units of length, mass and capacity",y5m-converting-units,"Metric units of length, mass and capacity",independentPractice[2],12,Convert $12l$ into $ml$.,$12l = 12000ml$,,
AGREE,"v19|y6m-place-value|curriculum|secure|lesson|numbers to 1,000,000",y6m-place-value,"Numbers to 1,000,000",workedExample,11,"Write $406,075$ in words.","406,075","406,075",place_value_chart
AGREE,"v19|y6m-place-value|curriculum|secure|lesson|numbers to 1,000,000",y6m-place-value,"Numbers to 1,000,000",tryThis,11,"Write $520,304$ in words.","$520,304$ is five hundred and twenty thousand, three hundred and four.","520,304",place_value_chart
UNVERIFIABLE,"v19|y6m-place-value|curriculum|secure|lesson|numbers to 1,000,000",y6m-place-value,"Numbers to 1,000,000",quickCheck,11,"What is the value of the digit $8$ in $482,615$?","The digit $8$ has a value of $80,000$.",,
AGREE,"v19|y6m-place-value|curriculum|secure|lesson|numbers to 1,000,000",y6m-place-value,"Numbers to 1,000,000",guidedPractice[0],11,"Write $318,042$ in words.","$318,042$ is three hundred and eighteen thousand and forty-two.","318,042",place_value_chart
AGREE,"v19|y6m-place-value|curriculum|secure|lesson|numbers to 1,000,000",y6m-place-value,"Numbers to 1,000,000",guidedPractice[1],11,"Write $700,506$ in words.","$700,506$ is seven hundred thousand, five hundred and six.","700,506",place_value_chart
AGREE,"v19|y6m-place-value|curriculum|secure|lesson|numbers to 1,000,000",y6m-place-value,"Numbers to 1,000,000",independentPractice[0],11,"Write $245,019$ in words.","$245,019$ is two hundred and forty-five thousand and nineteen.","245,019",place_value_chart
AGREE,"v19|y6m-place-value|curriculum|secure|lesson|numbers to 1,000,000",y6m-place-value,"Numbers to 1,000,000",independentPractice[1],11,"Write $901,230$ in words.","$901,230$ is nine hundred and one thousand, two hundred and thirty.","901,230",place_value_chart
UNVERIFIABLE,"v19|y6m-place-value|curriculum|secure|lesson|numbers to 1,000,000",y6m-place-value,"Numbers to 1,000,000",independentPractice[2],11,"Write $1,000,000$ in words.","$1,000,000$ is one million.",,
UNVERIFIABLE,v19|y5m-decimals-percentages|curriculum|secure|lesson|decimals up to 2 decimal places,y5m-decimals-percentages,Decimals up to 2 decimal places,workedExample,12,"What decimal is shown by $3$ ones, $4$ tenths and $7$ hundredths?",$3.47$,,
UNVERIFIABLE,v19|y5m-decimals-percentages|curriculum|secure|lesson|decimals up to 2 decimal places,y5m-decimals-percentages,Decimals up to 2 decimal places,tryThis,12,"Write the decimal with $5$ ones, $2$ tenths and $9$ hundredths.",$5.29$,,
UNVERIFIABLE,v19|y5m-decimals-percentages|curriculum|secure|lesson|decimals up to 2 decimal places,y5m-decimals-percentages,Decimals up to 2 decimal places,quickCheck,12,"What decimal has $2$ ones, $7$ tenths and $3$ hundredths?",$2.73$,,
UNVERIFIABLE,v19|y5m-decimals-percentages|curriculum|secure|lesson|decimals up to 2 decimal places,y5m-decimals-percentages,Decimals up to 2 decimal places,guidedPractice[0],12,"Write the decimal with $6$ ones, $3$ tenths and $5$ hundredths.",$6.35$,,
UNVERIFIABLE,v19|y5m-decimals-percentages|curriculum|secure|lesson|decimals up to 2 decimal places,y5m-decimals-percentages,Decimals up to 2 decimal places,guidedPractice[1],12,What is the value of the digit $8$ in $1.86$?,"$8$ tenths, or $0.8$",,
UNVERIFIABLE,v19|y5m-decimals-percentages|curriculum|secure|lesson|decimals up to 2 decimal places,y5m-decimals-percentages,Decimals up to 2 decimal places,guidedPractice[2],12,"Which decimal is $2$ ones, $0$ tenths and $4$ hundredths?",$2.04$,,
UNVERIFIABLE,v19|y5m-decimals-percentages|curriculum|secure|lesson|decimals up to 2 decimal places,y5m-decimals-percentages,Decimals up to 2 decimal places,independentPractice[0],12,"Write the decimal with $7$ ones, $1$ tenth and $2$ hundredths.",$7.12$,,
UNVERIFIABLE,v19|y5m-decimals-percentages|curriculum|secure|lesson|decimals up to 2 decimal places,y5m-decimals-percentages,Decimals up to 2 decimal places,independentPractice[1],12,What is the value of the digit $5$ in $3.54$?,"$5$ tenths, or $0.5$",,
UNVERIFIABLE,v19|y5m-decimals-percentages|curriculum|secure|lesson|decimals up to 2 decimal places,y5m-decimals-percentages,Decimals up to 2 decimal places,independentPractice[2],12,Write $9$ ones and $6$ hundredths as a decimal.,$9.06$,,
UNVERIFIABLE,v19|y5m-decimals-percentages|curriculum|secure|lesson|decimals up to 2 decimal places,y5m-decimals-percentages,Decimals up to 2 decimal places,independentPractice[3],12,"Which is shown by $4$ ones, $9$ tenths and $0$ hundredths?",$4.90$,,
AGREE,v19|y5m-decimals|curriculum|secure|guided|add and subtract decimals,y5m-decimals,Add and subtract decimals,workedExample,8,$3.47 + 2.36$,5.83,5.83,decimal_column
AGREE,v19|y5m-decimals|curriculum|secure|guided|add and subtract decimals,y5m-decimals,Add and subtract decimals,tryThis,8,$4.28 + 1.45$,$5.73$,5.73,decimal_column
AGREE,v19|y5m-decimals|curriculum|secure|guided|add and subtract decimals,y5m-decimals,Add and subtract decimals,quickCheck,8,Which calculation is lined up correctly: $3.4 + 1.25$ or $3.4 + 1.25$ with the decimal points directly underneath?,The correct layout has decimal points directly underneath: $3.40 + 1.25 = 4.65$.,4.65,decimal_column
AGREE,v19|y5m-decimals|curriculum|secure|guided|add and subtract decimals,y5m-decimals,Add and subtract decimals,guidedPractice[0],8,$6.52 + 1.27$,$7.79$,7.79,decimal_column
AGREE,v19|y5m-decimals|curriculum|secure|guided|add and subtract decimals,y5m-decimals,Add and subtract decimals,guidedPractice[1],8,$8.64 - 3.21$,$5.43$,5.43,decimal_column
AGREE,v19|y5m-decimals|curriculum|secure|guided|add and subtract decimals,y5m-decimals,Add and subtract decimals,guidedPractice[2],8,$7.30 - 2.46$,$4.84$,4.84,decimal_column
AGREE,v19|y5m-decimals|curriculum|secure|guided|add and subtract decimals,y5m-decimals,Add and subtract decimals,independentPractice[0],8,$2.75 + 4.13$,$6.88$,6.88,decimal_column
AGREE,v19|y5m-decimals|curriculum|secure|guided|add and subtract decimals,y5m-decimals,Add and subtract decimals,independentPractice[1],8,$9.06 - 3.42$,$5.64$,5.64,decimal_column
AGREE,v19|y5m-decimals|curriculum|secure|guided|add and subtract decimals,y5m-decimals,Add and subtract decimals,independentPractice[2],8,$5.68 + 2.57$,$8.25$,8.25,decimal_column
AGREE,"v19|y5m-place-value|curriculum|secure|lesson|numbers to 10,000 and 100,000",y5m-place-value,"Numbers to 10,000 and 100,000",workedExample,11,"Write $47,306$ in words and state the value of the digit $7$.","47,306","47,306",place_value_chart
DISAGREE,"v19|y5m-place-value|curriculum|secure|lesson|numbers to 10,000 and 100,000",y5m-place-value,"Numbers to 10,000 and 100,000",tryThis,11,"Write $82,041$ in words and state the value of the digit $2$.","$82,041$ is eighty-two thousand and forty-one. The digit $2$ has a value of $2,000$.","82,041",place_value_chart
UNVERIFIABLE,"v19|y5m-place-value|curriculum|secure|lesson|numbers to 10,000 and 100,000",y5m-place-value,"Numbers to 10,000 and 100,000",quickCheck,11,"What is the value of the digit $5$ in $15,074$?","The digit $5$ has a value of $5,000$.",,
AGREE,"v19|y5m-place-value|curriculum|secure|lesson|numbers to 10,000 and 100,000",y5m-place-value,"Numbers to 10,000 and 100,000",guidedPractice[0],11,"Write $56,209$ in words.","$56,209$ is fifty-six thousand, two hundred and nine.","56,209",place_value_chart
UNVERIFIABLE,"v19|y5m-place-value|curriculum|secure|lesson|numbers to 10,000 and 100,000",y5m-place-value,"Numbers to 10,000 and 100,000",guidedPractice[1],11,"What is the value of the digit $9$ in $39,415$?","The digit $9$ has a value of $9,000$.",,
AGREE,"v19|y5m-place-value|curriculum|secure|lesson|numbers to 10,000 and 100,000",y5m-place-value,"Numbers to 10,000 and 100,000",independentPractice[0],11,"Write $71,508$ in words.","$71,508$ is seventy-one thousand, five hundred and eight.","71,508",place_value_chart
UNVERIFIABLE,"v19|y5m-place-value|curriculum|secure|lesson|numbers to 10,000 and 100,000",y5m-place-value,"Numbers to 10,000 and 100,000",independentPractice[1],11,"What is the value of the digit $6$ in $64,230$?","The digit $6$ has a value of $60,000$.",,
UNVERIFIABLE,"v19|y5m-place-value|curriculum|secure|lesson|numbers to 10,000 and 100,000",y5m-place-value,"Numbers to 10,000 and 100,000",independentPractice[2],11,"Write sixty-three thousand, four hundred and twelve as a number.","$63,412$",,
UNVERIFIABLE,v19|y6m-converting-units|curriculum|secure|lesson|metric measures,y6m-converting-units,Metric measures,workedExample,13,Convert $4\text{ m}$ to centimetres.,$4\text{ m}=400\text{ cm}$,,
UNVERIFIABLE,v19|y6m-converting-units|curriculum|secure|lesson|metric measures,y6m-converting-units,Metric measures,tryThis,13,Convert $7\text{ m}$ to centimetres.,$700\text{ cm}$,,
UNVERIFIABLE,v19|y6m-converting-units|curriculum|secure|lesson|metric measures,y6m-converting-units,Metric measures,quickCheck,13,A rope is $8\text{ m}$ long. How many centimetres is this?,$800\text{ cm}$,,
UNVERIFIABLE,v19|y6m-converting-units|curriculum|secure|lesson|metric measures,y6m-converting-units,Metric measures,guidedPractice[0],13,Convert $2\text{ m}$ to centimetres.,$200\text{ cm}$,,
UNVERIFIABLE,v19|y6m-converting-units|curriculum|secure|lesson|metric measures,y6m-converting-units,Metric measures,guidedPractice[1],13,Convert $9\text{ m}$ to centimetres.,$900\text{ cm}$,,
UNVERIFIABLE,v19|y6m-converting-units|curriculum|secure|lesson|metric measures,y6m-converting-units,Metric measures,guidedPractice[2],13,Convert $15\text{ m}$ to centimetres.,$1500\text{ cm}$,,
UNVERIFIABLE,v19|y6m-converting-units|curriculum|secure|lesson|metric measures,y6m-converting-units,Metric measures,independentPractice[0],13,Convert $6\text{ m}$ to centimetres.,$600\text{ cm}$,,
UNVERIFIABLE,v19|y6m-converting-units|curriculum|secure|lesson|metric measures,y6m-converting-units,Metric measures,independentPractice[1],13,Convert $12\text{ m}$ to centimetres.,$1200\text{ cm}$,,
UNVERIFIABLE,v19|y6m-converting-units|curriculum|secure|lesson|metric measures,y6m-converting-units,Metric measures,independentPractice[2],13,Convert $25\text{ m}$ to centimetres.,$2500\text{ cm}$,,
UNVERIFIABLE,v19|11-algebra|eleven_plus|secure|lesson|function machines and missing numbers,11-algebra,Function machines and missing numbers,workedExample,0,A function machine adds $7$. The output is $25$. What is the missing input?,18,,
UNVERIFIABLE,v19|11-algebra|eleven_plus|secure|lesson|function machines and missing numbers,11-algebra,Function machines and missing numbers,tryThis,0,A function machine subtracts $6$. The output is $14$. What is the missing input?,"$20$, because $20 - 6 = 14$.",,
UNVERIFIABLE,v19|11-algebra|eleven_plus|secure|lesson|function machines and missing numbers,11-algebra,Function machines and missing numbers,quickCheck,0,A function machine adds $5$. The output is $19$. What is the missing input?,$14$,,
UNVERIFIABLE,v19|11-algebra|eleven_plus|secure|lesson|function machines and missing numbers,11-algebra,Function machines and missing numbers,guidedPractice[0],0,A function machine adds $9$. The output is $31$. What is the missing input?,$22$,,
UNVERIFIABLE,v19|11-algebra|eleven_plus|secure|lesson|function machines and missing numbers,11-algebra,Function machines and missing numbers,guidedPractice[1],0,A function machine subtracts $8$. The output is $16$. What is the missing input?,$24$,,
UNVERIFIABLE,v19|11-algebra|eleven_plus|secure|lesson|function machines and missing numbers,11-algebra,Function machines and missing numbers,independentPractice[0],0,A function machine adds $12$. The output is $40$. What is the missing input?,$28$,,
UNVERIFIABLE,v19|11-algebra|eleven_plus|secure|lesson|function machines and missing numbers,11-algebra,Function machines and missing numbers,independentPractice[1],0,A function machine subtracts $15$. The output is $23$. What is the missing input?,$38$,,
UNVERIFIABLE,v19|11-algebra|eleven_plus|secure|lesson|function machines and missing numbers,11-algebra,Function machines and missing numbers,independentPractice[2],0,A function machine adds $20$. The output is $57$. What is the missing input?,$37$,,
UNVERIFIABLE,v19|11-measures|eleven_plus|secure|lesson|unit conversions,11-measures,Unit conversions,workedExample,0,Convert $4\text{ m}$ to centimetres.,$4\text{ m}=400\text{ cm}$,,
UNVERIFIABLE,v19|11-measures|eleven_plus|secure|lesson|unit conversions,11-measures,Unit conversions,tryThis,0,Convert $7\text{ m}$ to centimetres.,$7\text{ m}=700\text{ cm}$,,
UNVERIFIABLE,v19|11-measures|eleven_plus|secure|lesson|unit conversions,11-measures,Unit conversions,quickCheck,0,Complete: $9\text{ m}=\square\text{ cm}$.,$9\text{ m}=900\text{ cm}$,,
UNVERIFIABLE,v19|11-measures|eleven_plus|secure|lesson|unit conversions,11-measures,Unit conversions,guidedPractice[0],0,Convert $3\text{ m}$ to centimetres.,$3\text{ m}=300\text{ cm}$,,
UNVERIFIABLE,v19|11-measures|eleven_plus|secure|lesson|unit conversions,11-measures,Unit conversions,guidedPractice[1],0,Convert $12\text{ m}$ to centimetres.,$12\text{ m}=1200\text{ cm}$,,
UNVERIFIABLE,v19|11-measures|eleven_plus|secure|lesson|unit conversions,11-measures,Unit conversions,independentPractice[0],0,Convert $6\text{ m}$ to centimetres.,$6\text{ m}=600\text{ cm}$,,
UNVERIFIABLE,v19|11-measures|eleven_plus|secure|lesson|unit conversions,11-measures,Unit conversions,independentPractice[1],0,Convert $25\text{ m}$ to centimetres.,$25\text{ m}=2500\text{ cm}$,,
UNVERIFIABLE,v19|11-measures|eleven_plus|secure|lesson|unit conversions,11-measures,Unit conversions,independentPractice[2],0,Convert $40\text{ m}$ to centimetres.,$40\text{ m}=4000\text{ cm}$,,
UNVERIFIABLE,"v19|11-data|eleven_plus|secure|lesson|tables, charts and graphs",11-data,"Tables, charts and graphs",workedExample,0,How many children chose apples as their favourite fruit?,$8$ children chose apples.,,
UNVERIFIABLE,"v19|11-data|eleven_plus|secure|lesson|tables, charts and graphs",11-data,"Tables, charts and graphs",tryThis,0,"Using the chart, how many children chose oranges?",$10$ children chose oranges.,,
UNVERIFIABLE,"v19|11-data|eleven_plus|secure|lesson|tables, charts and graphs",11-data,"Tables, charts and graphs",quickCheck,0,What must you check before reading a bar's value?,Check the numbered scale and what each interval represents.,,
UNVERIFIABLE,"v19|11-data|eleven_plus|secure|lesson|tables, charts and graphs",11-data,"Tables, charts and graphs",guidedPractice[0],0,"Using the chart, how many children chose grapes?",$6$ children chose grapes.,,
UNVERIFIABLE,"v19|11-data|eleven_plus|secure|lesson|tables, charts and graphs",11-data,"Tables, charts and graphs",guidedPractice[1],0,"Using the table, which fruit was chosen by $12$ children?",Bananas.,,
UNVERIFIABLE,"v19|11-data|eleven_plus|secure|lesson|tables, charts and graphs",11-data,"Tables, charts and graphs",independentPractice[0],0,"Using the chart, how many children chose bananas?",$12$ children chose bananas.,,
UNVERIFIABLE,"v19|11-data|eleven_plus|secure|lesson|tables, charts and graphs",11-data,"Tables, charts and graphs",independentPractice[1],0,"Using the table, which fruit was chosen by $10$ children?",Oranges.,,
UNVERIFIABLE,"v19|11-data|eleven_plus|secure|lesson|tables, charts and graphs",11-data,"Tables, charts and graphs",independentPractice[2],0,Which bar is the shortest on the chart?,Grapes.,,
DISAGREE,v19|y5m-fractions|curriculum|secure|guided|equivalent fractions,y5m-fractions,Equivalent fractions,workedExample,3,Complete $\frac{3}{4}=\frac{\square}{12}$.,0 r 3,9/12,fraction_equivalent
AGREE,v19|y5m-fractions|curriculum|secure|guided|equivalent fractions,y5m-fractions,Equivalent fractions,tryThis,3,Complete $\frac{2}{5}=\frac{\square}{15}$.,$\frac{2}{5}=\frac{6}{15}$,6/15,fraction_equivalent
UNVERIFIABLE,v19|y5m-fractions|curriculum|secure|guided|equivalent fractions,y5m-fractions,Equivalent fractions,quickCheck,3,Is $\frac{2}{3}=\frac{8}{12}$ true? Explain using multiplication.,"Yes. $2 \times 4 = 8$ and $3 \times 4 = 12$, so both parts were multiplied by $4$.",,
AGREE,v19|y5m-fractions|curriculum|secure|guided|equivalent fractions,y5m-fractions,Equivalent fractions,guidedPractice[0],3,Complete $\frac{1}{3}=\frac{\square}{6}$.,$\frac{1}{3}=\frac{2}{6}$,2/6,fraction_equivalent
AGREE,v19|y5m-fractions|curriculum|secure|guided|equivalent fractions,y5m-fractions,Equivalent fractions,guidedPractice[1],3,Complete $\frac{2}{7}=\frac{\square}{14}$.,$\frac{2}{7}=\frac{4}{14}$,4/14,fraction_equivalent
AGREE,v19|y5m-fractions|curriculum|secure|guided|equivalent fractions,y5m-fractions,Equivalent fractions,guidedPractice[2],3,Complete $\frac{4}{5}=\frac{\square}{10}$.,$\frac{4}{5}=\frac{8}{10}$,8/10,fraction_equivalent
AGREE,v19|y5m-fractions|curriculum|secure|guided|equivalent fractions,y5m-fractions,Equivalent fractions,independentPractice[0],3,Complete $\frac{3}{5}=\frac{\square}{15}$.,$\frac{3}{5}=\frac{9}{15}$,9/15,fraction_equivalent
AGREE,v19|y5m-fractions|curriculum|secure|guided|equivalent fractions,y5m-fractions,Equivalent fractions,independentPractice[1],3,Complete $\frac{1}{4}=\frac{\square}{12}$.,$\frac{1}{4}=\frac{3}{12}$,3/12,fraction_equivalent
AGREE,v19|y5m-fractions|curriculum|secure|guided|equivalent fractions,y5m-fractions,Equivalent fractions,independentPractice[2],3,Complete $\frac{5}{6}=\frac{\square}{18}$.,$\frac{5}{6}=\frac{15}{18}$,15/18,fraction_equivalent
UNVERIFIABLE,v19|y5m-add-subtract|curriculum|secure|guided|mental addition and subtraction,y5m-add-subtract,Mental addition and subtraction,workedExample,0,$47 + 36$,83,,
UNVERIFIABLE,v19|y5m-add-subtract|curriculum|secure|guided|mental addition and subtraction,y5m-add-subtract,Mental addition and subtraction,tryThis,0,$58 + 27$,$85$,,
UNVERIFIABLE,v19|y5m-add-subtract|curriculum|secure|guided|mental addition and subtraction,y5m-add-subtract,Mental addition and subtraction,quickCheck,0,"In $68 + 24$, which part of $24$ reaches $70$?",$2$,,
UNVERIFIABLE,v19|y5m-add-subtract|curriculum|secure|guided|mental addition and subtraction,y5m-add-subtract,Mental addition and subtraction,guidedPractice[0],0,$46 + 28$,$74$,,
UNVERIFIABLE,v19|y5m-add-subtract|curriculum|secure|guided|mental addition and subtraction,y5m-add-subtract,Mental addition and subtraction,guidedPractice[1],0,$67 + 25$,$92$,,
UNVERIFIABLE,v19|y5m-add-subtract|curriculum|secure|guided|mental addition and subtraction,y5m-add-subtract,Mental addition and subtraction,guidedPractice[2],0,$39 + 44$,$83$,,
UNVERIFIABLE,v19|y5m-add-subtract|curriculum|secure|guided|mental addition and subtraction,y5m-add-subtract,Mental addition and subtraction,independentPractice[0],0,$48 + 35$,$83$,,
UNVERIFIABLE,v19|y5m-add-subtract|curriculum|secure|guided|mental addition and subtraction,y5m-add-subtract,Mental addition and subtraction,independentPractice[1],0,$76 + 18$,$94$,,
UNVERIFIABLE,v19|y5m-add-subtract|curriculum|secure|guided|mental addition and subtraction,y5m-add-subtract,Mental addition and subtraction,independentPractice[2],0,$59 + 26$,$85$,,
UNVERIFIABLE,v19|y5m-mult-div-b|curriculum|secure|guided|multiply up to 4-digit by 1-digit,y5m-mult-div-b,Multiply up to 4-digit by 1-digit,workedExample,0,"$2,348 \times 6$",2088,,
UNVERIFIABLE,v19|y5m-mult-div-b|curriculum|secure|guided|multiply up to 4-digit by 1-digit,y5m-mult-div-b,Multiply up to 4-digit by 1-digit,tryThis,0,"$1,627 \times 5$","$8,135$",,
UNVERIFIABLE,v19|y5m-mult-div-b|curriculum|secure|guided|multiply up to 4-digit by 1-digit,y5m-mult-div-b,Multiply up to 4-digit by 1-digit,quickCheck,0,"In $1,286 \times 7$, what carry is made after calculating $6 \times 7$?",Write $2$ in the ones column and carry $4$ tens.,,
UNVERIFIABLE,v19|y5m-mult-div-b|curriculum|secure|guided|multiply up to 4-digit by 1-digit,y5m-mult-div-b,Multiply up to 4-digit by 1-digit,guidedPractice[0],0,"$1,436 \times 4$","$5,744$",,
UNVERIFIABLE,v19|y5m-mult-div-b|curriculum|secure|guided|multiply up to 4-digit by 1-digit,y5m-mult-div-b,Multiply up to 4-digit by 1-digit,guidedPractice[1],0,"$3,207 \times 3$","$9,621$",,
UNVERIFIABLE,v19|y5m-mult-div-b|curriculum|secure|guided|multiply up to 4-digit by 1-digit,y5m-mult-div-b,Multiply up to 4-digit by 1-digit,guidedPractice[2],0,"$2,759 \times 7$","$19,313$",,
UNVERIFIABLE,v19|y5m-mult-div-b|curriculum|secure|guided|multiply up to 4-digit by 1-digit,y5m-mult-div-b,Multiply up to 4-digit by 1-digit,independentPractice[0],0,"$1,842 \times 3$","$5,526$",,
UNVERIFIABLE,v19|y5m-mult-div-b|curriculum|secure|guided|multiply up to 4-digit by 1-digit,y5m-mult-div-b,Multiply up to 4-digit by 1-digit,independentPractice[1],0,"$4,105 \times 2$","$8,210$",,
UNVERIFIABLE,v19|y5m-mult-div-b|curriculum|secure|guided|multiply up to 4-digit by 1-digit,y5m-mult-div-b,Multiply up to 4-digit by 1-digit,independentPractice[2],0,"$3,678 \times 4$","$14,712$",,
AGREE,"v19|y5m-place-value|curriculum|secure|guided|numbers to 10,000 and 100,000",y5m-place-value,"Numbers to 10,000 and 100,000",workedExample,0,"Write $47,306$ in words and state the value of the digit $7$.","47,306","47,306",place_value_chart
DISAGREE,"v19|y5m-place-value|curriculum|secure|guided|numbers to 10,000 and 100,000",y5m-place-value,"Numbers to 10,000 and 100,000",tryThis,0,"Write $82,054$ in words and state the value of the digit $2$.","$82,054$ is eighty-two thousand and fifty-four. The digit $2$ has a value of $2,000$.","82,054",place_value_chart
UNVERIFIABLE,"v19|y5m-place-value|curriculum|secure|guided|numbers to 10,000 and 100,000",y5m-place-value,"Numbers to 10,000 and 100,000",quickCheck,0,"In $90,214$, what is the value of the digit $9$?","The digit $9$ has a value of $90,000$.",,
AGREE,"v19|y5m-place-value|curriculum|secure|guided|numbers to 10,000 and 100,000",y5m-place-value,"Numbers to 10,000 and 100,000",guidedPractice[0],0,"Write $35,120$ in words.","$35,120$ is thirty-five thousand, one hundred and twenty.","35,120",place_value_chart
UNVERIFIABLE,"v19|y5m-place-value|curriculum|secure|guided|numbers to 10,000 and 100,000",y5m-place-value,"Numbers to 10,000 and 100,000",guidedPractice[1],0,"What is the value of the digit $6$ in $64,208$?","The digit $6$ has a value of $60,000$.",,
UNVERIFIABLE,"v19|y5m-place-value|curriculum|secure|guided|numbers to 10,000 and 100,000",y5m-place-value,"Numbers to 10,000 and 100,000",guidedPractice[2],0,"What number has $9$ ten-thousands, $2$ thousands, $0$ hundreds, $4$ tens and $1$ one?","The number is $92,041$.",,
AGREE,"v19|y5m-place-value|curriculum|secure|guided|numbers to 10,000 and 100,000",y5m-place-value,"Numbers to 10,000 and 100,000",independentPractice[0],0,"Write $71,405$ in words.","$71,405$ is seventy-one thousand, four hundred and five.","71,405",place_value_chart
UNVERIFIABLE,"v19|y5m-place-value|curriculum|secure|guided|numbers to 10,000 and 100,000",y5m-place-value,"Numbers to 10,000 and 100,000",independentPractice[1],0,"What is the value of the digit $8$ in $18,762$?","The digit $8$ has a value of $8,000$.",,
UNVERIFIABLE,"v19|y5m-place-value|curriculum|secure|guided|numbers to 10,000 and 100,000",y5m-place-value,"Numbers to 10,000 and 100,000",independentPractice[2],0,"Write the number with $5$ ten-thousands, $3$ thousands, $6$ hundreds, $0$ tens and $9$ ones.","The number is $53,609$.",,
UNVERIFIABLE,v19|y5m-mult-div-a|curriculum|secure|guided|multiples,y5m-mult-div-a,Multiples,workedExample,8,Is $42$ a multiple of $7$?,"7, 14, 21, 28, 35, 42, 49, 56, 63, 70",,
UNVERIFIABLE,v19|y5m-mult-div-a|curriculum|secure|guided|multiples,y5m-mult-div-a,Multiples,tryThis,8,Is $36$ a multiple of $9$?,"Yes. The multiples are $9$, $18$, $27$, $36$, so $36$ is a multiple of $9$.",,
UNVERIFIABLE,v19|y5m-mult-div-a|curriculum|secure|guided|multiples,y5m-mult-div-a,Multiples,quickCheck,8,"Which number is a multiple of $6$: $25$, $30$ or $35$?",$30$ is a multiple of $6$ because $5 \times 6 = 30$.,,
UNVERIFIABLE,v19|y5m-mult-div-a|curriculum|secure|guided|multiples,y5m-mult-div-a,Multiples,guidedPractice[0],8,Is $30$ a multiple of $5$?,"Yes. $5$, $10$, $15$, $20$, $25$, $30$.",,
UNVERIFIABLE,v19|y5m-mult-div-a|curriculum|secure|guided|multiples,y5m-mult-div-a,Multiples,guidedPractice[1],8,Is $32$ a multiple of $6$?,No. The nearby multiples are $30$ and $36$.,,
AGREE,v19|y5m-mult-div-a|curriculum|secure|guided|multiples,y5m-mult-div-a,Multiples,guidedPractice[2],8,Write the first five multiples of $8$.,"$8$, $16$, $24$, $32$, $40$.","8, 16, 24, 32, 40",multiples_number_line
AGREE,v19|y5m-mult-div-a|curriculum|secure|guided|multiples,y5m-mult-div-a,Multiples,independentPractice[0],8,Write the first six multiples of $4$.,"$4$, $8$, $12$, $16$, $20$, $24$.","4, 8, 12, 16, 20, 24",multiples_number_line
UNVERIFIABLE,v19|y5m-mult-div-a|curriculum|secure|guided|multiples,y5m-mult-div-a,Multiples,independentPractice[1],8,Is $45$ a multiple of $9$?,"Yes, because $5 \times 9 = 45$.",,
UNVERIFIABLE,v19|y5m-mult-div-a|curriculum|secure|guided|multiples,y5m-mult-div-a,Multiples,independentPractice[2],8,Is $50$ a multiple of $8$?,No. The nearby multiples are $48$ and $56$.,,
UNVERIFIABLE,v19|y5m-decimals-percentages|curriculum|secure|guided|decimals up to 2 decimal places,y5m-decimals-percentages,Decimals up to 2 decimal places,workedExample,0,What decimal is shown by the point between $2.4$ and $2.5$?,$2.47$,,
UNVERIFIABLE,v19|y5m-decimals-percentages|curriculum|secure|guided|decimals up to 2 decimal places,y5m-decimals-percentages,Decimals up to 2 decimal places,tryThis,0,A point is $3$ small intervals after $5.6$ on a line split into hundredths. What decimal does it show?,$5.63$,,
UNVERIFIABLE,v19|y5m-decimals-percentages|curriculum|secure|guided|decimals up to 2 decimal places,y5m-decimals-percentages,Decimals up to 2 decimal places,quickCheck,0,Which is greater: $2.09$ or $2.9$?,"$2.9$ is greater because it is $2.90$, which has $9$ tenths.",,
UNVERIFIABLE,v19|y5m-decimals-percentages|curriculum|secure|guided|decimals up to 2 decimal places,y5m-decimals-percentages,Decimals up to 2 decimal places,guidedPractice[0],0,"Write the decimal with $6$ ones, $3$ tenths and $9$ hundredths.",$6.39$,,
UNVERIFIABLE,v19|y5m-decimals-percentages|curriculum|secure|guided|decimals up to 2 decimal places,y5m-decimals-percentages,Decimals up to 2 decimal places,guidedPractice[1],0,What is the value of the $5$ in $1.52$?,$0.5$,,
UNVERIFIABLE,v19|y5m-decimals-percentages|curriculum|secure|guided|decimals up to 2 decimal places,y5m-decimals-percentages,Decimals up to 2 decimal places,guidedPractice[2],0,Which decimal is marked $8$ hundredths after $7.2$?,$7.28$,,
UNVERIFIABLE,v19|y5m-decimals-percentages|curriculum|secure|guided|decimals up to 2 decimal places,y5m-decimals-percentages,Decimals up to 2 decimal places,independentPractice[0],0,"Write the decimal with $4$ ones, $7$ tenths and $2$ hundredths.",$4.72$,,
UNVERIFIABLE,v19|y5m-decimals-percentages|curriculum|secure|guided|decimals up to 2 decimal places,y5m-decimals-percentages,Decimals up to 2 decimal places,independentPractice[1],0,What is the value of the $6$ in $8.64$?,$0.6$,,
UNVERIFIABLE,v19|y5m-decimals-percentages|curriculum|secure|guided|decimals up to 2 decimal places,y5m-decimals-percentages,Decimals up to 2 decimal places,independentPractice[2],0,A point is $5$ hundredths after $3.7$. What decimal is shown?,$3.75$,,
AGREE,v19|y6m-algebra|curriculum|secure|lesson|one-step and two-step function machines,y6m-algebra,One-step and two-step function machines,workedExample,18,A machine has the rules $\times 3$ then $+ 4$. What is the output when the input is $6$?,13,13,function_machine
AGREE,v19|y6m-algebra|curriculum|secure|lesson|one-step and two-step function machines,y6m-algebra,One-step and two-step function machines,tryThis,18,A machine has the rules $+ 5$ then $\times 2$. Find the output for input $7$.,24,24,function_machine
AGREE,v19|y6m-algebra|curriculum|secure|lesson|one-step and two-step function machines,y6m-algebra,One-step and two-step function machines,quickCheck,18,A machine has the rules $\times 2$ then $+ 1$. What is the output for input $12$?,25,25,function_machine
AGREE,v19|y6m-algebra|curriculum|secure|lesson|one-step and two-step function machines,y6m-algebra,One-step and two-step function machines,guidedPractice[0],18,A machine has the rule $\times 4$. Find the output for input $8$.,32,32,function_machine
AGREE,v19|y6m-algebra|curriculum|secure|lesson|one-step and two-step function machines,y6m-algebra,One-step and two-step function machines,guidedPractice[1],18,A machine has the rules $+ 6$ then $\times 2$. Find the output for input $9$.,30,30,function_machine
AGREE,v19|y6m-algebra|curriculum|secure|lesson|one-step and two-step function machines,y6m-algebra,One-step and two-step function machines,guidedPractice[2],18,A machine has the rules $\times 5$ then $- 3$. Find the output for input $4$.,17,17,function_machine
AGREE,v19|y6m-algebra|curriculum|secure|lesson|one-step and two-step function machines,y6m-algebra,One-step and two-step function machines,independentPractice[0],18,A machine has the rule $+ 9$. Find the output for input $13$.,22,22,function_machine
AGREE,v19|y6m-algebra|curriculum|secure|lesson|one-step and two-step function machines,y6m-algebra,One-step and two-step function machines,independentPractice[1],18,A machine has the rules $\times 2$ then $+ 7$. Find the output for input $11$.,29,29,function_machine
AGREE,v19|y6m-algebra|curriculum|secure|lesson|one-step and two-step function machines,y6m-algebra,One-step and two-step function machines,independentPractice[2],18,A machine has the rules $- 4$ then $\times 3$. Find the output for input $15$.,33,33,function_machine
AGREE,v19|y6m-algebra|curriculum|secure|lesson|one-step and two-step function machines,y6m-algebra,One-step and two-step function machines,independentPractice[3],18,A machine has the rules $+ 8$ then $\div 2$. Find the output for input $10$.,9,9,function_machine
UNVERIFIABLE,v19|y5m-statistics|curriculum|secure|lesson|read and interpret line graphs,y5m-statistics,Read and interpret line graphs,workedExample,11,How many pages did Aisha read on Wednesday?,Aisha read $25$ pages on Wednesday.,,
UNVERIFIABLE,v19|y5m-statistics|curriculum|secure|lesson|read and interpret line graphs,y5m-statistics,Read and interpret line graphs,tryThis,11,"Using the graph, how many pages did Aisha read on Thursday?",Aisha read $20$ pages on Thursday.,,
UNVERIFIABLE,v19|y5m-statistics|curriculum|secure|lesson|read and interpret line graphs,y5m-statistics,Read and interpret line graphs,quickCheck,11,What should you check before reading a value from the vertical axis?,Check the scale and what each equal step represents.,,
UNVERIFIABLE,v19|y5m-statistics|curriculum|secure|lesson|read and interpret line graphs,y5m-statistics,Read and interpret line graphs,guidedPractice[0],11,"Using the graph, how many pages did Aisha read on Tuesday?",Aisha read $15$ pages on Tuesday.,,
UNVERIFIABLE,v19|y5m-statistics|curriculum|secure|lesson|read and interpret line graphs,y5m-statistics,Read and interpret line graphs,guidedPractice[1],11,"Using the graph, how many pages did Aisha read on Friday?",Aisha read $30$ pages on Friday.,,
UNVERIFIABLE,v19|y5m-statistics|curriculum|secure|lesson|read and interpret line graphs,y5m-statistics,Read and interpret line graphs,independentPractice[0],11,"Using the graph, how many pages did Aisha read on Monday?",Aisha read $10$ pages on Monday.,,
UNVERIFIABLE,v19|y5m-statistics|curriculum|secure|lesson|read and interpret line graphs,y5m-statistics,Read and interpret line graphs,independentPractice[1],11,"Using the graph, how many pages did Aisha read on Thursday?",Aisha read $20$ pages on Thursday.,,
UNVERIFIABLE,v19|y5m-statistics|curriculum|secure|lesson|read and interpret line graphs,y5m-statistics,Read and interpret line graphs,independentPractice[2],11,"Using the graph, on which day did Aisha read $25$ pages?",Aisha read $25$ pages on Wednesday.,,
UNVERIFIABLE,v19|y6m-statistics|curriculum|secure|lesson|read and interpret line graphs,y6m-statistics,Read and interpret line graphs,workedExample,11,How many books did the class read on Thursday?,The class read $30$ books on Thursday.,,
UNVERIFIABLE,v19|y6m-statistics|curriculum|secure|lesson|read and interpret line graphs,y6m-statistics,Read and interpret line graphs,tryThis,11,How many books did the class read on Wednesday?,The class read $15$ books on Wednesday.,,
UNVERIFIABLE,v19|y6m-statistics|curriculum|secure|lesson|read and interpret line graphs,y6m-statistics,Read and interpret line graphs,quickCheck,11,Which axis tells you the number of books read?,The vertical axis tells you the number of books read.,,
UNVERIFIABLE,v19|y6m-statistics|curriculum|secure|lesson|read and interpret line graphs,y6m-statistics,Read and interpret line graphs,guidedPractice[0],11,How many books did the class read on Tuesday?,The class read $20$ books on Tuesday.,,
UNVERIFIABLE,v19|y6m-statistics|curriculum|secure|lesson|read and interpret line graphs,y6m-statistics,Read and interpret line graphs,guidedPractice[1],11,On which day did the class read $25$ books?,The class read $25$ books on Friday.,,
UNVERIFIABLE,v19|y6m-statistics|curriculum|secure|lesson|read and interpret line graphs,y6m-statistics,Read and interpret line graphs,independentPractice[0],11,How many books did the class read on Monday?,The class read $10$ books on Monday.,,
UNVERIFIABLE,v19|y6m-statistics|curriculum|secure|lesson|read and interpret line graphs,y6m-statistics,Read and interpret line graphs,independentPractice[1],11,How many books did the class read on Friday?,The class read $25$ books on Friday.,,
UNVERIFIABLE,v19|y6m-statistics|curriculum|secure|lesson|read and interpret line graphs,y6m-statistics,Read and interpret line graphs,independentPractice[2],11,On which day did the class read $15$ books?,The class read $15$ books on Wednesday.,,
UNVERIFIABLE,v19|sats-arithmetic|sats|secure|guided|mental and written four operations,sats-arithmetic,Mental and written four operations,workedExample,0,$36 \times 15$,540,,
UNVERIFIABLE,v19|sats-arithmetic|sats|secure|guided|mental and written four operations,sats-arithmetic,Mental and written four operations,tryThis,0,Use column multiplication to calculate $24 \times 13$.,$312$,,
UNVERIFIABLE,v19|sats-arithmetic|sats|secure|guided|mental and written four operations,sats-arithmetic,Mental and written four operations,quickCheck,0,"In $28 \times 13$, why does the second partial-product row begin with a zero?","The $1$ represents $1$ ten, or $10$, so the product has no ones.",,
UNVERIFIABLE,v19|sats-arithmetic|sats|secure|guided|mental and written four operations,sats-arithmetic,Mental and written four operations,guidedPractice[0],0,Calculate $23 \times 12$.,$276$,,
UNVERIFIABLE,v19|sats-arithmetic|sats|secure|guided|mental and written four operations,sats-arithmetic,Mental and written four operations,guidedPractice[1],0,Calculate $42 \times 11$.,$462$,,
UNVERIFIABLE,v19|sats-arithmetic|sats|secure|guided|mental and written four operations,sats-arithmetic,Mental and written four operations,guidedPractice[2],0,Calculate $34 \times 14$.,$476$,,
UNVERIFIABLE,v19|sats-arithmetic|sats|secure|guided|mental and written four operations,sats-arithmetic,Mental and written four operations,independentPractice[0],0,Calculate $31 \times 12$.,$372$,,
UNVERIFIABLE,v19|sats-arithmetic|sats|secure|guided|mental and written four operations,sats-arithmetic,Mental and written four operations,independentPractice[1],0,Calculate $26 \times 15$.,$390$,,
UNVERIFIABLE,v19|sats-arithmetic|sats|secure|guided|mental and written four operations,sats-arithmetic,Mental and written four operations,independentPractice[2],0,Calculate $43 \times 12$.,$516$,,
AGREE,v19|11-number|eleven_plus|secure|guided|place value and rounding,11-number,Place value and rounding,workedExample,0,Round $4.67$ to the nearest tenth.,4.7,4.7,rounding_number_line
AGREE,v19|11-number|eleven_plus|secure|guided|place value and rounding,11-number,Place value and rounding,tryThis,0,Round $8.34$ to the nearest tenth.,$8.34 \approx 8.3$,8.3,rounding_number_line
UNVERIFIABLE,v19|11-number|eleven_plus|secure|guided|place value and rounding,11-number,Place value and rounding,quickCheck,0,Which digit decides how $5.28$ rounds to the nearest tenth?,The $8$ hundredths digit decides. $5.28 \approx 5.3$.,,
AGREE,v19|11-number|eleven_plus|secure|guided|place value and rounding,11-number,Place value and rounding,guidedPractice[0],0,Round $3.52$ to the nearest tenth.,$3.52 \approx 3.5$,3.5,rounding_number_line
AGREE,v19|11-number|eleven_plus|secure|guided|place value and rounding,11-number,Place value and rounding,guidedPractice[1],0,Round $6.89$ to the nearest tenth.,$6.89 \approx 6.9$,6.9,rounding_number_line
AGREE,v19|11-number|eleven_plus|secure|guided|place value and rounding,11-number,Place value and rounding,guidedPractice[2],0,Round $12.45$ to the nearest tenth.,$12.45 \approx 12.5$,12.5,rounding_number_line
AGREE,v19|11-number|eleven_plus|secure|guided|place value and rounding,11-number,Place value and rounding,independentPractice[0],0,Round $7.16$ to the nearest tenth.,$7.16 \approx 7.2$,7.2,rounding_number_line
AGREE,v19|11-number|eleven_plus|secure|guided|place value and rounding,11-number,Place value and rounding,independentPractice[1],0,Round $9.73$ to the nearest tenth.,$9.73 \approx 9.7$,9.7,rounding_number_line
AGREE,v19|11-number|eleven_plus|secure|guided|place value and rounding,11-number,Place value and rounding,independentPractice[2],0,Round $15.98$ to the nearest tenth.,$15.98 \approx 16.0$,16.0,rounding_number_line
AGREE,v19|11-fdp|eleven_plus|secure|guided|equivalence and simplifying fractions,11-fdp,Equivalence and simplifying fractions,workedExample,0,Simplify $\frac{18}{24}$.,3/4,3/4,fraction_simplify
AGREE,v19|11-fdp|eleven_plus|secure|guided|equivalence and simplifying fractions,11-fdp,Equivalence and simplifying fractions,tryThis,0,Simplify $\frac{15}{20}$.,"$\operatorname{HCF}(15,20)=5$, so $\frac{15}{20}=\frac{3}{4}$.",3/4,fraction_simplify
AGREE,v19|11-fdp|eleven_plus|secure|guided|equivalence and simplifying fractions,11-fdp,Equivalence and simplifying fractions,quickCheck,0,"What is the HCF of $12$ and $18$, and what is $\frac{12}{18}$ in simplest form?","The HCF is $6$, so $\frac{12}{18}=\frac{2}{3}$.",2/3,fraction_simplify
AGREE,v19|11-fdp|eleven_plus|secure|guided|equivalence and simplifying fractions,11-fdp,Equivalence and simplifying fractions,guidedPractice[0],0,Simplify $\frac{12}{16}$.,$\frac{12}{16}=\frac{3}{4}$,3/4,fraction_simplify
AGREE,v19|11-fdp|eleven_plus|secure|guided|equivalence and simplifying fractions,11-fdp,Equivalence and simplifying fractions,guidedPractice[1],0,Simplify $\frac{14}{21}$.,$\frac{14}{21}=\frac{2}{3}$,2/3,fraction_simplify
AGREE,v19|11-fdp|eleven_plus|secure|guided|equivalence and simplifying fractions,11-fdp,Equivalence and simplifying fractions,guidedPractice[2],0,Simplify $\frac{20}{30}$.,$\frac{20}{30}=\frac{2}{3}$,2/3,fraction_simplify
AGREE,v19|11-fdp|eleven_plus|secure|guided|equivalence and simplifying fractions,11-fdp,Equivalence and simplifying fractions,independentPractice[0],0,Simplify $\frac{8}{12}$.,$\frac{2}{3}$,2/3,fraction_simplify
AGREE,v19|11-fdp|eleven_plus|secure|guided|equivalence and simplifying fractions,11-fdp,Equivalence and simplifying fractions,independentPractice[1],0,Simplify $\frac{16}{24}$.,$\frac{2}{3}$,2/3,fraction_simplify
AGREE,v19|11-fdp|eleven_plus|secure|guided|equivalence and simplifying fractions,11-fdp,Equivalence and simplifying fractions,independentPractice[2],0,Simplify $\frac{27}{36}$.,$\frac{3}{4}$,3/4,fraction_simplify
UNVERIFIABLE,v19|11-algebra|eleven_plus|secure|guided|function machines and missing numbers,11-algebra,Function machines and missing numbers,workedExample,0,A function machine adds $7$. The output is $19$. What is the missing input?,The missing input is $12$.,,
UNVERIFIABLE,v19|11-algebra|eleven_plus|secure|guided|function machines and missing numbers,11-algebra,Function machines and missing numbers,tryThis,0,A function machine adds $9$. The output is $24$. What is the missing input?,"$15$, because $24 - 9 = 15$.",,
UNVERIFIABLE,v19|11-algebra|eleven_plus|secure|guided|function machines and missing numbers,11-algebra,Function machines and missing numbers,quickCheck,0,A function machine subtracts $5$. The output is $17$. What was the input?,"$22$, because $22 - 5 = 17$.",,
UNVERIFIABLE,v19|11-algebra|eleven_plus|secure|guided|function machines and missing numbers,11-algebra,Function machines and missing numbers,guidedPractice[0],0,A function machine adds $6$. The output is $20$. Find the missing input.,"$14$, because $20 - 6 = 14$.",,
UNVERIFIABLE,v19|11-algebra|eleven_plus|secure|guided|function machines and missing numbers,11-algebra,Function machines and missing numbers,guidedPractice[1],0,A function machine subtracts $8$. The output is $15$. Find the missing input.,"$23$, because $23 - 8 = 15$.",,
UNVERIFIABLE,v19|11-algebra|eleven_plus|secure|guided|function machines and missing numbers,11-algebra,Function machines and missing numbers,guidedPractice[2],0,A function machine adds $13$. The output is $35$. Find the missing input.,"$22$, because $35 - 13 = 22$.",,
UNVERIFIABLE,v19|11-algebra|eleven_plus|secure|guided|function machines and missing numbers,11-algebra,Function machines and missing numbers,independentPractice[0],0,A function machine adds $11$. The output is $30$. Find the missing input.,$19$,,
UNVERIFIABLE,v19|11-algebra|eleven_plus|secure|guided|function machines and missing numbers,11-algebra,Function machines and missing numbers,independentPractice[1],0,A function machine subtracts $9$. The output is $18$. Find the missing input.,$27$,,
UNVERIFIABLE,v19|11-algebra|eleven_plus|secure|guided|function machines and missing numbers,11-algebra,Function machines and missing numbers,independentPractice[2],0,A function machine adds $25$. The output is $60$. Find the missing input.,$35$,,
UNVERIFIABLE,v19|11-measures|eleven_plus|secure|guided|unit conversions,11-measures,Unit conversions,workedExample,0,Convert $7\text{ m}$ to centimetres.,$7\text{ m}=700\text{ cm}$,,
UNVERIFIABLE,v19|11-measures|eleven_plus|secure|guided|unit conversions,11-measures,Unit conversions,tryThis,0,Convert $4\text{ m}$ to centimetres.,$4\text{ m}=400\text{ cm}$,,
UNVERIFIABLE,v19|11-measures|eleven_plus|secure|guided|unit conversions,11-measures,Unit conversions,quickCheck,0,Complete: $9\text{ m}=\underline{\hspace{1cm}}\text{ cm}$.,$9\text{ m}=900\text{ cm}$,,
UNVERIFIABLE,v19|11-measures|eleven_plus|secure|guided|unit conversions,11-measures,Unit conversions,guidedPractice[0],0,Convert $3\text{ m}$ to centimetres.,$3\text{ m}=300\text{ cm}$,,
UNVERIFIABLE,v19|11-measures|eleven_plus|secure|guided|unit conversions,11-measures,Unit conversions,guidedPractice[1],0,Convert $12\text{ m}$ to centimetres.,$12\text{ m}=1200\text{ cm}$,,
UNVERIFIABLE,v19|11-measures|eleven_plus|secure|guided|unit conversions,11-measures,Unit conversions,guidedPractice[2],0,Convert $25\text{ m}$ to centimetres.,$25\text{ m}=2500\text{ cm}$,,
UNVERIFIABLE,v19|11-measures|eleven_plus|secure|guided|unit conversions,11-measures,Unit conversions,independentPractice[0],0,Convert $6\text{ m}$ to centimetres.,$6\text{ m}=600\text{ cm}$,,
UNVERIFIABLE,v19|11-measures|eleven_plus|secure|guided|unit conversions,11-measures,Unit conversions,independentPractice[1],0,Convert $18\text{ m}$ to centimetres.,$18\text{ m}=1800\text{ cm}$,,
UNVERIFIABLE,v19|11-measures|eleven_plus|secure|guided|unit conversions,11-measures,Unit conversions,independentPractice[2],0,Convert $40\text{ m}$ to centimetres.,$40\text{ m}=4000\text{ cm}$,,
AGREE,v19|11-geometry|eleven_plus|secure|guided|angles and angle rules,11-geometry,Angles and angle rules,workedExample,0,Two angles lie on a straight line. One angle is $68°$. Find the missing angle $x$.,112°,112°,angle_diagram
AGREE,v19|11-geometry|eleven_plus|secure|guided|angles and angle rules,11-geometry,Angles and angle rules,tryThis,0,Two angles lie on a straight line. One angle is $95°$. Find the missing angle.,"$180° - 95° = 85°$, so the missing angle is $85°$.",85°,angle_diagram
AGREE,v19|11-geometry|eleven_plus|secure|guided|angles and angle rules,11-geometry,Angles and angle rules,quickCheck,0,A missing angle on a straight line is next to an angle of $64°$. What is the missing angle?,$180° - 64° = 116°$,116°,angle_diagram
AGREE,v19|11-geometry|eleven_plus|secure|guided|angles and angle rules,11-geometry,Angles and angle rules,guidedPractice[0],0,Two angles lie on a straight line. One angle is $47°$. Find the missing angle.,$180° - 47° = 133°$,133°,angle_diagram
AGREE,v19|11-geometry|eleven_plus|secure|guided|angles and angle rules,11-geometry,Angles and angle rules,guidedPractice[1],0,Two angles lie on a straight line. One angle is $126°$. Find the missing angle.,$180° - 126° = 54°$,54°,angle_diagram
AGREE,v19|11-geometry|eleven_plus|secure|guided|angles and angle rules,11-geometry,Angles and angle rules,guidedPractice[2],0,Two angles lie on a straight line. One angle is $89°$. Find the missing angle.,$180° - 89° = 91°$,91°,angle_diagram
AGREE,v19|11-geometry|eleven_plus|secure|guided|angles and angle rules,11-geometry,Angles and angle rules,independentPractice[0],0,Two angles lie on a straight line. One angle is $73°$. Find the missing angle.,$107°$,107°,angle_diagram
AGREE,v19|11-geometry|eleven_plus|secure|guided|angles and angle rules,11-geometry,Angles and angle rules,independentPractice[1],0,Two angles lie on a straight line. One angle is $154°$. Find the missing angle.,$26°$,26°,angle_diagram
AGREE,v19|11-geometry|eleven_plus|secure|guided|angles and angle rules,11-geometry,Angles and angle rules,independentPractice[2],0,Two angles lie on a straight line. One angle is $101°$. Find the missing angle.,$79°$,79°,angle_diagram
UNVERIFIABLE,"v19|11-data|eleven_plus|secure|guided|tables, charts and graphs",11-data,"Tables, charts and graphs",workedExample,0,How many pupils chose apples as their favourite fruit?,$8$ pupils,,
UNVERIFIABLE,"v19|11-data|eleven_plus|secure|guided|tables, charts and graphs",11-data,"Tables, charts and graphs",tryThis,0,"Using the chart, how many pupils chose bananas?",$6$ pupils,,
UNVERIFIABLE,"v19|11-data|eleven_plus|secure|guided|tables, charts and graphs",11-data,"Tables, charts and graphs",quickCheck,0,A bar reaches the line marked $14$. What value does the bar show?,$14$,,
UNVERIFIABLE,"v19|11-data|eleven_plus|secure|guided|tables, charts and graphs",11-data,"Tables, charts and graphs",guidedPractice[0],0,"Using the chart, how many pupils chose pears?",$4$ pupils,,
UNVERIFIABLE,"v19|11-data|eleven_plus|secure|guided|tables, charts and graphs",11-data,"Tables, charts and graphs",guidedPractice[1],0,Which fruit was chosen by $6$ pupils?,Bananas,,
UNVERIFIABLE,"v19|11-data|eleven_plus|secure|guided|tables, charts and graphs",11-data,"Tables, charts and graphs",guidedPractice[2],0,Which fruit was the most popular?,Apples,,
AGREE,"v19|11-data|eleven_plus|secure|guided|tables, charts and graphs",11-data,"Tables, charts and graphs",independentPractice[0],0,"A table shows $10$ pupils chose oranges. On a bar chart with a scale increasing by $2$, which scale line should the orange bar reach?",$10$,10,place_value_chart
UNVERIFIABLE,"v19|11-data|eleven_plus|secure|guided|tables, charts and graphs",11-data,"Tables, charts and graphs",independentPractice[1],0,A bar labelled Grapes reaches $12$ on the scale. How many pupils chose grapes?,$12$ pupils,,
UNVERIFIABLE,v19|y5m-mult-div-b|curriculum|secure|lesson|multiply 2-digit by 2-digit,y5m-mult-div-b,Multiply 2-digit by 2-digit,workedExample,17,$36 \times 15$,540,,
UNVERIFIABLE,v19|y5m-mult-div-b|curriculum|secure|lesson|multiply 2-digit by 2-digit,y5m-mult-div-b,Multiply 2-digit by 2-digit,tryThis,17,$24 \times 13$,$312$,,
UNVERIFIABLE,v19|y5m-mult-div-b|curriculum|secure|lesson|multiply 2-digit by 2-digit,y5m-mult-div-b,Multiply 2-digit by 2-digit,quickCheck,17,"In $28 \times 16$, what does the $1$ represent?","$1$ ten, which is $10$.",,
UNVERIFIABLE,v19|y5m-mult-div-b|curriculum|secure|lesson|multiply 2-digit by 2-digit,y5m-mult-div-b,Multiply 2-digit by 2-digit,guidedPractice[0],17,$23 \times 14$,$322$,,
UNVERIFIABLE,v19|y5m-mult-div-b|curriculum|secure|lesson|multiply 2-digit by 2-digit,y5m-mult-div-b,Multiply 2-digit by 2-digit,guidedPractice[1],17,$42 \times 12$,$504$,,
UNVERIFIABLE,v19|y5m-mult-div-b|curriculum|secure|lesson|multiply 2-digit by 2-digit,y5m-mult-div-b,Multiply 2-digit by 2-digit,independentPractice[0],17,$31 \times 16$,$496$,,
UNVERIFIABLE,v19|y5m-mult-div-b|curriculum|secure|lesson|multiply 2-digit by 2-digit,y5m-mult-div-b,Multiply 2-digit by 2-digit,independentPractice[1],17,$27 \times 14$,$378$,,
UNVERIFIABLE,v19|y5m-mult-div-b|curriculum|secure|lesson|multiply 2-digit by 2-digit,y5m-mult-div-b,Multiply 2-digit by 2-digit,independentPractice[2],17,$45 \times 13$,$585$,,
AGREE,v19|y6m-ratio|curriculum|secure|lesson|calculate ratio,y6m-ratio,Calculate ratio,workedExample,17,Share $35$ sweets in the ratio $2:3$.,"14, 21","14, 21",ratio_table
AGREE,v19|y6m-ratio|curriculum|secure|lesson|calculate ratio,y6m-ratio,Calculate ratio,tryThis,17,Share $48$ counters in the ratio $1:3$.,"12, 36","12, 36",ratio_table
AGREE,v19|y6m-ratio|curriculum|secure|lesson|calculate ratio,y6m-ratio,Calculate ratio,quickCheck,17,Share $30$ counters in the ratio $2:3$. What is the value of one ratio part?,"12, 18","12, 18",ratio_table
AGREE,v19|y6m-ratio|curriculum|secure|lesson|calculate ratio,y6m-ratio,Calculate ratio,guidedPractice[0],17,Share $24$ pencils in the ratio $1:2$.,"8, 16","8, 16",ratio_table
AGREE,v19|y6m-ratio|curriculum|secure|lesson|calculate ratio,y6m-ratio,Calculate ratio,guidedPractice[1],17,Share $42$ beads in the ratio $2:1$.,"28, 14","28, 14",ratio_table
AGREE,v19|y6m-ratio|curriculum|secure|lesson|calculate ratio,y6m-ratio,Calculate ratio,independentPractice[0],17,Share $36$ stickers in the ratio $1:2$.,"12, 24","12, 24",ratio_table
AGREE,v19|y6m-ratio|curriculum|secure|lesson|calculate ratio,y6m-ratio,Calculate ratio,independentPractice[1],17,Share $56$ cubes in the ratio $3:1$.,"42, 14","42, 14",ratio_table
AGREE,v19|y6m-ratio|curriculum|secure|lesson|calculate ratio,y6m-ratio,Calculate ratio,independentPractice[2],17,Share $45$ marbles in the ratio $2:3$.,"18, 27","18, 27",ratio_table
UNVERIFIABLE,v19|y5m-add-subtract|curriculum|secure|guided|column subtraction of numbers with more than 4 digits,y5m-add-subtract,Column subtraction of numbers with more than 4 digits,workedExample,7,"$62,403 - 27,856$",376,,
UNVERIFIABLE,v19|y5m-add-subtract|curriculum|secure|guided|column subtraction of numbers with more than 4 digits,y5m-add-subtract,Column subtraction of numbers with more than 4 digits,tryThis,7,"$71,205 - 36,478$","$34,727$",,
UNVERIFIABLE,v19|y5m-add-subtract|curriculum|secure|guided|column subtraction of numbers with more than 4 digits,y5m-add-subtract,Column subtraction of numbers with more than 4 digits,quickCheck,7,"In $45,203 - 18,476$, which column do you start subtracting in?",Start in the ones column.,,
UNVERIFIABLE,v19|y5m-add-subtract|curriculum|secure|guided|column subtraction of numbers with more than 4 digits,y5m-add-subtract,Column subtraction of numbers with more than 4 digits,guidedPractice[0],7,"$54,321 - 18,765$","$35,556$",,
UNVERIFIABLE,v19|y5m-add-subtract|curriculum|secure|guided|column subtraction of numbers with more than 4 digits,y5m-add-subtract,Column subtraction of numbers with more than 4 digits,guidedPractice[1],7,"$80,604 - 25,738$","$54,866$",,
UNVERIFIABLE,v19|y5m-add-subtract|curriculum|secure|guided|column subtraction of numbers with more than 4 digits,y5m-add-subtract,Column subtraction of numbers with more than 4 digits,guidedPractice[2],7,"$93,150 - 47,682$","$45,468$",,
UNVERIFIABLE,v19|y5m-add-subtract|curriculum|secure|guided|column subtraction of numbers with more than 4 digits,y5m-add-subtract,Column subtraction of numbers with more than 4 digits,independentPractice[0],7,"$76,432 - 28,957$","$47,475$",,
UNVERIFIABLE,v19|y5m-add-subtract|curriculum|secure|guided|column subtraction of numbers with more than 4 digits,y5m-add-subtract,Column subtraction of numbers with more than 4 digits,independentPractice[1],7,"$65,000 - 27,846$","$37,154$",,
UNVERIFIABLE,v19|y5m-add-subtract|curriculum|secure|guided|column subtraction of numbers with more than 4 digits,y5m-add-subtract,Column subtraction of numbers with more than 4 digits,independentPractice[2],7,"$102,304 - 58,679$","$43,625$",,
UNVERIFIABLE,v19|y5m-negative-numbers|curriculum|secure|guided|understand negative numbers,y5m-negative-numbers,Understand negative numbers,workedExample,0,Which number is shown by the star on the number line?,The star shows $-4$.,,
UNVERIFIABLE,v19|y5m-negative-numbers|curriculum|secure|guided|understand negative numbers,y5m-negative-numbers,Understand negative numbers,tryThis,0,A point is $3$ equal steps left of $0$. What number does it show?,$-3$,,
AGREE,v19|y5m-negative-numbers|curriculum|secure|guided|understand negative numbers,y5m-negative-numbers,Understand negative numbers,quickCheck,0,Which number is greater: $-8$ or $-5$?,$-5$,difference 3; greater -5,signed_number_line
UNVERIFIABLE,v19|y5m-negative-numbers|curriculum|secure|guided|understand negative numbers,y5m-negative-numbers,Understand negative numbers,guidedPractice[0],0,Which number is $5$ steps left of $0$?,$-5$,,
AGREE,v19|y5m-negative-numbers|curriculum|secure|guided|understand negative numbers,y5m-negative-numbers,Understand negative numbers,guidedPractice[1],0,Which is greater: $-3$ or $-7$?,$-3$,difference 4; greater -3,signed_number_line
AGREE,v19|y5m-negative-numbers|curriculum|secure|guided|understand negative numbers,y5m-negative-numbers,Understand negative numbers,guidedPractice[2],0,Is $-1$ to the left or right of $0$?,$-1$ is to the left of $0$.,difference 1; greater 0,signed_number_line
UNVERIFIABLE,v19|y5m-negative-numbers|curriculum|secure|guided|understand negative numbers,y5m-negative-numbers,Understand negative numbers,independentPractice[0],0,What number is $2$ steps left of $0$?,$-2$,,
DISAGREE,v19|y5m-negative-numbers|curriculum|secure|guided|understand negative numbers,y5m-negative-numbers,Understand negative numbers,independentPractice[1],0,Which is smaller: $-4$ or $-1$?,$-4$,difference 3; greater -1,signed_number_line
AGREE,v19|y5m-negative-numbers|curriculum|secure|guided|understand negative numbers,y5m-negative-numbers,Understand negative numbers,independentPractice[2],0,"Put these numbers in order from left to right on a number line: $2$, $-3$, $0$.","$-3$, $0$, $2$",difference 5; greater 2,signed_number_line
UNVERIFIABLE,v19|sats-reasoning|sats|secure|guided|multi-step word problems,sats-reasoning,Multi-step word problems,workedExample,0,A school buys $8$ packs of pencils. Each pack has $12$ pencils. The pencils are shared equally between $6$ classes. How many pencils does each class receive?,Each class receives $16$ pencils.,,
UNVERIFIABLE,v19|sats-reasoning|sats|secure|guided|multi-step word problems,sats-reasoning,Multi-step word problems,tryThis,0,A coach buys $7$ boxes of water bottles. Each box holds $15$ bottles. The bottles are shared equally between $5$ teams. How many bottles does each team receive?,$7 \times 15 = 105$ and $105 \div 5 = 21$. Each team receives $21$ bottles.,,
UNVERIFIABLE,v19|sats-reasoning|sats|secure|guided|multi-step word problems,sats-reasoning,Multi-step word problems,quickCheck,0,A baker makes $3$ trays of $28$ cupcakes. She puts them equally into $7$ boxes. Which calculation must be completed first?,"$3 \times 28$, because you must find the total number of cupcakes before sharing them.",,
UNVERIFIABLE,v19|sats-reasoning|sats|secure|guided|multi-step word problems,sats-reasoning,Multi-step word problems,guidedPractice[0],0,A library has $9$ shelves with $14$ books on each shelf. The books are put equally into $7$ boxes. How many books are in each box?,$9 \times 14 = 126$ and $126 \div 7 = 18$. Each box has $18$ books.,,
UNVERIFIABLE,v19|sats-reasoning|sats|secure|guided|multi-step word problems,sats-reasoning,Multi-step word problems,guidedPractice[1],0,"For a party, $6$ trays hold $18$ sandwiches each. The sandwiches are shared equally between $9$ tables. How many sandwiches does each table get?",$6 \times 18 = 108$ and $108 \div 9 = 12$. Each table gets $12$ sandwiches.,,
UNVERIFIABLE,v19|sats-reasoning|sats|secure|guided|multi-step word problems,sats-reasoning,Multi-step word problems,independentPractice[0],0,A farm packs $5$ crates with $24$ apples in each crate. The apples are shared equally between $8$ shops. How many apples does each shop receive?,$5 \times 24 = 120$ and $120 \div 8 = 15$. Each shop receives $15$ apples.,,
UNVERIFIABLE,v19|sats-reasoning|sats|secure|guided|multi-step word problems,sats-reasoning,Multi-step word problems,independentPractice[1],0,A museum has $4$ groups of $35$ visitors. The visitors are split equally between $7$ guides. How many visitors does each guide lead?,$4 \times 35 = 140$ and $140 \div 7 = 20$. Each guide leads $20$ visitors.,,
AGREE,v19|y6m-fractions|curriculum|greater_depth|lesson|multiply fractions,y6m-fractions,Multiply fractions,workedExample,0,$\frac{4}{9} \times \frac{3}{8}$,1/6,1/6,fraction_ops
AGREE,v19|y6m-fractions|curriculum|greater_depth|lesson|multiply fractions,y6m-fractions,Multiply fractions,tryThis,0,$\frac{5}{12} \times \frac{6}{7}$,$\frac{5}{14}$,5/14,fraction_ops
AGREE,v19|y6m-fractions|curriculum|greater_depth|lesson|multiply fractions,y6m-fractions,Multiply fractions,quickCheck,0,$\frac{4}{15} \times \frac{5}{8}$,$\frac{1}{6}$,1/6,fraction_ops
DISAGREE,v19|y6m-fractions|curriculum|greater_depth|lesson|multiply fractions,y6m-fractions,Multiply fractions,guidedPractice[0],0,$\frac{3}{10} \times \frac{5}{6}$,$\frac{1}{4}$,0.3,place_value_shift
AGREE,v19|y6m-fractions|curriculum|greater_depth|lesson|multiply fractions,y6m-fractions,Multiply fractions,guidedPractice[1],0,$\frac{7}{12} \times \frac{8}{21}$,$\frac{2}{9}$,2/9,fraction_ops
AGREE,v19|y6m-fractions|curriculum|greater_depth|lesson|multiply fractions,y6m-fractions,Multiply fractions,independentPractice[0],0,$\frac{9}{14} \times \frac{7}{15}$,$\frac{3}{10}$,3/10,fraction_ops
AGREE,v19|y6m-fractions|curriculum|greater_depth|lesson|multiply fractions,y6m-fractions,Multiply fractions,independentPractice[1],0,$\frac{11}{18} \times \frac{6}{22}$,$\frac{1}{6}$,1/6,fraction_ops
AGREE,v19|y6m-fractions|curriculum|greater_depth|lesson|multiply fractions,y6m-fractions,Multiply fractions,independentPractice[2],0,$\frac{16}{21} \times \frac{35}{48}$,$\frac{5}{9}$,5/9,fraction_ops
AGREE,"v19|y5m-place-value|curriculum|greater_depth|guided|numbers to 10,000 and 100,000",y5m-place-value,"Numbers to 10,000 and 100,000",workedExample,0,"Write $70,406$ in words and state the value of the digit $4$.","70,406","70,406",place_value_chart
DISAGREE,"v19|y5m-place-value|curriculum|greater_depth|guided|numbers to 10,000 and 100,000",y5m-place-value,"Numbers to 10,000 and 100,000",tryThis,0,"Write $90,070$ in words and state the value of the digit $7$.","$90,070$ is ninety thousand and seventy; the digit $7$ has a value of $70$.","90,070",place_value_chart
UNVERIFIABLE,"v19|y5m-place-value|curriculum|greater_depth|guided|numbers to 10,000 and 100,000",y5m-place-value,"Numbers to 10,000 and 100,000",quickCheck,0,"In $48,019$, what is the value of the digit $8$?","$8,000$",,
DISAGREE,"v19|y5m-place-value|curriculum|greater_depth|guided|numbers to 10,000 and 100,000",y5m-place-value,"Numbers to 10,000 and 100,000",guidedPractice[0],0,"Write $54,008$ in words and state the value of the digit $5$.","$54,008$ is fifty-four thousand and eight; the digit $5$ has a value of $50,000$.","54,008",place_value_chart
UNVERIFIABLE,"v19|y5m-place-value|curriculum|greater_depth|guided|numbers to 10,000 and 100,000",y5m-place-value,"Numbers to 10,000 and 100,000",guidedPractice[1],0,"A number has $8$ ten thousands, $0$ thousands, $3$ hundreds, $9$ tens and $2$ ones. Write the number in digits.","$80,392$",,
UNVERIFIABLE,"v19|y5m-place-value|curriculum|greater_depth|guided|numbers to 10,000 and 100,000",y5m-place-value,"Numbers to 10,000 and 100,000",guidedPractice[2],0,"Explain why the digit $2$ in $62,041$ has a value of $2,000$.","The digit $2$ is in the thousands column, so it represents $2,000$.",,
DISAGREE,"v19|y5m-place-value|curriculum|greater_depth|guided|numbers to 10,000 and 100,000",y5m-place-value,"Numbers to 10,000 and 100,000",independentPractice[0],0,"Write $36,205$ in words and state the value of the digit $6$.","$36,205$ is thirty-six thousand, two hundred and five; the digit $6$ has a value of $6,000$.","36,205",place_value_chart
UNVERIFIABLE,"v19|y5m-place-value|curriculum|greater_depth|guided|numbers to 10,000 and 100,000",y5m-place-value,"Numbers to 10,000 and 100,000",independentPractice[1],0,"Write the number with $9$ ten thousands, $4$ thousands, $0$ hundreds, $7$ tens and $3$ ones.","$94,073$",,
UNVERIFIABLE,"v19|y5m-place-value|curriculum|greater_depth|guided|numbers to 10,000 and 100,000",y5m-place-value,"Numbers to 10,000 and 100,000",independentPractice[2],0,"Which number has a digit $5$ worth $500$: $50,214$, $15,028$ or $8,507$?","$8,507$",,
AGREE,v19|y5m-mult-div-a|curriculum|greater_depth|guided|multiples,y5m-mult-div-a,Multiples,workedExample,0,Find the smallest number greater than $20$ that is a multiple of both $6$ and $8$.,$24$,24,multiples_number_line
AGREE,v19|y5m-mult-div-a|curriculum|greater_depth|guided|multiples,y5m-mult-div-a,Multiples,tryThis,0,Find the smallest number greater than $30$ that is a multiple of both $9$ and $12$.,$36$,36,multiples_number_line
UNVERIFIABLE,v19|y5m-mult-div-a|curriculum|greater_depth|guided|multiples,y5m-mult-div-a,Multiples,quickCheck,0,Is $54$ a multiple of $6$? Explain using equal groups.,Yes. $54 = 6 + 6 + 6 + 6 + 6 + 6 + 6 + 6 + 6$.,,
AGREE,v19|y5m-mult-div-a|curriculum|greater_depth|guided|multiples,y5m-mult-div-a,Multiples,guidedPractice[0],0,Find the smallest number greater than $25$ that is a multiple of both $4$ and $7$.,$28$,28,multiples_number_line
AGREE,v19|y5m-mult-div-a|curriculum|greater_depth|guided|multiples,y5m-mult-div-a,Multiples,guidedPractice[1],0,Which numbers less than $50$ are multiples of both $5$ and $6$?,$30$,30,multiples_number_line
UNVERIFIABLE,v19|y5m-mult-div-a|curriculum|greater_depth|guided|multiples,y5m-mult-div-a,Multiples,guidedPractice[2],0,A number is greater than $40$ and less than $70$. It is a multiple of both $8$ and $9$. Find it.,"$72$ is not less than $70$, so there is no number.",,
AGREE,v19|y5m-mult-div-a|curriculum|greater_depth|guided|multiples,y5m-mult-div-a,Multiples,independentPractice[0],0,Find the smallest number greater than $40$ that is a multiple of both $6$ and $10$.,$60$,60,multiples_number_line
DISAGREE,v19|y5m-mult-div-a|curriculum|greater_depth|guided|multiples,y5m-mult-div-a,Multiples,independentPractice[1],0,List all multiples of $7$ between $30$ and $60$.,"$35$, $42$, $49$, $56$","7, 14, 21, 28, 35, 42, 49, 56, 63, 70",multiples_number_line
DISAGREE,v19|y5m-mult-div-a|curriculum|greater_depth|guided|multiples,y5m-mult-div-a,Multiples,independentPractice[2],0,Find all shared multiples of $4$ and $9$ less than $80$.,"$36$, $72$",36,multiples_number_line
DISAGREE,v19|y5m-mult-div-a|curriculum|greater_depth|lesson|multiples,y5m-mult-div-a,Multiples,workedExample,0,Find all common multiples of $12$ and $18$ between $100$ and $200$.,108,"108, 144, 180",multiples_number_line
AGREE,v19|y5m-mult-div-a|curriculum|greater_depth|lesson|multiples,y5m-mult-div-a,Multiples,tryThis,0,Find all common multiples of $14$ and $21$ between $100$ and $250$.,"$126$, $168$ and $210$.","126, 168, 210",multiples_number_line
DISAGREE,v19|y5m-mult-div-a|curriculum|greater_depth|lesson|multiples,y5m-mult-div-a,Multiples,quickCheck,0,Is $84$ a common multiple of $12$ and $14$?,Yes. $84 = 12 \times 7$ and $84 = 14 \times 6$.,84,multiples_number_line
AGREE,v19|y5m-mult-div-a|curriculum|greater_depth|lesson|multiples,y5m-mult-div-a,Multiples,guidedPractice[0],0,Find the common multiples of $8$ and $12$ between $40$ and $100$.,"$48$, $72$ and $96$.","48, 72, 96",multiples_number_line
AGREE,v19|y5m-mult-div-a|curriculum|greater_depth|lesson|multiples,y5m-mult-div-a,Multiples,guidedPractice[1],0,Find the common multiples of $15$ and $20$ greater than $50$ but less than $150$.,$60$ and $120$.,"60, 120",multiples_number_line
AGREE,v19|y5m-mult-div-a|curriculum|greater_depth|lesson|multiples,y5m-mult-div-a,Multiples,independentPractice[0],0,Find all common multiples of $9$ and $15$ between $50$ and $200$.,"$90$, $135$ and $180$.","90, 135, 180",multiples_number_line
AGREE,v19|y5m-mult-div-a|curriculum|greater_depth|lesson|multiples,y5m-mult-div-a,Multiples,independentPractice[1],0,Find all common multiples of $16$ and $24$ between $100$ and $300$.,"$144$, $192$, $240$ and $288$.","144, 192, 240, 288",multiples_number_line
DISAGREE,v19|y5m-mult-div-a|curriculum|greater_depth|lesson|multiples,y5m-mult-div-a,Multiples,independentPractice[2],0,A number is a multiple of both $18$ and $30$. It is greater than $200$ but less than $400$. Find all possible numbers.,$270$ and $360$.,270,multiples_number_line
UNVERIFIABLE,v19|y5m-mult-div-a|curriculum|greater_depth|lesson|square numbers,y5m-mult-div-a,Square numbers,workedExample,0,Prove that $24^2$ is a square number and find its value.,576,,
UNVERIFIABLE,v19|y5m-mult-div-a|curriculum|greater_depth|lesson|square numbers,y5m-mult-div-a,Square numbers,tryThis,0,Use partitioning or column multiplication to calculate $35^2$.,$35^2 = 1225$,,
UNVERIFIABLE,v19|y5m-mult-div-a|curriculum|greater_depth|lesson|square numbers,y5m-mult-div-a,Square numbers,quickCheck,0,Which calculation proves that $361$ is a square number?,$19 \times 19 = 361$,,
DISAGREE,v19|y5m-mult-div-a|curriculum|greater_depth|lesson|square numbers,y5m-mult-div-a,Square numbers,guidedPractice[0],0,Show that $18^2$ is a square number. Calculate its value.,$18^2 = 324$,18,place_value_chart
UNVERIFIABLE,v19|y5m-mult-div-a|curriculum|greater_depth|lesson|square numbers,y5m-mult-div-a,Square numbers,guidedPractice[1],0,A square has side length $27$. What is its area?,$729$,,
UNVERIFIABLE,v19|y5m-mult-div-a|curriculum|greater_depth|lesson|square numbers,y5m-mult-div-a,Square numbers,independentPractice[0],0,Calculate $32^2$.,$1024$,,
UNVERIFIABLE,v19|y5m-mult-div-a|curriculum|greater_depth|lesson|square numbers,y5m-mult-div-a,Square numbers,independentPractice[1],0,Calculate $45^2$.,$2025$,,
UNVERIFIABLE,v19|y5m-mult-div-a|curriculum|greater_depth|lesson|square numbers,y5m-mult-div-a,Square numbers,independentPractice[2],0,Explain why $144$ is a square number.,"$144 = 12 \times 12$, so it can make a square with $12$ rows and $12$ columns.",,
UNVERIFIABLE,v19|y5m-mult-div-a|curriculum|greater_depth|lesson|square numbers,y5m-mult-div-a,Square numbers,independentPractice[3],0,A square has an area of $676$. Find its side length.,"$26$, because $26 \times 26 = 676$.",,
DISAGREE,v19|y6m-mult-div|curriculum|greater_depth|lesson|order of operations (bidmas),y6m-mult-div,Order of operations (BIDMAS),workedExample,0,$36 \times 15 \div 5 + 8$,540,116,order_of_operations
AGREE,v19|y6m-mult-div|curriculum|greater_depth|lesson|order of operations (bidmas),y6m-mult-div,Order of operations (BIDMAS),tryThis,0,$24 \times 12 \div 6 + 7$,$55$,55,order_of_operations
DISAGREE,v19|y6m-mult-div|curriculum|greater_depth|lesson|order of operations (bidmas),y6m-mult-div,Order of operations (BIDMAS),quickCheck,0,Which operation is completed first in $7 + 24 \div 6 \times 5$?,"$24 \div 6$, because division and multiplication are completed from left to right.",27,order_of_operations
AGREE,v19|y6m-mult-div|curriculum|greater_depth|lesson|order of operations (bidmas),y6m-mult-div,Order of operations (BIDMAS),guidedPractice[0],0,$18 \times 14 \div 7 + 9$,$45$,45,order_of_operations
AGREE,v19|y6m-mult-div|curriculum|greater_depth|lesson|order of operations (bidmas),y6m-mult-div,Order of operations (BIDMAS),guidedPractice[1],0,$(28 + 12) \times 15 \div 5$,$120$,120,order_of_operations
AGREE,v19|y6m-mult-div|curriculum|greater_depth|lesson|order of operations (bidmas),y6m-mult-div,Order of operations (BIDMAS),independentPractice[0],0,$42 \times 16 \div 8 - 11$,$73$,73,order_of_operations
AGREE,v19|y6m-mult-div|curriculum|greater_depth|lesson|order of operations (bidmas),y6m-mult-div,Order of operations (BIDMAS),independentPractice[1],0,$(35 - 11) \times 18 \div 6 + 4$,$76$,76,order_of_operations
AGREE,v19|y6m-mult-div|curriculum|greater_depth|lesson|order of operations (bidmas),y6m-mult-div,Order of operations (BIDMAS),independentPractice[2],0,$48 \div 6 \times 17 + 9$,$145$,145,order_of_operations
AGREE,"v19|y5m-place-value|curriculum|secure|guided|round to the nearest 10, 100, 1000, 10,000 and 100,000",y5m-place-value,"Round to the nearest 10, 100, 1000, 10,000 and 100,000",workedExample,7,"Round $347,281$ to the nearest $10,000$.",350000,350000,rounding_number_line
AGREE,"v19|y5m-place-value|curriculum|secure|guided|round to the nearest 10, 100, 1000, 10,000 and 100,000",y5m-place-value,"Round to the nearest 10, 100, 1000, 10,000 and 100,000",tryThis,7,"Round $682,451$ to the nearest $100,000$.",700000,700000,rounding_number_line
AGREE,"v19|y5m-place-value|curriculum|secure|guided|round to the nearest 10, 100, 1000, 10,000 and 100,000",y5m-place-value,"Round to the nearest 10, 100, 1000, 10,000 and 100,000",quickCheck,7,"Round $75,500$ to the nearest $1,000$.",76000,76000,rounding_number_line
AGREE,"v19|y5m-place-value|curriculum|secure|guided|round to the nearest 10, 100, 1000, 10,000 and 100,000",y5m-place-value,"Round to the nearest 10, 100, 1000, 10,000 and 100,000",guidedPractice[0],7,"Round $6,743$ to the nearest $1,000$.",7000,7000,rounding_number_line
AGREE,"v19|y5m-place-value|curriculum|secure|guided|round to the nearest 10, 100, 1000, 10,000 and 100,000",y5m-place-value,"Round to the nearest 10, 100, 1000, 10,000 and 100,000",guidedPractice[1],7,"Round $28,364$ to the nearest $100$.",28400,28400,rounding_number_line
AGREE,"v19|y5m-place-value|curriculum|secure|guided|round to the nearest 10, 100, 1000, 10,000 and 100,000",y5m-place-value,"Round to the nearest 10, 100, 1000, 10,000 and 100,000",guidedPractice[2],7,"Round $91,204$ to the nearest $10,000$.",90000,90000,rounding_number_line
AGREE,"v19|y5m-place-value|curriculum|secure|guided|round to the nearest 10, 100, 1000, 10,000 and 100,000",y5m-place-value,"Round to the nearest 10, 100, 1000, 10,000 and 100,000",independentPractice[0],7,"Round $4,768$ to the nearest $10$.",4770,4770,rounding_number_line
AGREE,"v19|y5m-place-value|curriculum|secure|guided|round to the nearest 10, 100, 1000, 10,000 and 100,000",y5m-place-value,"Round to the nearest 10, 100, 1000, 10,000 and 100,000",independentPractice[1],7,"Round $53,149$ to the nearest $1,000$.",53000,53000,rounding_number_line
AGREE,"v19|y5m-place-value|curriculum|secure|guided|round to the nearest 10, 100, 1000, 10,000 and 100,000",y5m-place-value,"Round to the nearest 10, 100, 1000, 10,000 and 100,000",independentPractice[2],7,"Round $458,621$ to the nearest $100,000$.",500000,500000,rounding_number_line
AGREE,v19|y5m-shape|curriculum|secure|lesson|angles on a straight line,y5m-shape,Angles on a straight line,workedExample,31,One angle on a straight line is $127°$. Find the missing angle $x$.,53°,53°,angle_diagram
AGREE,v19|y5m-shape|curriculum|secure|lesson|angles on a straight line,y5m-shape,Angles on a straight line,tryThis,31,One angle on a straight line is $68°$. Find the missing angle.,112°,112°,angle_diagram
AGREE,v19|y5m-shape|curriculum|secure|lesson|angles on a straight line,y5m-shape,Angles on a straight line,quickCheck,31,A missing angle is beside an angle of $101°$ on a straight line. What is the missing angle?,79°,79°,angle_diagram
AGREE,v19|y5m-shape|curriculum|secure|lesson|angles on a straight line,y5m-shape,Angles on a straight line,guidedPractice[0],31,One angle on a straight line is $94°$. Find the missing angle.,86°,86°,angle_diagram
AGREE,v19|y5m-shape|curriculum|secure|lesson|angles on a straight line,y5m-shape,Angles on a straight line,guidedPractice[1],31,"Angles of $45°$, $70°$ and $x$ sit next to each other on a straight line. Find $x$.",65°,65°,angle_diagram
AGREE,v19|y5m-shape|curriculum|secure|lesson|angles on a straight line,y5m-shape,Angles on a straight line,independentPractice[0],31,One angle on a straight line is $135°$. Find the missing angle.,45°,45°,angle_diagram
AGREE,v19|y5m-shape|curriculum|secure|lesson|angles on a straight line,y5m-shape,Angles on a straight line,independentPractice[1],31,"Angles of $38°$, $82°$ and $x$ sit next to each other on a straight line. Find $x$.",60°,60°,angle_diagram
AGREE,v19|y5m-shape|curriculum|secure|lesson|angles on a straight line,y5m-shape,Angles on a straight line,independentPractice[2],31,"Angles of $56°$, $49°$ and $x$ sit next to each other on a straight line. Find $x$.",75°,75°,angle_diagram
AGREE,v19|y5m-shape|curriculum|secure|guided|angles on a straight line,y5m-shape,Angles on a straight line,workedExample,7,One angle on a straight line is $67°$. Find the missing angle $x$.,113°,113°,angle_diagram
AGREE,v19|y5m-shape|curriculum|secure|guided|angles on a straight line,y5m-shape,Angles on a straight line,tryThis,7,One angle on a straight line is $124°$. Find the missing angle.,56°,56°,angle_diagram
AGREE,v19|y5m-shape|curriculum|secure|guided|angles on a straight line,y5m-shape,Angles on a straight line,quickCheck,7,Angles $83°$ and $y$ lie on a straight line. Find $y$.,97°,97°,angle_diagram
AGREE,v19|y5m-shape|curriculum|secure|guided|angles on a straight line,y5m-shape,Angles on a straight line,guidedPractice[0],7,One angle on a straight line is $92°$. Find the missing angle.,88°,88°,angle_diagram
AGREE,v19|y5m-shape|curriculum|secure|guided|angles on a straight line,y5m-shape,Angles on a straight line,guidedPractice[1],7,One angle on a straight line is $45°$. Find the missing angle.,135°,135°,angle_diagram
AGREE,v19|y5m-shape|curriculum|secure|guided|angles on a straight line,y5m-shape,Angles on a straight line,guidedPractice[2],7,One angle on a straight line is $138°$. Find the missing angle.,42°,42°,angle_diagram
AGREE,v19|y5m-shape|curriculum|secure|guided|angles on a straight line,y5m-shape,Angles on a straight line,independentPractice[0],7,One angle on a straight line is $76°$. Find the missing angle.,104°,104°,angle_diagram
AGREE,v19|y5m-shape|curriculum|secure|guided|angles on a straight line,y5m-shape,Angles on a straight line,independentPractice[1],7,One angle on a straight line is $109°$. Find the missing angle.,71°,71°,angle_diagram
AGREE,v19|y5m-shape|curriculum|secure|guided|angles on a straight line,y5m-shape,Angles on a straight line,independentPractice[2],7,One angle on a straight line is $156°$. Find the missing angle.,24°,24°,angle_diagram
UNVERIFIABLE,v19|y5m-perimeter-area|curriculum|secure|guided|perimeter of rectangles,y5m-perimeter-area,Perimeter of rectangles,workedExample,8,A rectangle is $8\text{ cm}$ long and $5\text{ cm}$ wide. What is its perimeter?,$26\text{ cm}$,,
UNVERIFIABLE,v19|y5m-perimeter-area|curriculum|secure|guided|perimeter of rectangles,y5m-perimeter-area,Perimeter of rectangles,tryThis,8,A rectangle has a length of $9\text{ cm}$ and a width of $4\text{ cm}$. What is its perimeter?,$26\text{ cm}$,,
UNVERIFIABLE,v19|y5m-perimeter-area|curriculum|secure|guided|perimeter of rectangles,y5m-perimeter-area,Perimeter of rectangles,quickCheck,8,A rectangle has sides of $6\text{ cm}$ and $2\text{ cm}$. What is its perimeter?,$16\text{ cm}$,,
UNVERIFIABLE,v19|y5m-perimeter-area|curriculum|secure|guided|perimeter of rectangles,y5m-perimeter-area,Perimeter of rectangles,guidedPractice[0],8,A rectangle is $7\text{ cm}$ long and $3\text{ cm}$ wide. Find its perimeter.,$20\text{ cm}$,,
UNVERIFIABLE,v19|y5m-perimeter-area|curriculum|secure|guided|perimeter of rectangles,y5m-perimeter-area,Perimeter of rectangles,guidedPractice[1],8,A rectangle is $12\text{ m}$ long and $6\text{ m}$ wide. Find its perimeter.,$36\text{ m}$,,
UNVERIFIABLE,v19|y5m-perimeter-area|curriculum|secure|guided|perimeter of rectangles,y5m-perimeter-area,Perimeter of rectangles,independentPractice[0],8,A rectangle is $10\text{ cm}$ long and $4\text{ cm}$ wide. Find its perimeter.,$28\text{ cm}$,,
UNVERIFIABLE,v19|y5m-perimeter-area|curriculum|secure|guided|perimeter of rectangles,y5m-perimeter-area,Perimeter of rectangles,independentPractice[1],8,A rectangle is $15\text{ m}$ long and $8\text{ m}$ wide. Find its perimeter.,$46\text{ m}$,,
AGREE,v19|y6m-place-value|curriculum|secure|guided|round any number,y6m-place-value,Round any number,workedExample,7,Round $6.47$ to the nearest tenth.,6.5,6.5,rounding_number_line
AGREE,v19|y6m-place-value|curriculum|secure|guided|round any number,y6m-place-value,Round any number,tryThis,7,Round $8.23$ to the nearest tenth.,8.2,8.2,rounding_number_line
AGREE,v19|y6m-place-value|curriculum|secure|guided|round any number,y6m-place-value,Round any number,quickCheck,7,Round $7.95$ to the nearest tenth.,8.0,8.0,rounding_number_line
AGREE,v19|y6m-place-value|curriculum|secure|guided|round any number,y6m-place-value,Round any number,guidedPractice[0],7,Round $3.64$ to the nearest tenth.,3.6,3.6,rounding_number_line
AGREE,v19|y6m-place-value|curriculum|secure|guided|round any number,y6m-place-value,Round any number,guidedPractice[1],7,Round $12.58$ to the nearest tenth.,12.6,12.6,rounding_number_line
AGREE,v19|y6m-place-value|curriculum|secure|guided|round any number,y6m-place-value,Round any number,guidedPractice[2],7,Round $9.05$ to the nearest tenth.,9.1,9.1,rounding_number_line
AGREE,v19|y6m-place-value|curriculum|secure|guided|round any number,y6m-place-value,Round any number,independentPractice[0],7,Round $4.31$ to the nearest tenth.,4.3,4.3,rounding_number_line
AGREE,v19|y6m-place-value|curriculum|secure|guided|round any number,y6m-place-value,Round any number,independentPractice[1],7,Round $15.76$ to the nearest tenth.,15.8,15.8,rounding_number_line
AGREE,v19|y6m-place-value|curriculum|secure|guided|round any number,y6m-place-value,Round any number,independentPractice[2],7,Round $20.49$ to the nearest tenth.,20.5,20.5,rounding_number_line
AGREE,v19|y5m-converting-units|curriculum|secure|lesson|convert metric units,y5m-converting-units,Convert metric units,workedExample,17,Convert $4$ m to cm.,400 cm,400 cm,unit_conversion
AGREE,v19|y5m-converting-units|curriculum|secure|lesson|convert metric units,y5m-converting-units,Convert metric units,tryThis,17,Convert $7$ m to cm.,700 cm,700 cm,unit_conversion
AGREE,v19|y5m-converting-units|curriculum|secure|lesson|convert metric units,y5m-converting-units,Convert metric units,quickCheck,17,Convert $15$ m to cm.,1500 cm,1500 cm,unit_conversion
AGREE,v19|y5m-converting-units|curriculum|secure|lesson|convert metric units,y5m-converting-units,Convert metric units,guidedPractice[0],17,Convert $6$ m to cm.,600 cm,600 cm,unit_conversion
AGREE,v19|y5m-converting-units|curriculum|secure|lesson|convert metric units,y5m-converting-units,Convert metric units,guidedPractice[1],17,Convert $12$ m to cm.,1200 cm,1200 cm,unit_conversion
AGREE,v19|y5m-converting-units|curriculum|secure|lesson|convert metric units,y5m-converting-units,Convert metric units,independentPractice[0],17,Convert $9$ m to cm.,900 cm,900 cm,unit_conversion
AGREE,v19|y5m-converting-units|curriculum|secure|lesson|convert metric units,y5m-converting-units,Convert metric units,independentPractice[1],17,Convert $25$ m to cm.,2500 cm,2500 cm,unit_conversion
AGREE,v19|y5m-converting-units|curriculum|secure|lesson|convert metric units,y5m-converting-units,Convert metric units,independentPractice[2],17,Convert $40$ m to cm.,4000 cm,4000 cm,unit_conversion
AGREE,v19|y6m-mult-div|curriculum|secure|guided|order of operations (bidmas),y6m-mult-div,Order of operations (BIDMAS),workedExample,7,$18 - 3 \times 4 + 6$,12,12,order_of_operations
AGREE,v19|y6m-mult-div|curriculum|secure|guided|order of operations (bidmas),y6m-mult-div,Order of operations (BIDMAS),tryThis,7,$24 \div 4 + 7 \times 2$,20,20,order_of_operations
AGREE,v19|y6m-mult-div|curriculum|secure|guided|order of operations (bidmas),y6m-mult-div,Order of operations (BIDMAS),quickCheck,7,$40 - 5 \times 6$,10,10,order_of_operations
AGREE,v19|y6m-mult-div|curriculum|secure|guided|order of operations (bidmas),y6m-mult-div,Order of operations (BIDMAS),guidedPractice[0],7,$15 + 4 \times 3$,27,27,order_of_operations
AGREE,v19|y6m-mult-div|curriculum|secure|guided|order of operations (bidmas),y6m-mult-div,Order of operations (BIDMAS),guidedPractice[1],7,$30 \div 5 + 9$,15,15,order_of_operations
AGREE,v19|y6m-mult-div|curriculum|secure|guided|order of operations (bidmas),y6m-mult-div,Order of operations (BIDMAS),guidedPractice[2],7,$20 - 8 \div 2 + 3$,19,19,order_of_operations
AGREE,v19|y6m-mult-div|curriculum|secure|guided|order of operations (bidmas),y6m-mult-div,Order of operations (BIDMAS),independentPractice[0],7,$7 + 6 \times 5$,37,37,order_of_operations
AGREE,v19|y6m-mult-div|curriculum|secure|guided|order of operations (bidmas),y6m-mult-div,Order of operations (BIDMAS),independentPractice[1],7,$36 \div 6 + 14$,20,20,order_of_operations
AGREE,v19|y6m-mult-div|curriculum|secure|guided|order of operations (bidmas),y6m-mult-div,Order of operations (BIDMAS),independentPractice[2],7,$25 - 12 \div 3 + 8$,29,29,order_of_operations
AGREE,v19|y5m-mult-div-a|curriculum|secure|lesson|multiples,y5m-mult-div-a,Multiples,workedExample,23,Write the first five multiples of $6$.,"6, 12, 18, 24, 30, 36, 42, 48, 54, 60","6, 12, 18, 24, 30",multiples_number_line
AGREE,v19|y5m-mult-div-a|curriculum|secure|lesson|multiples,y5m-mult-div-a,Multiples,tryThis,23,Write the first five multiples of $8$.,"$8$, $16$, $24$, $32$ and $40$.","8, 16, 24, 32, 40",multiples_number_line
AGREE,v19|y5m-mult-div-a|curriculum|secure|lesson|multiples,y5m-mult-div-a,Multiples,quickCheck,23,What is the next multiple of $6$ after $30$?,$36$.,36,multiples_number_line
AGREE,v19|y5m-mult-div-a|curriculum|secure|lesson|multiples,y5m-mult-div-a,Multiples,guidedPractice[0],23,Write the first four multiples of $7$.,"$7$, $14$, $21$ and $28$.","7, 14, 21, 28",multiples_number_line
UNVERIFIABLE,v19|y5m-mult-div-a|curriculum|secure|lesson|multiples,y5m-mult-div-a,Multiples,guidedPractice[1],23,"Which number is a multiple of $5$: $18$, $25$ or $32$?",$25$ is a multiple of $5$.,,
AGREE,v19|y5m-mult-div-a|curriculum|secure|lesson|multiples,y5m-mult-div-a,Multiples,independentPractice[0],23,Write the first six multiples of $4$.,"$4$, $8$, $12$, $16$, $20$ and $24$.","4, 8, 12, 16, 20, 24",multiples_number_line
AGREE,v19|y5m-mult-div-a|curriculum|secure|lesson|multiples,y5m-mult-div-a,Multiples,independentPractice[1],23,Write the first five multiples of $9$.,"$9$, $18$, $27$, $36$ and $45$.","9, 18, 27, 36, 45",multiples_number_line
UNVERIFIABLE,v19|y5m-mult-div-a|curriculum|secure|lesson|multiples,y5m-mult-div-a,Multiples,independentPractice[2],23,Is $42$ a multiple of $7$?,"Yes, because $7 \times 6 = 42$.",,
AGREE,v19|y6m-converting-units|curriculum|secure|lesson|convert metric measures,y6m-converting-units,Convert metric measures,workedExample,19,Convert $4$ m to cm.,400 cm,400 cm,unit_conversion
AGREE,v19|y6m-converting-units|curriculum|secure|lesson|convert metric measures,y6m-converting-units,Convert metric measures,tryThis,19,Convert $7$ m to cm.,700 cm,700 cm,unit_conversion
AGREE,v19|y6m-converting-units|curriculum|secure|lesson|convert metric measures,y6m-converting-units,Convert metric measures,quickCheck,19,Which is correct: $9$ m $= 90$ cm or $9$ m $= 900$ cm?,m = 10,m = 10,linear_equation
AGREE,v19|y6m-converting-units|curriculum|secure|lesson|convert metric measures,y6m-converting-units,Convert metric measures,guidedPractice[0],19,Convert $3$ m to cm.,300 cm,300 cm,unit_conversion
AGREE,v19|y6m-converting-units|curriculum|secure|lesson|convert metric measures,y6m-converting-units,Convert metric measures,guidedPractice[1],19,Convert $12$ m to cm.,1200 cm,1200 cm,unit_conversion
AGREE,v19|y6m-converting-units|curriculum|secure|lesson|convert metric measures,y6m-converting-units,Convert metric measures,independentPractice[0],19,Convert $6$ m to cm.,600 cm,600 cm,unit_conversion
AGREE,v19|y6m-converting-units|curriculum|secure|lesson|convert metric measures,y6m-converting-units,Convert metric measures,independentPractice[1],19,Convert $25$ m to cm.,2500 cm,2500 cm,unit_conversion
AGREE,v19|y6m-converting-units|curriculum|secure|lesson|convert metric measures,y6m-converting-units,Convert metric measures,independentPractice[2],19,Convert $40$ m to cm.,4000 cm,4000 cm,unit_conversion
UNVERIFIABLE,v19|y5m-statistics|curriculum|secure|guided|read and interpret tables,y5m-statistics,Read and interpret tables,workedExample,7,How many books did Oak class borrow on Thursday?,Oak class borrowed $18$ books on Thursday.,,
UNVERIFIABLE,v19|y5m-statistics|curriculum|secure|guided|read and interpret tables,y5m-statistics,Read and interpret tables,tryThis,7,How many books did Elm class borrow on Wednesday?,Elm class borrowed $17$ books on Wednesday.,,
UNVERIFIABLE,v19|y5m-statistics|curriculum|secure|guided|read and interpret tables,y5m-statistics,Read and interpret tables,quickCheck,7,Which labels would you use to find Oak class's books borrowed on Wednesday?,Use the Oak row and the Wednesday column.,,
UNVERIFIABLE,v19|y5m-statistics|curriculum|secure|guided|read and interpret tables,y5m-statistics,Read and interpret tables,guidedPractice[0],7,How many books did Ash class borrow on Tuesday?,Ash class borrowed $15$ books on Tuesday.,,
UNVERIFIABLE,v19|y5m-statistics|curriculum|secure|guided|read and interpret tables,y5m-statistics,Read and interpret tables,guidedPractice[1],7,How many books did Oak class borrow on Monday?,Oak class borrowed $16$ books on Monday.,,
UNVERIFIABLE,v19|y5m-statistics|curriculum|secure|guided|read and interpret tables,y5m-statistics,Read and interpret tables,guidedPractice[2],7,How many books did Elm class borrow on Thursday?,Elm class borrowed $12$ books on Thursday.,,
UNVERIFIABLE,v19|y5m-statistics|curriculum|secure|guided|read and interpret tables,y5m-statistics,Read and interpret tables,independentPractice[0],7,How many books did Ash class borrow on Wednesday?,Ash class borrowed $10$ books on Wednesday.,,
UNVERIFIABLE,v19|y5m-statistics|curriculum|secure|guided|read and interpret tables,y5m-statistics,Read and interpret tables,independentPractice[1],7,How many books did Elm class borrow on Tuesday?,Elm class borrowed $14$ books on Tuesday.,,
UNVERIFIABLE,v19|y5m-converting-units|curriculum|secure|guided|convert metric units,y5m-converting-units,Convert metric units,workedExample,7,Convert $4.6\text{ m}$ to centimetres.,3/5 = 0.6 = 60%,,
UNVERIFIABLE,v19|y5m-converting-units|curriculum|secure|guided|convert metric units,y5m-converting-units,Convert metric units,tryThis,7,Convert $3.25\text{ m}$ to centimetres.,1/4 = 0.25 = 25%,,
DISAGREE,v19|y5m-converting-units|curriculum|secure|guided|convert metric units,y5m-converting-units,Convert metric units,quickCheck,7,Which is correct: $0.9\text{ m}=9\text{ cm}$ or $0.9\text{ m}=90\text{ cm}$?,$0.9\text{ m}=90\text{ cm}$,m = 1,linear_equation
UNVERIFIABLE,v19|y5m-converting-units|curriculum|secure|guided|convert metric units,y5m-converting-units,Convert metric units,guidedPractice[0],7,Convert $2.7\text{ m}$ to centimetres.,7/10 = 0.7 = 70%,,
UNVERIFIABLE,v19|y5m-converting-units|curriculum|secure|guided|convert metric units,y5m-converting-units,Convert metric units,guidedPractice[1],7,Convert $5.08\text{ m}$ to centimetres.,2/25 = 0.08 = 8%,,
UNVERIFIABLE,v19|y5m-converting-units|curriculum|secure|guided|convert metric units,y5m-converting-units,Convert metric units,independentPractice[0],7,Convert $6.4\text{ m}$ to centimetres.,2/5 = 0.4 = 40%,,
UNVERIFIABLE,v19|y5m-converting-units|curriculum|secure|guided|convert metric units,y5m-converting-units,Convert metric units,independentPractice[1],7,Convert $1.35\text{ m}$ to centimetres.,7/20 = 0.35 = 35%,,
AGREE,v19|y5m-fractions|curriculum|secure|guided|add and subtract fractions,y5m-fractions,Add and subtract fractions,workedExample,7,$\frac{1}{2}+\frac{1}{4}$,3/4,3/4,fraction_ops
AGREE,v19|y5m-fractions|curriculum|secure|guided|add and subtract fractions,y5m-fractions,Add and subtract fractions,tryThis,7,$\frac{1}{3}+\frac{1}{6}$,1/2,1/2,fraction_ops
AGREE,v19|y5m-fractions|curriculum|secure|guided|add and subtract fractions,y5m-fractions,Add and subtract fractions,quickCheck,7,$\frac{2}{3}-\frac{1}{6}$,1/2,1/2,fraction_ops
AGREE,v19|y5m-fractions|curriculum|secure|guided|add and subtract fractions,y5m-fractions,Add and subtract fractions,guidedPractice[0],7,$\frac{1}{3}+\frac{1}{6}$,1/2,1/2,fraction_ops
AGREE,v19|y5m-fractions|curriculum|secure|guided|add and subtract fractions,y5m-fractions,Add and subtract fractions,guidedPractice[1],7,$\frac{3}{4}-\frac{1}{2}$,1/4,1/4,fraction_ops
DISAGREE,v19|y5m-fractions|curriculum|secure|guided|add and subtract fractions,y5m-fractions,Add and subtract fractions,guidedPractice[2],7,$\frac{2}{5}+\frac{1}{10}$,1/2,0.1,place_value_shift
AGREE,v19|y5m-fractions|curriculum|secure|guided|add and subtract fractions,y5m-fractions,Add and subtract fractions,independentPractice[0],7,$\frac{1}{4}+\frac{1}{2}$,3/4,3/4,fraction_ops
AGREE,v19|y5m-fractions|curriculum|secure|guided|add and subtract fractions,y5m-fractions,Add and subtract fractions,independentPractice[1],7,$\frac{5}{6}-\frac{1}{3}$,1/2,1/2,fraction_ops
AGREE,v19|y5m-fractions|curriculum|secure|guided|add and subtract fractions,y5m-fractions,Add and subtract fractions,independentPractice[2],7,$\frac{3}{8}+\frac{1}{4}$,5/8,5/8,fraction_ops
AGREE,v19|y5m-fractions|curriculum|secure|lesson|add and subtract fractions,y5m-fractions,Add and subtract fractions,workedExample,19,$\frac{1}{2} + \frac{3}{8}$,7/8,7/8,fraction_ops
AGREE,v19|y5m-fractions|curriculum|secure|lesson|add and subtract fractions,y5m-fractions,Add and subtract fractions,tryThis,19,$\frac{1}{4} + \frac{1}{2}$,3/4,3/4,fraction_ops
AGREE,v19|y5m-fractions|curriculum|secure|lesson|add and subtract fractions,y5m-fractions,Add and subtract fractions,quickCheck,19,$\frac{2}{3} - \frac{1}{6}$,1/2,1/2,fraction_ops
AGREE,v19|y5m-fractions|curriculum|secure|lesson|add and subtract fractions,y5m-fractions,Add and subtract fractions,guidedPractice[0],19,$\frac{1}{2} + \frac{1}{4}$,3/4,3/4,fraction_ops
AGREE,v19|y5m-fractions|curriculum|secure|lesson|add and subtract fractions,y5m-fractions,Add and subtract fractions,guidedPractice[1],19,$\frac{3}{4} - \frac{1}{2}$,1/4,1/4,fraction_ops
AGREE,v19|y5m-fractions|curriculum|secure|lesson|add and subtract fractions,y5m-fractions,Add and subtract fractions,independentPractice[0],19,$\frac{1}{3} + \frac{1}{6}$,1/2,1/2,fraction_ops
AGREE,v19|y5m-fractions|curriculum|secure|lesson|add and subtract fractions,y5m-fractions,Add and subtract fractions,independentPractice[1],19,$\frac{5}{6} - \frac{1}{3}$,1/2,1/2,fraction_ops
AGREE,v19|y5m-fractions|curriculum|secure|lesson|add and subtract fractions,y5m-fractions,Add and subtract fractions,independentPractice[2],19,$\frac{3}{8} + \frac{1}{4}$,5/8,5/8,fraction_ops
AGREE,"v19|y5m-decimals-percentages|curriculum|secure|guided|equivalent fractions, decimals and percentages",y5m-decimals-percentages,"Equivalent fractions, decimals and percentages",workedExample,7,Write $\frac{3}{4}$ as a decimal and a percentage.,3/4 = 0.75 = 75%,3/4 = 0.75 = 75%,fdp_equivalence
AGREE,"v19|y5m-decimals-percentages|curriculum|secure|guided|equivalent fractions, decimals and percentages",y5m-decimals-percentages,"Equivalent fractions, decimals and percentages",tryThis,7,Write $\frac{1}{2}$ as a decimal and a percentage.,1/2 = 0.5 = 50%,1/2 = 0.5 = 50%,fdp_equivalence
UNVERIFIABLE,"v19|y5m-decimals-percentages|curriculum|secure|guided|equivalent fractions, decimals and percentages",y5m-decimals-percentages,"Equivalent fractions, decimals and percentages",quickCheck,7,Which is equivalent to $0.25$: $\frac{1}{4}$ or $\frac{1}{2}$?,1/4 = 0.25 = 25%,,
AGREE,"v19|y5m-decimals-percentages|curriculum|secure|guided|equivalent fractions, decimals and percentages",y5m-decimals-percentages,"Equivalent fractions, decimals and percentages",guidedPractice[0],7,Write $\frac{1}{4}$ as a decimal and a percentage.,1/4 = 0.25 = 25%,1/4 = 0.25 = 25%,fdp_equivalence
UNVERIFIABLE,"v19|y5m-decimals-percentages|curriculum|secure|guided|equivalent fractions, decimals and percentages",y5m-decimals-percentages,"Equivalent fractions, decimals and percentages",guidedPractice[1],7,Write $0.6$ as a fraction and a percentage.,$0.6=\frac{6}{10}=60\%$,,
AGREE,"v19|y5m-decimals-percentages|curriculum|secure|guided|equivalent fractions, decimals and percentages",y5m-decimals-percentages,"Equivalent fractions, decimals and percentages",guidedPractice[2],7,Write $40\%$ as a fraction and a decimal.,40,40,place_value_chart
AGREE,"v19|y5m-decimals-percentages|curriculum|secure|guided|equivalent fractions, decimals and percentages",y5m-decimals-percentages,"Equivalent fractions, decimals and percentages",independentPractice[0],7,Write $\frac{1}{5}$ as a decimal and a percentage.,1/5 = 0.2 = 20%,1/5 = 0.2 = 20%,fdp_equivalence
AGREE,"v19|y5m-decimals-percentages|curriculum|secure|guided|equivalent fractions, decimals and percentages",y5m-decimals-percentages,"Equivalent fractions, decimals and percentages",independentPractice[1],7,Write $0.35$ as a fraction and a percentage.,35,35,place_value_chart
AGREE,"v19|y5m-decimals-percentages|curriculum|secure|guided|equivalent fractions, decimals and percentages",y5m-decimals-percentages,"Equivalent fractions, decimals and percentages",independentPractice[2],7,Write $90\%$ as a fraction and a decimal.,90,90,place_value_chart
AGREE,"v19|y5m-place-value|curriculum|greater_depth|lesson|numbers to 10,000 and 100,000",y5m-place-value,"Numbers to 10,000 and 100,000",workedExample,1,"Write $70,406$ in words and state the value of the digit $4$.","70,406","70,406",place_value_chart
DISAGREE,"v19|y5m-place-value|curriculum|greater_depth|lesson|numbers to 10,000 and 100,000",y5m-place-value,"Numbers to 10,000 and 100,000",tryThis,1,"Write $83,019$ in words and state the value of the digit $3$.","$83,019$ is eighty-three thousand and nineteen. The digit $3$ is worth $3,000$.","83,019",place_value_chart
UNVERIFIABLE,"v19|y5m-place-value|curriculum|greater_depth|lesson|numbers to 10,000 and 100,000",y5m-place-value,"Numbers to 10,000 and 100,000",quickCheck,1,"What is the value of the digit $5$ in $25,618$?","$5,000$",,
DISAGREE,"v19|y5m-place-value|curriculum|greater_depth|lesson|numbers to 10,000 and 100,000",y5m-place-value,"Numbers to 10,000 and 100,000",guidedPractice[0],1,"Write $56,208$ in words and state the value of the digit $2$.","$56,208$ is fifty-six thousand, two hundred and eight. The digit $2$ is worth $200$.","56,208",place_value_chart
UNVERIFIABLE,"v19|y5m-place-value|curriculum|greater_depth|lesson|numbers to 10,000 and 100,000",y5m-place-value,"Numbers to 10,000 and 100,000",guidedPractice[1],1,"What number has $9$ ten thousands, $3$ thousands, $0$ hundreds, $5$ tens and $1$ one?","$93,051$",,
DISAGREE,"v19|y5m-place-value|curriculum|greater_depth|lesson|numbers to 10,000 and 100,000",y5m-place-value,"Numbers to 10,000 and 100,000",independentPractice[0],1,"Write $41,070$ in words and state the value of the digit $1$.","$41,070$ is forty-one thousand and seventy. The digit $1$ is worth $1,000$.","41,070",place_value_chart
UNVERIFIABLE,"v19|y5m-place-value|curriculum|greater_depth|lesson|numbers to 10,000 and 100,000",y5m-place-value,"Numbers to 10,000 and 100,000",independentPractice[1],1,"Write the number with $6$ ten thousands, $0$ thousands, $8$ hundreds, $4$ tens and $2$ ones.","$60,842$",,
UNVERIFIABLE,"v19|y5m-place-value|curriculum|greater_depth|lesson|numbers to 10,000 and 100,000",y5m-place-value,"Numbers to 10,000 and 100,000",independentPractice[2],1,"In $99,304$, what is the value of each digit $9$?","The first $9$ is worth $90,000$. The second $9$ is worth $9,000$.",,
UNVERIFIABLE,v19|y5m-statistics|curriculum|secure|lesson|read and interpret tables,y5m-statistics,Read and interpret tables,workedExample,18,How many books did Oak class borrow on Thursday?,Oak class borrowed $18$ books on Thursday.,,
UNVERIFIABLE,v19|y5m-statistics|curriculum|secure|lesson|read and interpret tables,y5m-statistics,Read and interpret tables,tryThis,18,"Using the table, how many books did Beech class borrow on Tuesday?",Beech class borrowed $11$ books on Tuesday.,,
UNVERIFIABLE,v19|y5m-statistics|curriculum|secure|lesson|read and interpret tables,y5m-statistics,Read and interpret tables,quickCheck,18,Which row and column would you use to find Beech class books borrowed on Thursday?,Use the Beech row and the Thursday column.,,
UNVERIFIABLE,v19|y5m-statistics|curriculum|secure|lesson|read and interpret tables,y5m-statistics,Read and interpret tables,guidedPractice[0],18,"Using the table, how many books did Ash class borrow on Wednesday?",Ash class borrowed $9$ books on Wednesday.,,
UNVERIFIABLE,v19|y5m-statistics|curriculum|secure|lesson|read and interpret tables,y5m-statistics,Read and interpret tables,guidedPractice[1],18,"Using the table, how many books did Oak class borrow on Tuesday?",Oak class borrowed $17$ books on Tuesday.,,
UNVERIFIABLE,v19|y5m-statistics|curriculum|secure|lesson|read and interpret tables,y5m-statistics,Read and interpret tables,independentPractice[0],18,"Using the table, how many books did Beech class borrow on Monday?",Beech class borrowed $16$ books on Monday.,,
UNVERIFIABLE,v19|y5m-statistics|curriculum|secure|lesson|read and interpret tables,y5m-statistics,Read and interpret tables,independentPractice[1],18,"Using the table, how many books did Ash class borrow on Thursday?",Ash class borrowed $14$ books on Thursday.,,
UNVERIFIABLE,v19|y5m-statistics|curriculum|secure|lesson|read and interpret tables,y5m-statistics,Read and interpret tables,independentPractice[2],18,"Using the table, how many books did Oak class borrow on Wednesday?",Oak class borrowed $12$ books on Wednesday.,,
AGREE,"v19|y5m-decimals-percentages|curriculum|secure|lesson|equivalent fractions, decimals and percentages",y5m-decimals-percentages,"Equivalent fractions, decimals and percentages",workedExample,18,Write $\frac{3}{5}$ as a decimal and a percentage.,3/5 = 0.6 = 60%,3/5 = 0.6 = 60%,fdp_equivalence
AGREE,"v19|y5m-decimals-percentages|curriculum|secure|lesson|equivalent fractions, decimals and percentages",y5m-decimals-percentages,"Equivalent fractions, decimals and percentages",tryThis,18,Write $\frac{7}{10}$ as a decimal and a percentage.,10,10,place_value_chart
UNVERIFIABLE,"v19|y5m-decimals-percentages|curriculum|secure|lesson|equivalent fractions, decimals and percentages",y5m-decimals-percentages,"Equivalent fractions, decimals and percentages",quickCheck,18,Complete: $\frac{4}{5}=\frac{\square}{100}=\square=\square\%$.,$\frac{4}{5}=\frac{80}{100}=0.80=80\%$,,
AGREE,"v19|y5m-decimals-percentages|curriculum|secure|lesson|equivalent fractions, decimals and percentages",y5m-decimals-percentages,"Equivalent fractions, decimals and percentages",guidedPractice[0],18,Write $\frac{1}{4}$ as a decimal and a percentage.,1/4 = 0.25 = 25%,1/4 = 0.25 = 25%,fdp_equivalence
AGREE,"v19|y5m-decimals-percentages|curriculum|secure|lesson|equivalent fractions, decimals and percentages",y5m-decimals-percentages,"Equivalent fractions, decimals and percentages",guidedPractice[1],18,Write $0.45$ as a fraction and a percentage.,45,45,place_value_chart
AGREE,"v19|y5m-decimals-percentages|curriculum|secure|lesson|equivalent fractions, decimals and percentages",y5m-decimals-percentages,"Equivalent fractions, decimals and percentages",independentPractice[0],18,Write $\frac{9}{10}$ as a decimal and a percentage.,10,10,place_value_chart
AGREE,"v19|y5m-decimals-percentages|curriculum|secure|lesson|equivalent fractions, decimals and percentages",y5m-decimals-percentages,"Equivalent fractions, decimals and percentages",independentPractice[1],18,Write $0.32$ as a fraction and a percentage.,32,32,place_value_chart
AGREE,"v19|y5m-decimals-percentages|curriculum|secure|lesson|equivalent fractions, decimals and percentages",y5m-decimals-percentages,"Equivalent fractions, decimals and percentages",independentPractice[2],18,Write $75\%$ as a fraction and a decimal.,75,75,place_value_chart
AGREE,v19|y5m-negative-numbers|curriculum|secure|lesson|negative number problems,y5m-negative-numbers,Negative number problems,workedExample,17,"At night, the temperature is $-3°C$. It falls by $5°C$. What is the new temperature?",difference 8; greater 5,difference 8; greater 5,signed_number_line
AGREE,v19|y5m-negative-numbers|curriculum|secure|lesson|negative number problems,y5m-negative-numbers,Negative number problems,tryThis,17,The temperature is $-4°C$. It falls by $3°C$. What is the new temperature?,difference 7; greater 3,difference 7; greater 3,signed_number_line
AGREE,v19|y5m-negative-numbers|curriculum|secure|lesson|negative number problems,y5m-negative-numbers,Negative number problems,quickCheck,17,A temperature is $-1°C$ and falls by $4°C$. What is the new temperature?,difference 5; greater 4,difference 5; greater 4,signed_number_line
AGREE,v19|y5m-negative-numbers|curriculum|secure|lesson|negative number problems,y5m-negative-numbers,Negative number problems,guidedPractice[0],17,A freezer is at $-2°C$. Its temperature falls by $4°C$. What is the new temperature?,difference 6; greater 4,difference 6; greater 4,signed_number_line
AGREE,v19|y5m-negative-numbers|curriculum|secure|lesson|negative number problems,y5m-negative-numbers,Negative number problems,guidedPractice[1],17,"At dawn, the temperature is $-6°C$. It rises by $5°C$. What is the new temperature?",difference 11; greater 5,difference 11; greater 5,signed_number_line
AGREE,v19|y5m-negative-numbers|curriculum|secure|lesson|negative number problems,y5m-negative-numbers,Negative number problems,independentPractice[0],17,The temperature is $-5°C$. It falls by $2°C$. What is the new temperature?,difference 7; greater 2,difference 7; greater 2,signed_number_line
AGREE,v19|y5m-negative-numbers|curriculum|secure|lesson|negative number problems,y5m-negative-numbers,Negative number problems,independentPractice[1],17,A temperature starts at $-8°C$ and rises by $6°C$. What is the new temperature?,difference 14; greater 6,difference 14; greater 6,signed_number_line
AGREE,v19|y5m-negative-numbers|curriculum|secure|lesson|negative number problems,y5m-negative-numbers,Negative number problems,independentPractice[2],17,"At midday, the temperature is $3°C$. It falls by $7°C$. What is the new temperature?",difference 4; greater 7,difference 4; greater 7,signed_number_line
AGREE,v19|y6m-ratio|curriculum|secure|guided|calculate ratio,y6m-ratio,Calculate ratio,workedExample,6,Red and blue counters are in the ratio $2:3$. There are $12$ red counters. Calculate the number of blue counters.,2:3,2:3,ratio_table
AGREE,v19|y6m-ratio|curriculum|secure|guided|calculate ratio,y6m-ratio,Calculate ratio,tryThis,6,Apples and pears are in the ratio $4:5$. There are $20$ apples. Calculate the number of pears.,4:5,4:5,ratio_table
AGREE,v19|y6m-ratio|curriculum|secure|guided|calculate ratio,y6m-ratio,Calculate ratio,quickCheck,6,Pens and pencils are in the ratio $4:3$. There are $24$ pens. Calculate the number of pencils.,4:3,4:3,ratio_table
AGREE,v19|y6m-ratio|curriculum|secure|guided|calculate ratio,y6m-ratio,Calculate ratio,guidedPractice[0],6,Yellow and green beads are in the ratio $3:4$. There are $15$ yellow beads. Calculate the number of green beads.,3:4,3:4,ratio_table
AGREE,v19|y6m-ratio|curriculum|secure|guided|calculate ratio,y6m-ratio,Calculate ratio,guidedPractice[1],6,Boys and girls are in the ratio $5:2$. There are $30$ boys. Calculate the number of girls.,5:2,5:2,ratio_table
AGREE,v19|y6m-ratio|curriculum|secure|guided|calculate ratio,y6m-ratio,Calculate ratio,independentPractice[0],6,Strawberry and vanilla scoops are in the ratio $2:7$. There are $8$ strawberry scoops. Calculate the number of vanilla scoops.,5,5,roman_numerals
AGREE,v19|y6m-ratio|curriculum|secure|guided|calculate ratio,y6m-ratio,Calculate ratio,independentPractice[1],6,Cats and dogs are in the ratio $3:5$. There are $18$ cats. Calculate the number of dogs.,500,500,roman_numerals
UNVERIFIABLE,v19|y6m-statistics|curriculum|secure|lesson|the mean,y6m-statistics,The mean,workedExample,17,"Find the mean number of books read: $3$, $5$, $4$ and $8$.",The mean number of books read is $5$.,,
UNVERIFIABLE,v19|y6m-statistics|curriculum|secure|lesson|the mean,y6m-statistics,The mean,tryThis,17,"Find the mean of $6$, $4$, $7$ and $3$.","$6 + 4 + 7 + 3 = 20$, then $20 \div 4 = 5$. The mean is $5$.",,
UNVERIFIABLE,v19|y6m-statistics|curriculum|secure|lesson|the mean,y6m-statistics,The mean,quickCheck,17,The total of $5$ values is $35$. What is the mean?,$35 \div 5 = 7$. The mean is $7$.,,
UNVERIFIABLE,v19|y6m-statistics|curriculum|secure|lesson|the mean,y6m-statistics,The mean,guidedPractice[0],17,"Find the mean of $2$, $6$ and $7$.",$2 + 6 + 7 = 15$. Then $15 \div 3 = 5$. The mean is $5$.,,
UNVERIFIABLE,v19|y6m-statistics|curriculum|secure|lesson|the mean,y6m-statistics,The mean,guidedPractice[1],17,"Find the mean of $4$, $5$, $6$ and $9$.",$4 + 5 + 6 + 9 = 24$. Then $24 \div 4 = 6$. The mean is $6$.,,
UNVERIFIABLE,v19|y6m-statistics|curriculum|secure|lesson|the mean,y6m-statistics,The mean,independentPractice[0],17,"Find the mean of $7$, $8$ and $9$.",$7 + 8 + 9 = 24$. Then $24 \div 3 = 8$. The mean is $8$.,,
UNVERIFIABLE,v19|y6m-statistics|curriculum|secure|lesson|the mean,y6m-statistics,The mean,independentPractice[1],17,"Find the mean of $2$, $4$, $6$, $8$ and $10$.",$2 + 4 + 6 + 8 + 10 = 30$. Then $30 \div 5 = 6$. The mean is $6$.,,
UNVERIFIABLE,v19|y6m-statistics|curriculum|secure|lesson|the mean,y6m-statistics,The mean,independentPractice[2],17,"Find the mean of $12$, $15$, $9$ and $16$.",$12 + 15 + 9 + 16 = 52$. Then $52 \div 4 = 13$. The mean is $13$.,,
UNVERIFIABLE,v19|y6m-shape|curriculum|secure|guided|angles in a triangle,y6m-shape,Angles in a triangle,workedExample,6,"A triangle has angles of $58°$, $67°$ and $x°. Find $x$.",$x = 55°$,,
UNVERIFIABLE,v19|y6m-shape|curriculum|secure|guided|angles in a triangle,y6m-shape,Angles in a triangle,tryThis,6,"A triangle has angles of $46°$, $79°$ and $y°. Find $y$.",$y = 55°$,,
UNVERIFIABLE,v19|y6m-shape|curriculum|secure|guided|angles in a triangle,y6m-shape,Angles in a triangle,quickCheck,6,"A triangle has angles of $90°$, $54°$ and $g°. Find $g$.",$g = 36°$,,
UNVERIFIABLE,v19|y6m-shape|curriculum|secure|guided|angles in a triangle,y6m-shape,Angles in a triangle,guidedPractice[0],6,"A triangle has angles of $72°$, $48°$ and $a°. Find $a$.",$a = 60°$,,
UNVERIFIABLE,v19|y6m-shape|curriculum|secure|guided|angles in a triangle,y6m-shape,Angles in a triangle,guidedPractice[1],6,"A triangle has angles of $35°$, $95°$ and $b°. Find $b$.",$b = 50°$,,
UNVERIFIABLE,v19|y6m-shape|curriculum|secure|guided|angles in a triangle,y6m-shape,Angles in a triangle,guidedPractice[2],6,"A triangle has angles of $88°$, $41°$ and $c°. Find $c$.",$c = 51°$,,
UNVERIFIABLE,v19|y6m-shape|curriculum|secure|guided|angles in a triangle,y6m-shape,Angles in a triangle,independentPractice[0],6,"A triangle has angles of $64°$, $56°$ and $d°. Find $d$.",$d = 60°$,,
UNVERIFIABLE,v19|y6m-shape|curriculum|secure|guided|angles in a triangle,y6m-shape,Angles in a triangle,independentPractice[1],6,"A triangle has angles of $27°$, $83°$ and $e°. Find $e$.",$e = 70°$,,
UNVERIFIABLE,v19|y6m-shape|curriculum|secure|guided|angles in a triangle,y6m-shape,Angles in a triangle,independentPractice[2],6,"A triangle has angles of $99°$, $36°$ and $f°. Find $f$.",$f = 45°$,,
UNVERIFIABLE,v19|y5m-mult-div-b|curriculum|secure|guided|multiply 2-digit by 2-digit,y5m-mult-div-b,Multiply 2-digit by 2-digit,workedExample,6,$36 \times 15$,540,,
UNVERIFIABLE,v19|y5m-mult-div-b|curriculum|secure|guided|multiply 2-digit by 2-digit,y5m-mult-div-b,Multiply 2-digit by 2-digit,tryThis,6,$24 \times 13$,$312$,,
UNVERIFIABLE,v19|y5m-mult-div-b|curriculum|secure|guided|multiply 2-digit by 2-digit,y5m-mult-div-b,Multiply 2-digit by 2-digit,quickCheck,6,"In $28 \times 14$, why does the partial product for the $1$ start in the tens column?","The $1$ represents $10$, so it means $28 \times 10$.",,
UNVERIFIABLE,v19|y5m-mult-div-b|curriculum|secure|guided|multiply 2-digit by 2-digit,y5m-mult-div-b,Multiply 2-digit by 2-digit,guidedPractice[0],6,$23 \times 14$,$322$,,
UNVERIFIABLE,v19|y5m-mult-div-b|curriculum|secure|guided|multiply 2-digit by 2-digit,y5m-mult-div-b,Multiply 2-digit by 2-digit,guidedPractice[1],6,$42 \times 12$,$504$,,
UNVERIFIABLE,v19|y5m-mult-div-b|curriculum|secure|guided|multiply 2-digit by 2-digit,y5m-mult-div-b,Multiply 2-digit by 2-digit,guidedPractice[2],6,$27 \times 16$,$432$,,
UNVERIFIABLE,v19|y5m-mult-div-b|curriculum|secure|guided|multiply 2-digit by 2-digit,y5m-mult-div-b,Multiply 2-digit by 2-digit,independentPractice[0],6,$34 \times 12$,$408$,,
UNVERIFIABLE,v19|y5m-mult-div-b|curriculum|secure|guided|multiply 2-digit by 2-digit,y5m-mult-div-b,Multiply 2-digit by 2-digit,independentPractice[1],6,$31 \times 15$,$465$,,
UNVERIFIABLE,v19|y5m-mult-div-b|curriculum|secure|guided|multiply 2-digit by 2-digit,y5m-mult-div-b,Multiply 2-digit by 2-digit,independentPractice[2],6,$46 \times 13$,$598$,,
AGREE,v19|y5m-negative-numbers|curriculum|secure|guided|negative number problems,y5m-negative-numbers,Negative number problems,workedExample,6,"At night, the temperature is $-3^\circ\mathrm{C}$. It falls by $4^\circ\mathrm{C}$. What is the new temperature?",difference 7; greater 4,difference 7; greater 4,signed_number_line
AGREE,v19|y5m-negative-numbers|curriculum|secure|guided|negative number problems,y5m-negative-numbers,Negative number problems,tryThis,6,The temperature is $-5^\circ\mathrm{C}$. It rises by $3^\circ\mathrm{C}$. What is the new temperature?,difference 8; greater 3,difference 8; greater 3,signed_number_line
AGREE,v19|y5m-negative-numbers|curriculum|secure|guided|negative number problems,y5m-negative-numbers,Negative number problems,quickCheck,6,The temperature is $1^\circ\mathrm{C}$. It falls by $3^\circ\mathrm{C}$. What is the new temperature?,difference 2; greater 3,difference 2; greater 3,signed_number_line
AGREE,v19|y5m-negative-numbers|curriculum|secure|guided|negative number problems,y5m-negative-numbers,Negative number problems,guidedPractice[0],6,A freezer is at $-6^\circ\mathrm{C}$. Its temperature rises by $5^\circ\mathrm{C}$. What is the new temperature?,difference 11; greater 5,difference 11; greater 5,signed_number_line
AGREE,v19|y5m-negative-numbers|curriculum|secure|guided|negative number problems,y5m-negative-numbers,Negative number problems,guidedPractice[1],6,The temperature is $2^\circ\mathrm{C}$. It falls by $6^\circ\mathrm{C}$. What is the new temperature?,difference 4; greater 6,difference 4; greater 6,signed_number_line
AGREE,v19|y5m-negative-numbers|curriculum|secure|guided|negative number problems,y5m-negative-numbers,Negative number problems,guidedPractice[2],6,A diver is at $-4\mathrm{m}$. They descend by $3\mathrm{m}$. What is their new position?,difference 7; greater 3,difference 7; greater 3,signed_number_line
AGREE,v19|y5m-negative-numbers|curriculum|secure|guided|negative number problems,y5m-negative-numbers,Negative number problems,independentPractice[0],6,The temperature is $-2^\circ\mathrm{C}$. It falls by $5^\circ\mathrm{C}$. What is the new temperature?,difference 7; greater 5,difference 7; greater 5,signed_number_line
AGREE,v19|y5m-negative-numbers|curriculum|secure|guided|negative number problems,y5m-negative-numbers,Negative number problems,independentPractice[1],6,A lift is on floor $-3$. It goes up $6$ floors. Which floor does it reach?,difference 9; greater 6,difference 9; greater 6,signed_number_line
AGREE,v19|y5m-negative-numbers|curriculum|secure|guided|negative number problems,y5m-negative-numbers,Negative number problems,independentPractice[2],6,A submarine is at $-8\mathrm{m}$. It rises by $5\mathrm{m}$. What is its new position?,difference 13; greater 5,difference 13; greater 5,signed_number_line
AGREE,v19|y6m-place-value|curriculum|secure|lesson|round any number,y6m-place-value,Round any number,workedExample,17,Round $47.68$ to the nearest tenth.,47.7,47.7,rounding_number_line
AGREE,v19|y6m-place-value|curriculum|secure|lesson|round any number,y6m-place-value,Round any number,tryThis,17,Round $12.34$ to the nearest tenth.,12.3,12.3,rounding_number_line
AGREE,v19|y6m-place-value|curriculum|secure|lesson|round any number,y6m-place-value,Round any number,quickCheck,17,Round $23.65$ to the nearest tenth.,23.7,23.7,rounding_number_line
AGREE,v19|y6m-place-value|curriculum|secure|lesson|round any number,y6m-place-value,Round any number,guidedPractice[0],17,Round $8.42$ to the nearest tenth.,8.4,8.4,rounding_number_line
AGREE,v19|y6m-place-value|curriculum|secure|lesson|round any number,y6m-place-value,Round any number,guidedPractice[1],17,Round $19.57$ to the nearest tenth.,19.6,19.6,rounding_number_line
AGREE,v19|y6m-place-value|curriculum|secure|lesson|round any number,y6m-place-value,Round any number,independentPractice[0],17,Round $36.15$ to the nearest tenth.,36.2,36.2,rounding_number_line
AGREE,v19|y6m-place-value|curriculum|secure|lesson|round any number,y6m-place-value,Round any number,independentPractice[1],17,Round $5.83$ to the nearest tenth.,5.8,5.8,rounding_number_line
AGREE,v19|y6m-place-value|curriculum|secure|lesson|round any number,y6m-place-value,Round any number,independentPractice[2],17,Round $74.99$ to the nearest tenth.,75.0,75.0,rounding_number_line
AGREE,v19|y6m-shape|curriculum|secure|lesson|angles in a triangle,y6m-shape,Angles in a triangle,workedExample,30,"Find the missing angle $x$ in a triangle with angles $58°$, $67°$ and $x$.",55°,55°,angle_diagram
UNVERIFIABLE,v19|y6m-shape|curriculum|secure|lesson|angles in a triangle,y6m-shape,Angles in a triangle,tryThis,30,"A triangle has angles $42°$, $79°$ and $y$. Find $y$.",$y = 59°$,,
AGREE,v19|y6m-shape|curriculum|secure|lesson|angles in a triangle,y6m-shape,Angles in a triangle,quickCheck,30,Two angles in a triangle are $50°$ and $70°$. What is the third angle?,60°,60°,angle_diagram
UNVERIFIABLE,v19|y6m-shape|curriculum|secure|lesson|angles in a triangle,y6m-shape,Angles in a triangle,guidedPractice[0],30,"A triangle has angles $35°$, $85°$ and $a$. Find $a$.",$a = 60°$,,
UNVERIFIABLE,v19|y6m-shape|curriculum|secure|lesson|angles in a triangle,y6m-shape,Angles in a triangle,guidedPractice[1],30,"A triangle has angles $96°$, $44°$ and $b$. Find $b$.",$b = 40°$,,
UNVERIFIABLE,v19|y6m-shape|curriculum|secure|lesson|angles in a triangle,y6m-shape,Angles in a triangle,independentPractice[0],30,"A triangle has angles $72°$, $53°$ and $c$. Find $c$.",$c = 55°$,,
UNVERIFIABLE,v19|y6m-shape|curriculum|secure|lesson|angles in a triangle,y6m-shape,Angles in a triangle,independentPractice[1],30,"A triangle has angles $28°$, $101°$ and $d$. Find $d$.",$d = 51°$,,
UNVERIFIABLE,v19|y6m-shape|curriculum|secure|lesson|angles in a triangle,y6m-shape,Angles in a triangle,independentPractice[2],30,"A triangle has angles $64°$, $64°$ and $e$. Find $e$.",$e = 52°$,,
UNVERIFIABLE,v19|y6m-statistics|curriculum|secure|guided|the mean,y6m-statistics,The mean,workedExample,6,"Find the mean number of books read: $3$, $5$, $4$, $6$, $2$.",The mean number of books read is $4$.,,
UNVERIFIABLE,v19|y6m-statistics|curriculum|secure|guided|the mean,y6m-statistics,The mean,tryThis,6,"Find the mean of $4$, $6$, $5$ and $9$.","$4 + 6 + 5 + 9 = 24$ and $24 \div 4 = 6$, so the mean is $6$.",,
UNVERIFIABLE,v19|y6m-statistics|curriculum|secure|guided|the mean,y6m-statistics,The mean,quickCheck,6,"The values are $10$, $6$ and $8$. What is the mean?","$10 + 6 + 8 = 24$ and $24 \div 3 = 8$, so the mean is $8$.",,
UNVERIFIABLE,v19|y6m-statistics|curriculum|secure|guided|the mean,y6m-statistics,The mean,guidedPractice[0],6,"Find the mean of $2$, $4$, $6$ and $8$.","$2 + 4 + 6 + 8 = 20$ and $20 \div 4 = 5$, so the mean is $5$.",,
UNVERIFIABLE,v19|y6m-statistics|curriculum|secure|guided|the mean,y6m-statistics,The mean,guidedPractice[1],6,"Find the mean of $7$, $3$, $5$, $9$ and $6$.","$7 + 3 + 5 + 9 + 6 = 30$ and $30 \div 5 = 6$, so the mean is $6$.",,
UNVERIFIABLE,v19|y6m-statistics|curriculum|secure|guided|the mean,y6m-statistics,The mean,independentPractice[0],6,"Find the mean of $1$, $5$, $7$ and $3$.","$1 + 5 + 7 + 3 = 16$ and $16 \div 4 = 4$, so the mean is $4$.",,
UNVERIFIABLE,v19|y6m-statistics|curriculum|secure|guided|the mean,y6m-statistics,The mean,independentPractice[1],6,"Find the mean of $8$, $4$, $6$, $2$ and $5$.","$8 + 4 + 6 + 2 + 5 = 25$ and $25 \div 5 = 5$, so the mean is $5$.",,
UNVERIFIABLE,v19|y5m-add-subtract|curriculum|secure|lesson|column subtraction of numbers with more than 4 digits,y5m-add-subtract,Column subtraction of numbers with more than 4 digits,workedExample,1,"$63,402 - 27,856$",35546,,
UNVERIFIABLE,v19|y5m-add-subtract|curriculum|secure|lesson|column subtraction of numbers with more than 4 digits,y5m-add-subtract,Column subtraction of numbers with more than 4 digits,tryThis,1,"$72,615 - 38,479$","$34,136$",,
UNVERIFIABLE,v19|y5m-add-subtract|curriculum|secure|lesson|column subtraction of numbers with more than 4 digits,y5m-add-subtract,Column subtraction of numbers with more than 4 digits,quickCheck,1,"In $52,304 - 18,756$, what should you do before calculating $4 - 6$?","Exchange $1$ ten for $10$ ones, making $14 - 6$.",,
UNVERIFIABLE,v19|y5m-add-subtract|curriculum|secure|lesson|column subtraction of numbers with more than 4 digits,y5m-add-subtract,Column subtraction of numbers with more than 4 digits,guidedPractice[0],1,"$54,321 - 18,765$","$35,556$",,
UNVERIFIABLE,v19|y5m-add-subtract|curriculum|secure|lesson|column subtraction of numbers with more than 4 digits,y5m-add-subtract,Column subtraction of numbers with more than 4 digits,guidedPractice[1],1,"$80,204 - 36,587$","$43,617$",,
UNVERIFIABLE,v19|y5m-add-subtract|curriculum|secure|lesson|column subtraction of numbers with more than 4 digits,y5m-add-subtract,Column subtraction of numbers with more than 4 digits,independentPractice[0],1,"$91,736 - 45,289$","$46,447$",,
UNVERIFIABLE,v19|y5m-add-subtract|curriculum|secure|lesson|column subtraction of numbers with more than 4 digits,y5m-add-subtract,Column subtraction of numbers with more than 4 digits,independentPractice[1],1,"$70,503 - 28,764$","$41,739$",,
UNVERIFIABLE,v19|y5m-add-subtract|curriculum|secure|lesson|column subtraction of numbers with more than 4 digits,y5m-add-subtract,Column subtraction of numbers with more than 4 digits,independentPractice[2],1,"$86,120 - 39,468$","$46,652$",,
UNVERIFIABLE,"v19|y5m-place-value|curriculum|secure|lesson|10, 100, 1000, 10,000 and 100,000 more or less",y5m-place-value,"10, 100, 1000, 10,000 and 100,000 more or less",workedExample,9,"Find $10,000$ more than $346,281$.","$10,000$ more than $346,281$ is $356,281$.",,
UNVERIFIABLE,"v19|y5m-place-value|curriculum|secure|lesson|10, 100, 1000, 10,000 and 100,000 more or less",y5m-place-value,"10, 100, 1000, 10,000 and 100,000 more or less",tryThis,9,"Find $100,000$ less than $582,764$.","$482,764$",,
UNVERIFIABLE,"v19|y5m-place-value|curriculum|secure|lesson|10, 100, 1000, 10,000 and 100,000 more or less",y5m-place-value,"10, 100, 1000, 10,000 and 100,000 more or less",quickCheck,9,"Find $100,000$ less than $643,218$.","$543,218$",,
UNVERIFIABLE,"v19|y5m-place-value|curriculum|secure|lesson|10, 100, 1000, 10,000 and 100,000 more or less",y5m-place-value,"10, 100, 1000, 10,000 and 100,000 more or less",guidedPractice[0],9,"Find $100$ more than $45,672$.","$45,772$",,
UNVERIFIABLE,"v19|y5m-place-value|curriculum|secure|lesson|10, 100, 1000, 10,000 and 100,000 more or less",y5m-place-value,"10, 100, 1000, 10,000 and 100,000 more or less",guidedPractice[1],9,"Find $1,000$ less than $83,491$.","$82,491$",,
UNVERIFIABLE,"v19|y5m-place-value|curriculum|secure|lesson|10, 100, 1000, 10,000 and 100,000 more or less",y5m-place-value,"10, 100, 1000, 10,000 and 100,000 more or less",guidedPractice[2],9,"Find $10$ more than $267,305$.","$267,315$",,
UNVERIFIABLE,"v19|y5m-place-value|curriculum|secure|lesson|10, 100, 1000, 10,000 and 100,000 more or less",y5m-place-value,"10, 100, 1000, 10,000 and 100,000 more or less",independentPractice[0],9,"Find $100,000$ more than $214,638$.","$314,638$",,
UNVERIFIABLE,"v19|y5m-place-value|curriculum|secure|lesson|10, 100, 1000, 10,000 and 100,000 more or less",y5m-place-value,"10, 100, 1000, 10,000 and 100,000 more or less",independentPractice[1],9,"Find $10,000$ less than $672,945$.","$662,945$",,
UNVERIFIABLE,"v19|y5m-place-value|curriculum|secure|lesson|10, 100, 1000, 10,000 and 100,000 more or less",y5m-place-value,"10, 100, 1000, 10,000 and 100,000 more or less",independentPractice[2],9,"Find $1,000$ more than $408,216$.","$409,216$",,
UNVERIFIABLE,"v19|y5m-place-value|curriculum|secure|lesson|10, 100, 1000, 10,000 and 100,000 more or less",y5m-place-value,"10, 100, 1000, 10,000 and 100,000 more or less",independentPractice[3],9,"Find $100$ less than $95,304$.","$95,204$",,
UNVERIFIABLE,"v19|y5m-place-value|curriculum|secure|lesson|10, 100, 1000, 10,000 and 100,000 more or less",y5m-place-value,"10, 100, 1000, 10,000 and 100,000 more or less",independentPractice[4],9,"Find $10$ more than $731,489$.","$731,499$",,
AGREE,v19|y5m-place-value|curriculum|greater_depth|lesson|powers of 10,y5m-place-value,Powers of 10,workedExample,0,$4072 \times 100$,407200,407200,place_value_shift
AGREE,v19|y5m-place-value|curriculum|greater_depth|lesson|powers of 10,y5m-place-value,Powers of 10,tryThis,0,$5306 \times 1000$,5306000,5306000,place_value_shift
AGREE,v19|y5m-place-value|curriculum|greater_depth|lesson|powers of 10,y5m-place-value,Powers of 10,quickCheck,0,A pupil says $304 \times 100 = 30400$ because they added two zeroes. Is their answer correct?,30400,30400,place_value_shift
AGREE,v19|y5m-place-value|curriculum|greater_depth|lesson|powers of 10,y5m-place-value,Powers of 10,guidedPractice[0],0,$608 \times 10$,6080,6080,place_value_shift
AGREE,v19|y5m-place-value|curriculum|greater_depth|lesson|powers of 10,y5m-place-value,Powers of 10,guidedPractice[1],0,$3905 \times 100$,390500,390500,place_value_shift
AGREE,v19|y5m-place-value|curriculum|greater_depth|lesson|powers of 10,y5m-place-value,Powers of 10,guidedPractice[2],0,$1204 \times 1000$,1204000,1204000,place_value_shift
AGREE,v19|y5m-place-value|curriculum|greater_depth|lesson|powers of 10,y5m-place-value,Powers of 10,independentPractice[0],0,$760 \times 10$,7600,7600,place_value_shift
AGREE,v19|y5m-place-value|curriculum|greater_depth|lesson|powers of 10,y5m-place-value,Powers of 10,independentPractice[1],0,$4059 \times 100$,405900,405900,place_value_shift
AGREE,v19|y5m-place-value|curriculum|greater_depth|lesson|powers of 10,y5m-place-value,Powers of 10,independentPractice[2],0,$7008 \times 1000$,7008000,7008000,place_value_shift
AGREE,v19|y5m-place-value|curriculum|greater_depth|lesson|powers of 10,y5m-place-value,Powers of 10,independentPractice[3],0,$23040 \times 100$,2304000,2304000,place_value_shift
AGREE,"v19|y5m-place-value|curriculum|greater_depth|lesson|round to the nearest 10, 100, 1000, 10,000 and 100,000",y5m-place-value,"Round to the nearest 10, 100, 1000, 10,000 and 100,000",workedExample,0,"Round $764,982$ to the nearest $100,000$.",800000,800000,rounding_number_line
AGREE,"v19|y5m-place-value|curriculum|greater_depth|lesson|round to the nearest 10, 100, 1000, 10,000 and 100,000",y5m-place-value,"Round to the nearest 10, 100, 1000, 10,000 and 100,000",tryThis,0,"Round $1,349,501$ to the nearest $10,000$.",1350000,1350000,rounding_number_line
UNVERIFIABLE,"v19|y5m-place-value|curriculum|greater_depth|lesson|round to the nearest 10, 100, 1000, 10,000 and 100,000",y5m-place-value,"Round to the nearest 10, 100, 1000, 10,000 and 100,000",quickCheck,0,"A pupil rounds $349,999$ to the nearest $100,000$. Is the answer $300,000$ or $400,000$?","$300,000$, because $349,999$ is below the midpoint of $350,000$.",,
AGREE,"v19|y5m-place-value|curriculum|greater_depth|lesson|round to the nearest 10, 100, 1000, 10,000 and 100,000",y5m-place-value,"Round to the nearest 10, 100, 1000, 10,000 and 100,000",guidedPractice[0],0,"Round $58,649$ to the nearest $1000$.",59000,59000,rounding_number_line
AGREE,"v19|y5m-place-value|curriculum|greater_depth|lesson|round to the nearest 10, 100, 1000, 10,000 and 100,000",y5m-place-value,"Round to the nearest 10, 100, 1000, 10,000 and 100,000",guidedPractice[1],0,"Round $496,201$ to the nearest $10,000$.",500000,500000,rounding_number_line
AGREE,"v19|y5m-place-value|curriculum|greater_depth|lesson|round to the nearest 10, 100, 1000, 10,000 and 100,000",y5m-place-value,"Round to the nearest 10, 100, 1000, 10,000 and 100,000",guidedPractice[2],0,"Round $2,450,321$ to the nearest $100,000$.",2500000,2500000,rounding_number_line
AGREE,"v19|y5m-place-value|curriculum|greater_depth|lesson|round to the nearest 10, 100, 1000, 10,000 and 100,000",y5m-place-value,"Round to the nearest 10, 100, 1000, 10,000 and 100,000",independentPractice[0],0,"Round $87,346$ to the nearest $10$.",87350,87350,rounding_number_line
AGREE,"v19|y5m-place-value|curriculum|greater_depth|lesson|round to the nearest 10, 100, 1000, 10,000 and 100,000",y5m-place-value,"Round to the nearest 10, 100, 1000, 10,000 and 100,000",independentPractice[1],0,"Round $603,449$ to the nearest $100$.",603400,603400,rounding_number_line
AGREE,"v19|y5m-place-value|curriculum|greater_depth|lesson|round to the nearest 10, 100, 1000, 10,000 and 100,000",y5m-place-value,"Round to the nearest 10, 100, 1000, 10,000 and 100,000",independentPractice[2],0,"Round $1,728,650$ to the nearest $1000$.",1729000,1729000,rounding_number_line
AGREE,"v19|y5m-place-value|curriculum|greater_depth|lesson|round to the nearest 10, 100, 1000, 10,000 and 100,000",y5m-place-value,"Round to the nearest 10, 100, 1000, 10,000 and 100,000",independentPractice[3],0,"Round $9,451,209$ to the nearest $10,000$.",9450000,9450000,rounding_number_line
AGREE,"v19|y5m-place-value|curriculum|greater_depth|lesson|round to the nearest 10, 100, 1000, 10,000 and 100,000",y5m-place-value,"Round to the nearest 10, 100, 1000, 10,000 and 100,000",independentPractice[4],0,"Round $6,549,999$ to the nearest $100,000$.",6500000,6500000,rounding_number_line
AGREE,"v19|y6m-place-value|curriculum|greater_depth|lesson|numbers to 1,000,000",y6m-place-value,"Numbers to 1,000,000",workedExample,0,"Write $406,072$ in words and state the value of the digit $6$.","406,072","406,072",place_value_chart
AGREE,"v19|y6m-place-value|curriculum|greater_depth|lesson|numbers to 1,000,000",y6m-place-value,"Numbers to 1,000,000",tryThis,0,"Write $580,304$ in words and state the value of the digit $8$.","580,304","580,304",place_value_chart
UNVERIFIABLE,"v19|y6m-place-value|curriculum|greater_depth|lesson|numbers to 1,000,000",y6m-place-value,"Numbers to 1,000,000",quickCheck,0,"In $918,406$, what is the value of the digit $1$?","$10,000$.",,
AGREE,"v19|y6m-place-value|curriculum|greater_depth|lesson|numbers to 1,000,000",y6m-place-value,"Numbers to 1,000,000",guidedPractice[0],0,"Write $725,041$ in words.","725,041","725,041",place_value_chart
UNVERIFIABLE,"v19|y6m-place-value|curriculum|greater_depth|lesson|numbers to 1,000,000",y6m-place-value,"Numbers to 1,000,000",guidedPractice[1],0,"What is the value of the digit $9$ in $193,508$?","The digit $9$ has a value of $90,000$.",,
AGREE,"v19|y6m-place-value|curriculum|greater_depth|lesson|numbers to 1,000,000",y6m-place-value,"Numbers to 1,000,000",independentPractice[0],0,"Write $640,209$ in words.","640,209","640,209",place_value_chart
UNVERIFIABLE,"v19|y6m-place-value|curriculum|greater_depth|lesson|numbers to 1,000,000",y6m-place-value,"Numbers to 1,000,000",independentPractice[1],0,"State the value of the digit $7$ in $271,064$.","The digit $7$ has a value of $70,000$.",,
UNVERIFIABLE,"v19|y6m-place-value|curriculum|greater_depth|lesson|numbers to 1,000,000",y6m-place-value,"Numbers to 1,000,000",independentPractice[2],0,"Write the number with $8$ hundred thousands, $3$ thousands, $5$ tens and $1$ one.","$803,051$.",,
AGREE,"v19|y6m-place-value|curriculum|greater_depth|guided|numbers to 1,000,000",y6m-place-value,"Numbers to 1,000,000",workedExample,0,"Write $604,018$ in words and state the value of the digit $4$.","604,018","604,018",place_value_chart
AGREE,"v19|y6m-place-value|curriculum|greater_depth|guided|numbers to 1,000,000",y6m-place-value,"Numbers to 1,000,000",tryThis,0,"Write $730,405$ in words and state the value of the digit $3$.","730,405","730,405",place_value_chart
UNVERIFIABLE,"v19|y6m-place-value|curriculum|greater_depth|guided|numbers to 1,000,000",y6m-place-value,"Numbers to 1,000,000",quickCheck,0,"In $407,215$, what is the value of the digit $7$?","The value of $7$ is $7,000$.",,
AGREE,"v19|y6m-place-value|curriculum|greater_depth|guided|numbers to 1,000,000",y6m-place-value,"Numbers to 1,000,000",guidedPractice[0],0,"Write $508,070$ in words.","508,070","508,070",place_value_chart
UNVERIFIABLE,"v19|y6m-place-value|curriculum|greater_depth|guided|numbers to 1,000,000",y6m-place-value,"Numbers to 1,000,000",guidedPractice[1],0,"What is the value of the digit $9$ in $291,406$?","The value of $9$ is $90,000$.",,
UNVERIFIABLE,"v19|y6m-place-value|curriculum|greater_depth|guided|numbers to 1,000,000",y6m-place-value,"Numbers to 1,000,000",guidedPractice[2],0,Write six hundred and two thousand and nine as a numeral.,"$602,009$",,
AGREE,"v19|y6m-place-value|curriculum|greater_depth|guided|numbers to 1,000,000",y6m-place-value,"Numbers to 1,000,000",independentPractice[0],0,"Write $870,204$ in words.","870,204","870,204",place_value_chart
UNVERIFIABLE,"v19|y6m-place-value|curriculum|greater_depth|guided|numbers to 1,000,000",y6m-place-value,"Numbers to 1,000,000",independentPractice[1],0,"What is the value of the digit $5$ in $156,032$?","The value of $5$ is $50,000$.",,
UNVERIFIABLE,"v19|y6m-place-value|curriculum|greater_depth|guided|numbers to 1,000,000",y6m-place-value,"Numbers to 1,000,000",independentPractice[2],0,Write nine hundred thousand and forty-six as a numeral.,"$900,046$",,
UNVERIFIABLE,v19|y6m-mult-div|curriculum|greater_depth|lesson|long multiplication,y6m-mult-div,Long multiplication,workedExample,0,$368 \times 47$,17296,,
UNVERIFIABLE,v19|y6m-mult-div|curriculum|greater_depth|lesson|long multiplication,y6m-mult-div,Long multiplication,tryThis,0,$426 \times 38$,$16188$,,
UNVERIFIABLE,v19|y6m-mult-div|curriculum|greater_depth|lesson|long multiplication,y6m-mult-div,Long multiplication,quickCheck,0,"When calculating $326 \times 54$, why does the partial product for $5$ start in the tens column?","The $5$ represents $50$, so its product has tens, not ones.",,
UNVERIFIABLE,v19|y6m-mult-div|curriculum|greater_depth|lesson|long multiplication,y6m-mult-div,Long multiplication,guidedPractice[0],0,$245 \times 36$,$8820$,,
UNVERIFIABLE,v19|y6m-mult-div|curriculum|greater_depth|lesson|long multiplication,y6m-mult-div,Long multiplication,guidedPractice[1],0,$517 \times 24$,$12408$,,
UNVERIFIABLE,v19|y6m-mult-div|curriculum|greater_depth|lesson|long multiplication,y6m-mult-div,Long multiplication,independentPractice[0],0,$384 \times 56$,$21504$,,
UNVERIFIABLE,v19|y6m-mult-div|curriculum|greater_depth|lesson|long multiplication,y6m-mult-div,Long multiplication,independentPractice[1],0,$629 \times 43$,$27047$,,
UNVERIFIABLE,v19|y6m-mult-div|curriculum|greater_depth|lesson|long multiplication,y6m-mult-div,Long multiplication,independentPractice[2],0,$708 \times 67$,$47436$,,
AGREE,"v19|y5m-place-value|curriculum|secure|lesson|numbers to 1,000,000",y5m-place-value,"Numbers to 1,000,000",workedExample,9,"Write $406,052$ in words.","406,052","406,052",place_value_chart
AGREE,"v19|y5m-place-value|curriculum|secure|lesson|numbers to 1,000,000",y5m-place-value,"Numbers to 1,000,000",tryThis,9,"Write $720,304$ in words.","720,304","720,304",place_value_chart
UNVERIFIABLE,"v19|y5m-place-value|curriculum|secure|lesson|numbers to 1,000,000",y5m-place-value,"Numbers to 1,000,000",quickCheck,9,"What number is shown by $8$ hundred thousands, $3$ thousands, $4$ tens and $1$ one?","$803,041$",,
AGREE,"v19|y5m-place-value|curriculum|secure|lesson|numbers to 1,000,000",y5m-place-value,"Numbers to 1,000,000",guidedPractice[0],9,"Write $305,018$ in words.","305,018","305,018",place_value_chart
UNVERIFIABLE,"v19|y5m-place-value|curriculum|secure|lesson|numbers to 1,000,000",y5m-place-value,"Numbers to 1,000,000",guidedPractice[1],9,Write six hundred and forty-two thousand and nine in digits.,"$642,009$",,
AGREE,"v19|y5m-place-value|curriculum|secure|lesson|numbers to 1,000,000",y5m-place-value,"Numbers to 1,000,000",independentPractice[0],9,"Write $918,470$ in words.","918,470","918,470",place_value_chart
UNVERIFIABLE,"v19|y5m-place-value|curriculum|secure|lesson|numbers to 1,000,000",y5m-place-value,"Numbers to 1,000,000",independentPractice[1],9,Write two hundred and seven thousand and sixty-three in digits.,"$207,063$",,
AGREE,"v19|y5m-place-value|curriculum|secure|lesson|numbers to 1,000,000",y5m-place-value,"Numbers to 1,000,000",independentPractice[2],9,"Write $500,006$ in words.","500,006","500,006",place_value_chart
AGREE,v19|y6m-shape|curriculum|secure|guided|calculate angles,y6m-shape,Calculate angles,workedExample,1,Two angles lie on a straight line. One angle is $124^\circ$. Calculate the missing angle $x$.,56°,56°,angle_diagram
AGREE,v19|y6m-shape|curriculum|secure|guided|calculate angles,y6m-shape,Calculate angles,tryThis,1,Two angles lie on a straight line. One angle is $73^\circ$. Calculate the missing angle $y$.,107°,107°,angle_diagram
AGREE,v19|y6m-shape|curriculum|secure|guided|calculate angles,y6m-shape,Calculate angles,quickCheck,1,An angle next to $118^\circ$ sits on a straight line. What is the missing angle?,62°,62°,angle_diagram
AGREE,v19|y6m-shape|curriculum|secure|guided|calculate angles,y6m-shape,Calculate angles,guidedPractice[0],1,Two angles lie on a straight line. One is $95^\circ$. Find $a$.,85°,85°,angle_diagram
AGREE,v19|y6m-shape|curriculum|secure|guided|calculate angles,y6m-shape,Calculate angles,guidedPractice[1],1,Two angles lie on a straight line. One is $146^\circ$. Find $b$.,34°,34°,angle_diagram
AGREE,v19|y6m-shape|curriculum|secure|guided|calculate angles,y6m-shape,Calculate angles,guidedPractice[2],1,Two angles lie on a straight line. One is $68^\circ$. Find $c$.,112°,112°,angle_diagram
AGREE,v19|y6m-shape|curriculum|secure|guided|calculate angles,y6m-shape,Calculate angles,independentPractice[0],1,Two angles lie on a straight line. One is $132^\circ$. Find $d$.,48°,48°,angle_diagram
AGREE,v19|y6m-shape|curriculum|secure|guided|calculate angles,y6m-shape,Calculate angles,independentPractice[1],1,Two angles lie on a straight line. One is $87^\circ$. Find $e$.,93°,93°,angle_diagram
AGREE,v19|y6m-shape|curriculum|secure|guided|calculate angles,y6m-shape,Calculate angles,independentPractice[2],1,Two angles lie on a straight line. One is $159^\circ$. Find $f$.,21°,21°,angle_diagram
DISAGREE,v19|y5m-volume|curriculum|secure|lesson|estimate volume,y5m-volume,Estimate volume,workedExample,11,Estimate the volume of a cuboid measuring $48\text{ cm}$ by $21\text{ cm}$ by $9\text{ cm}$.,"The estimated volume is $10,000\text{ cm}^3$.",9072,cuboid_volume
DISAGREE,v19|y5m-volume|curriculum|secure|lesson|estimate volume,y5m-volume,Estimate volume,tryThis,11,Estimate the volume of a cuboid measuring $32\text{ cm}$ by $18\text{ cm}$ by $12\text{ cm}$.,"Round to $30\text{ cm}$, $20\text{ cm}$ and $10\text{ cm}$. $30 \times 20 \times 10 = 6,000$, so the estimate is $6,000\text{ cm}^3$.",6912,cuboid_volume
DISAGREE,v19|y5m-volume|curriculum|secure|lesson|estimate volume,y5m-volume,Estimate volume,quickCheck,11,A cuboid measures $29\text{ cm}$ by $41\text{ cm}$ by $13\text{ cm}$. Estimate its volume.,"Round to $30\text{ cm}$, $40\text{ cm}$ and $10\text{ cm}$. $30 \times 40 \times 10 = 12,000$, so the estimated volume is $12,000\text{ cm}^3$.",15457,cuboid_volume
DISAGREE,v19|y5m-volume|curriculum|secure|lesson|estimate volume,y5m-volume,Estimate volume,guidedPractice[0],11,Estimate the volume of a cuboid measuring $39\text{ cm}$ by $27\text{ cm}$ by $11\text{ cm}$.,"$40 \times 30 \times 10 = 12,000$, so the estimated volume is $12,000\text{ cm}^3$.",11583,cuboid_volume
DISAGREE,v19|y5m-volume|curriculum|secure|lesson|estimate volume,y5m-volume,Estimate volume,guidedPractice[1],11,Estimate the volume of a cuboid measuring $72\text{ cm}$ by $19\text{ cm}$ by $8\text{ cm}$.,"$70 \times 20 \times 10 = 14,000$, so the estimated volume is $14,000\text{ cm}^3$.",10944,cuboid_volume
DISAGREE,v19|y5m-volume|curriculum|secure|lesson|estimate volume,y5m-volume,Estimate volume,independentPractice[0],11,Estimate the volume of a cuboid measuring $61\text{ cm}$ by $34\text{ cm}$ by $16\text{ cm}$.,"Round to $60\text{ cm}$, $30\text{ cm}$ and $20\text{ cm}$. $60 \times 30 \times 20 = 36,000$, so the estimated volume is $36,000\text{ cm}^3$.",33184,cuboid_volume
DISAGREE,v19|y5m-volume|curriculum|secure|lesson|estimate volume,y5m-volume,Estimate volume,independentPractice[1],11,Estimate the volume of a cuboid measuring $46\text{ cm}$ by $23\text{ cm}$ by $7\text{ cm}$.,"Round to $50\text{ cm}$, $20\text{ cm}$ and $10\text{ cm}$. $50 \times 20 \times 10 = 10,000$, so the estimated volume is $10,000\text{ cm}^3$.",7406,cuboid_volume
AGREE,v19|y6m-position-direction|curriculum|secure|guided|translation,y6m-position-direction,Translation,workedExample,0,"Triangle $ABC$ has vertices $A(1,1)$, $B(3,1)$ and $C(2,3)$. Translate it $4$ squares right and $2$ squares up. What are the new coordinates?","A′=(5,3), B′=(7,3), C′=(6,5)","A′=(5,3), B′=(7,3), C′=(6,5)",coordinate_plot
AGREE,v19|y6m-position-direction|curriculum|secure|guided|translation,y6m-position-direction,Translation,tryThis,0,"Point $P(2,4)$ is translated $3$ squares left and $1$ square down. What are the coordinates of $P'$?","(-1,3)","(-1,3)",coordinate_plot
UNVERIFIABLE,v19|y6m-position-direction|curriculum|secure|guided|translation,y6m-position-direction,Translation,quickCheck,0,"Point $M(5,3)$ moves to $M'(2,7)$. Describe the translation.",$3$ squares left and $4$ squares up.,,
AGREE,v19|y6m-position-direction|curriculum|secure|guided|translation,y6m-position-direction,Translation,guidedPractice[0],0,"Point $D(4,2)$ is translated $2$ squares right and $3$ squares up. Find $D'$.","(6,5)","(6,5)",coordinate_plot
AGREE,v19|y6m-position-direction|curriculum|secure|guided|translation,y6m-position-direction,Translation,guidedPractice[1],0,"Point $E(6,5)$ is translated $4$ squares left and $2$ squares down. Find $E'$.","(2,3)","(2,3)",coordinate_plot
AGREE,v19|y6m-position-direction|curriculum|secure|guided|translation,y6m-position-direction,Translation,guidedPractice[2],0,"Triangle $RST$ has vertices $R(1,2)$, $S(3,2)$ and $T(2,4)$. Translate it $2$ squares right. Find the new vertices.","R′=(3,2), S′=(5,2), T′=(4,4)","R′=(3,2), S′=(5,2), T′=(4,4)",coordinate_plot
AGREE,v19|y6m-position-direction|curriculum|secure|guided|translation,y6m-position-direction,Translation,independentPractice[0],0,"Point $F(3,6)$ is translated $1$ square left and $4$ squares down. Find $F'$.","(2,2)","(2,2)",coordinate_plot
AGREE,v19|y6m-position-direction|curriculum|secure|guided|translation,y6m-position-direction,Translation,independentPractice[1],0,"Rectangle $ABCD$ has vertices $A(1,1)$, $B(4,1)$, $C(4,3)$ and $D(1,3)$. Translate it $3$ squares right and $2$ squares up.","A′=(4,3), B′=(7,3), C′=(7,5), D′=(4,5)","A′=(4,3), B′=(7,3), C′=(7,5), D′=(4,5)",coordinate_plot
AGREE,v19|y6m-area-perimeter-volume|curriculum|secure|guided|volume of cuboids,y6m-area-perimeter-volume,Volume of cuboids,workedExample,0,"Find the volume of a cuboid that is $4$ units long, $3$ units wide and $2$ units high.",24,24,cuboid_volume
AGREE,v19|y6m-area-perimeter-volume|curriculum|secure|guided|volume of cuboids,y6m-area-perimeter-volume,Volume of cuboids,tryThis,0,"A cuboid is $5$ units long, $2$ units wide and $3$ units high. What is its volume?",30,30,cuboid_volume
AGREE,v19|y6m-area-perimeter-volume|curriculum|secure|guided|volume of cuboids,y6m-area-perimeter-volume,Volume of cuboids,quickCheck,0,One layer has $8$ unit cubes. A cuboid has $3$ equal layers. What is its volume?,8,8,cuboid_volume
AGREE,v19|y6m-area-perimeter-volume|curriculum|secure|guided|volume of cuboids,y6m-area-perimeter-volume,Volume of cuboids,guidedPractice[0],0,"A cuboid is $3$ units long, $2$ units wide and $4$ units high. Find its volume.",24,24,cuboid_volume
AGREE,v19|y6m-area-perimeter-volume|curriculum|secure|guided|volume of cuboids,y6m-area-perimeter-volume,Volume of cuboids,guidedPractice[1],0,"A cuboid is $6$ units long, $2$ units wide and $2$ units high. Find its volume.",24,24,cuboid_volume
AGREE,v19|y6m-area-perimeter-volume|curriculum|secure|guided|volume of cuboids,y6m-area-perimeter-volume,Volume of cuboids,independentPractice[0],0,"A cuboid is $4$ units long, $2$ units wide and $3$ units high. Find its volume.",24,24,cuboid_volume
AGREE,v19|y6m-area-perimeter-volume|curriculum|secure|guided|volume of cuboids,y6m-area-perimeter-volume,Volume of cuboids,independentPractice[1],0,"A cuboid is $5$ units long, $3$ units wide and $2$ units high. Find its volume.",30,30,cuboid_volume
UNVERIFIABLE,v19|y6m-converting-units|curriculum|secure|guided|convert metric measures,y6m-converting-units,Convert metric measures,workedExample,6,Convert $4\text{ m}$ to centimetres.,400,,
UNVERIFIABLE,v19|y6m-converting-units|curriculum|secure|guided|convert metric measures,y6m-converting-units,Convert metric measures,tryThis,6,Convert $7\text{ m}$ to centimetres.,$7\text{ m}=700\text{ cm}$,,
DISAGREE,v19|y6m-converting-units|curriculum|secure|guided|convert metric measures,y6m-converting-units,Convert metric measures,quickCheck,6,Which is correct: $3\text{ m}=30\text{ cm}$ or $3\text{ m}=300\text{ cm}$?,$3\text{ m}=300\text{ cm}$,m = 10,linear_equation
UNVERIFIABLE,v19|y6m-converting-units|curriculum|secure|guided|convert metric measures,y6m-converting-units,Convert metric measures,guidedPractice[0],6,Convert $2\text{ m}$ to centimetres.,$2\text{ m}=200\text{ cm}$,,
UNVERIFIABLE,v19|y6m-converting-units|curriculum|secure|guided|convert metric measures,y6m-converting-units,Convert metric measures,guidedPractice[1],6,Convert $9\text{ m}$ to centimetres.,$9\text{ m}=900\text{ cm}$,,
UNVERIFIABLE,v19|y6m-converting-units|curriculum|secure|guided|convert metric measures,y6m-converting-units,Convert metric measures,guidedPractice[2],6,Convert $15\text{ m}$ to centimetres.,$15\text{ m}=1500\text{ cm}$,,
UNVERIFIABLE,v19|y6m-converting-units|curriculum|secure|guided|convert metric measures,y6m-converting-units,Convert metric measures,independentPractice[0],6,Convert $6\text{ m}$ to centimetres.,$6\text{ m}=600\text{ cm}$,,
UNVERIFIABLE,v19|y6m-converting-units|curriculum|secure|guided|convert metric measures,y6m-converting-units,Convert metric measures,independentPractice[1],6,Convert $23\text{ m}$ to centimetres.,$23\text{ m}=2300\text{ cm}$,,
UNVERIFIABLE,v19|y6m-converting-units|curriculum|secure|guided|convert metric measures,y6m-converting-units,Convert metric measures,independentPractice[2],6,Convert $50\text{ m}$ to centimetres.,$50\text{ m}=5000\text{ cm}$,,
UNVERIFIABLE,v19|y6m-shape|curriculum|secure|lesson|parts of a circle,y6m-shape,Parts of a circle,workedExample,24,"Name the labelled parts of the circle: $OA$, $BC$ and the curved outside edge.","$O$ is the centre, $OA$ is a radius, $BC$ is a diameter, and the outside curved edge is the circumference.",,
UNVERIFIABLE,v19|y6m-shape|curriculum|secure|lesson|parts of a circle,y6m-shape,Parts of a circle,tryThis,24,A line joins two points on a circle and passes through its centre. What is this line called?,It is a diameter.,,
UNVERIFIABLE,v19|y6m-shape|curriculum|secure|lesson|parts of a circle,y6m-shape,Parts of a circle,quickCheck,24,True or false: Every diameter passes through the centre of a circle.,True.,,
UNVERIFIABLE,v19|y6m-shape|curriculum|secure|lesson|parts of a circle,y6m-shape,Parts of a circle,guidedPractice[0],24,Point $P$ is at the middle of a circle. Line $PQ$ goes from $P$ to the edge. Name $PQ$.,$PQ$ is a radius.,,
UNVERIFIABLE,v19|y6m-shape|curriculum|secure|lesson|parts of a circle,y6m-shape,Parts of a circle,guidedPractice[1],24,Line $RS$ joins opposite sides of a circle and passes through centre $M$. Name $RS$.,$RS$ is a diameter.,,
UNVERIFIABLE,v19|y6m-shape|curriculum|secure|lesson|parts of a circle,y6m-shape,Parts of a circle,independentPractice[0],24,What is the name of the curved edge around a circle?,The circumference.,,
UNVERIFIABLE,v19|y6m-shape|curriculum|secure|lesson|parts of a circle,y6m-shape,Parts of a circle,independentPractice[1],24,A circle has radius $6\text{ cm}$. What is its diameter?,$12\text{ cm}$,,
UNVERIFIABLE,v19|y6m-shape|curriculum|secure|lesson|parts of a circle,y6m-shape,Parts of a circle,independentPractice[2],24,A diameter is $14\text{ cm}$. What is the radius?,$7\text{ cm}$,,
UNVERIFIABLE,v19|y5m-add-subtract|curriculum|secure|lesson|column addition of numbers with more than 4 digits,y5m-add-subtract,Column addition of numbers with more than 4 digits,workedExample,11,"$47,586 + 28,749$",614,,
UNVERIFIABLE,v19|y5m-add-subtract|curriculum|secure|lesson|column addition of numbers with more than 4 digits,y5m-add-subtract,Column addition of numbers with more than 4 digits,tryThis,11,"$36,478 + 25,695$","$62,173$",,
UNVERIFIABLE,v19|y5m-add-subtract|curriculum|secure|lesson|column addition of numbers with more than 4 digits,y5m-add-subtract,Column addition of numbers with more than 4 digits,quickCheck,11,"In $38,764 + 26,589$, what digit do you write in the ones column?","$3$, because $4 + 9 = 13$.",,
UNVERIFIABLE,v19|y5m-add-subtract|curriculum|secure|lesson|column addition of numbers with more than 4 digits,y5m-add-subtract,Column addition of numbers with more than 4 digits,guidedPractice[0],11,"$54,327 + 16,846$","$71,173$",,
UNVERIFIABLE,v19|y5m-add-subtract|curriculum|secure|lesson|column addition of numbers with more than 4 digits,y5m-add-subtract,Column addition of numbers with more than 4 digits,guidedPractice[1],11,"$68,459 + 23,784$","$92,243$",,
UNVERIFIABLE,v19|y5m-add-subtract|curriculum|secure|lesson|column addition of numbers with more than 4 digits,y5m-add-subtract,Column addition of numbers with more than 4 digits,independentPractice[0],11,"$42,675 + 35,918$","$78,593$",,
UNVERIFIABLE,v19|y5m-add-subtract|curriculum|secure|lesson|column addition of numbers with more than 4 digits,y5m-add-subtract,Column addition of numbers with more than 4 digits,independentPractice[1],11,"$73,846 + 18,597$","$92,443$",,
UNVERIFIABLE,v19|y5m-add-subtract|curriculum|secure|lesson|column addition of numbers with more than 4 digits,y5m-add-subtract,Column addition of numbers with more than 4 digits,independentPractice[2],11,"$56,789 + 27,654$","$84,443$",,
AGREE,v19|y6m-shape|curriculum|secure|lesson|calculate angles,y6m-shape,Calculate angles,workedExample,25,"Calculate the missing angle $x$ in a triangle with angles $65^\circ$, $48^\circ$ and $x$.",67°,67°,angle_diagram
UNVERIFIABLE,v19|y6m-shape|curriculum|secure|lesson|calculate angles,y6m-shape,Calculate angles,tryThis,25,"A triangle has angles of $72^\circ$, $39^\circ$ and $y$. Calculate $y$.",$y = 69^\circ$,,
UNVERIFIABLE,v19|y6m-shape|curriculum|secure|lesson|calculate angles,y6m-shape,Calculate angles,quickCheck,25,"A triangle has angles of $90^\circ$, $46^\circ$ and $f$. Calculate $f$.",$f = 44^\circ$,,
UNVERIFIABLE,v19|y6m-shape|curriculum|secure|lesson|calculate angles,y6m-shape,Calculate angles,guidedPractice[0],25,"A triangle has angles of $54^\circ$, $71^\circ$ and $a$. Calculate $a$.",$a = 55^\circ$,,
UNVERIFIABLE,v19|y6m-shape|curriculum|secure|lesson|calculate angles,y6m-shape,Calculate angles,guidedPractice[1],25,"A triangle has angles of $86^\circ$, $37^\circ$ and $b$. Calculate $b$.",$b = 57^\circ$,,
UNVERIFIABLE,v19|y6m-shape|curriculum|secure|lesson|calculate angles,y6m-shape,Calculate angles,independentPractice[0],25,"A triangle has angles of $63^\circ$, $52^\circ$ and $c$. Calculate $c$.",$c = 65^\circ$,,
UNVERIFIABLE,v19|y6m-shape|curriculum|secure|lesson|calculate angles,y6m-shape,Calculate angles,independentPractice[1],25,"A triangle has angles of $95^\circ$, $28^\circ$ and $d$. Calculate $d$.",$d = 57^\circ$,,
UNVERIFIABLE,v19|y6m-shape|curriculum|secure|lesson|calculate angles,y6m-shape,Calculate angles,independentPractice[2],25,"A triangle has angles of $44^\circ$, $79^\circ$ and $e$. Calculate $e$.",$e = 57^\circ$,,
AGREE,v19|y6m-position-direction|curriculum|secure|lesson|translation,y6m-position-direction,Translation,workedExample,0,"Translate triangle $ABC$ by $3$ squares right and $2$ squares up. The vertices are $A(1,1)$, $B(4,1)$ and $C(2,3)$.","A′=(4,3), B′=(7,3), C′=(5,5)","A′=(4,3), B′=(7,3), C′=(5,5)",coordinate_plot
AGREE,v19|y6m-position-direction|curriculum|secure|lesson|translation,y6m-position-direction,Translation,tryThis,0,"Point $P$ is at $(2,4)$. Translate it $4$ squares left and $1$ square down. What are the coordinates of $P'$?","(-2,3)","(-2,3)",coordinate_plot
AGREE,v19|y6m-position-direction|curriculum|secure|lesson|translation,y6m-position-direction,Translation,quickCheck,0,"Point $Q$ is at $(4,3)$. It is translated $2$ squares right and $3$ squares up. What is $Q'$?","(6,6)","(6,6)",coordinate_plot
AGREE,v19|y6m-position-direction|curriculum|secure|lesson|translation,y6m-position-direction,Translation,guidedPractice[0],0,"Point $D$ is at $(3,2)$. Translate it $2$ squares right and $4$ squares up.","(5,6)","(5,6)",coordinate_plot
AGREE,v19|y6m-position-direction|curriculum|secure|lesson|translation,y6m-position-direction,Translation,guidedPractice[1],0,"Point $E$ is at $(6,5)$. Translate it $3$ squares left and $2$ squares down.","(3,3)","(3,3)",coordinate_plot
AGREE,v19|y6m-position-direction|curriculum|secure|lesson|translation,y6m-position-direction,Translation,independentPractice[0],0,"Point $F$ is at $(1,6)$. Translate it $5$ squares right and $3$ squares down.","(6,3)","(6,3)",coordinate_plot
AGREE,v19|y6m-position-direction|curriculum|secure|lesson|translation,y6m-position-direction,Translation,independentPractice[1],0,"Triangle $GHI$ has vertices $G(1,2)$, $H(3,2)$ and $I(2,4)$. Translate it $2$ squares left and $1$ square up.","G′=(-1,3), H′=(1,3), I′=(0,5)","G′=(-1,3), H′=(1,3), I′=(0,5)",coordinate_plot
AGREE,v19|y6m-position-direction|curriculum|secure|lesson|translation,y6m-position-direction,Translation,independentPractice[2],0,"Rectangle $JKLM$ has vertices $J(2,1)$, $K(5,1)$, $L(5,3)$ and $M(2,3)$. Translate it $1$ square right and $4$ squares up.","J′=(3,5), K′=(6,5), L′=(6,7), M′=(3,7)","J′=(3,5), K′=(6,5), L′=(6,7), M′=(3,7)",coordinate_plot
AGREE,v19|y6m-shape|curriculum|secure|lesson|vertically opposite angles,y6m-shape,Vertically opposite angles,workedExample,24,Two straight lines cross at point $O$. Angle $AOB$ is $68°$. Find angle $COD$.,112°,112°,angle_diagram
AGREE,v19|y6m-shape|curriculum|secure|lesson|vertically opposite angles,y6m-shape,Vertically opposite angles,tryThis,24,Two straight lines cross at $P$. Angle $QPR$ is $112°$. The angle directly opposite is angle $SPT$. Find angle $SPT$.,68°,68°,angle_diagram
AGREE,v19|y6m-shape|curriculum|secure|lesson|vertically opposite angles,y6m-shape,Vertically opposite angles,quickCheck,24,An angle is $63°$. What is the size of its vertically opposite angle?,117°,117°,angle_diagram
AGREE,v19|y6m-shape|curriculum|secure|lesson|vertically opposite angles,y6m-shape,Vertically opposite angles,guidedPractice[0],24,Two straight lines cross at $M$. Angle $LMN$ is $45°$. Angle $PMQ$ is directly opposite. Find angle $PMQ$.,135°,135°,angle_diagram
AGREE,v19|y6m-shape|curriculum|secure|lesson|vertically opposite angles,y6m-shape,Vertically opposite angles,guidedPractice[1],24,Two straight lines cross at $X$. One angle is $137°$. Find the angle directly opposite it.,43°,43°,angle_diagram
AGREE,v19|y6m-shape|curriculum|secure|lesson|vertically opposite angles,y6m-shape,Vertically opposite angles,independentPractice[0],24,Two straight lines cross at $R$. Angle $SRT$ is $76°$. Find the angle directly opposite angle $SRT$.,104°,104°,angle_diagram
AGREE,v19|y6m-shape|curriculum|secure|lesson|vertically opposite angles,y6m-shape,Vertically opposite angles,independentPractice[1],24,Two straight lines cross at $K$. An angle is $104°$. Find its vertically opposite angle.,76°,76°,angle_diagram
AGREE,v19|y6m-shape|curriculum|secure|lesson|vertically opposite angles,y6m-shape,Vertically opposite angles,independentPractice[2],24,Two straight lines cross at $H$. Angle $JHL$ is $89°$. Angle $MHN$ is directly opposite. Find angle $MHN$.,91°,91°,angle_diagram
DISAGREE,v19|y6m-area-perimeter-volume|curriculum|secure|lesson|volume of cuboids,y6m-area-perimeter-volume,Volume of cuboids,workedExample,1,"Find the volume of a cuboid that is $4$ unit cubes long, $3$ unit cubes wide and $2$ unit cubes high.",4,24,cuboid_volume
DISAGREE,v19|y6m-area-perimeter-volume|curriculum|secure|lesson|volume of cuboids,y6m-area-perimeter-volume,Volume of cuboids,tryThis,1,"A cuboid is $5$ unit cubes long, $2$ unit cubes wide and $3$ unit cubes high. What is its volume?",5,30,cuboid_volume
DISAGREE,v19|y6m-area-perimeter-volume|curriculum|secure|lesson|volume of cuboids,y6m-area-perimeter-volume,Volume of cuboids,quickCheck,1,"A cuboid is $2$ unit cubes long, $3$ unit cubes wide and $2$ unit cubes high. What is its volume?",2,12,cuboid_volume
DISAGREE,v19|y6m-area-perimeter-volume|curriculum|secure|lesson|volume of cuboids,y6m-area-perimeter-volume,Volume of cuboids,guidedPractice[0],1,"A cuboid is $3$ unit cubes long, $2$ unit cubes wide and $4$ unit cubes high. Find its volume.",3,24,cuboid_volume
AGREE,v19|y6m-area-perimeter-volume|curriculum|secure|lesson|volume of cuboids,y6m-area-perimeter-volume,Volume of cuboids,guidedPractice[1],1,A cuboid has $5$ cubes in each layer and $3$ equal layers. Find its volume.,5,5,cuboid_volume
UNVERIFIABLE,v19|y6m-area-perimeter-volume|curriculum|secure|lesson|volume of cuboids,y6m-area-perimeter-volume,Volume of cuboids,independentPractice[0],1,Find the volume of a cuboid measuring $6$ units by $2$ units by $3$ units.,$36$ cubic units,,
UNVERIFIABLE,v19|y6m-area-perimeter-volume|curriculum|secure|lesson|volume of cuboids,y6m-area-perimeter-volume,Volume of cuboids,independentPractice[1],1,Find the volume of a cuboid measuring $4$ units by $4$ units by $2$ units.,$32$ cubic units,,
AGREE,v19|y6m-area-perimeter-volume|curriculum|secure|lesson|volume of cuboids,y6m-area-perimeter-volume,Volume of cuboids,independentPractice[2],1,A cuboid has $7$ unit cubes in one layer and $5$ equal layers. Find its volume.,7,7,cuboid_volume
AGREE,"v19|y6m-decimals|curriculum|secure|lesson|multiply and divide by 10, 100 and 1000",y6m-decimals,"Multiply and divide by 10, 100 and 1000",workedExample,17,$3.47 \times 100$,347,347,place_value_shift
AGREE,"v19|y6m-decimals|curriculum|secure|lesson|multiply and divide by 10, 100 and 1000",y6m-decimals,"Multiply and divide by 10, 100 and 1000",tryThis,17,$6.08 \times 1000$,6080,6080,place_value_shift
AGREE,"v19|y6m-decimals|curriculum|secure|lesson|multiply and divide by 10, 100 and 1000",y6m-decimals,"Multiply and divide by 10, 100 and 1000",quickCheck,17,$0.58 \times 100$,58,58,place_value_shift
AGREE,"v19|y6m-decimals|curriculum|secure|lesson|multiply and divide by 10, 100 and 1000",y6m-decimals,"Multiply and divide by 10, 100 and 1000",guidedPractice[0],17,$8.25 \times 10$,82.5,82.5,place_value_shift
AGREE,"v19|y6m-decimals|curriculum|secure|lesson|multiply and divide by 10, 100 and 1000",y6m-decimals,"Multiply and divide by 10, 100 and 1000",guidedPractice[1],17,$46.3 \div 10$,4.63,4.63,place_value_shift
AGREE,"v19|y6m-decimals|curriculum|secure|lesson|multiply and divide by 10, 100 and 1000",y6m-decimals,"Multiply and divide by 10, 100 and 1000",guidedPractice[2],17,$7.09 \div 100$,0.0709,0.0709,place_value_shift
AGREE,"v19|y6m-decimals|curriculum|secure|lesson|multiply and divide by 10, 100 and 1000",y6m-decimals,"Multiply and divide by 10, 100 and 1000",independentPractice[0],17,$0.64 \times 100$,64,64,place_value_shift
AGREE,"v19|y6m-decimals|curriculum|secure|lesson|multiply and divide by 10, 100 and 1000",y6m-decimals,"Multiply and divide by 10, 100 and 1000",independentPractice[1],17,$325.7 \div 100$,3.257,3.257,place_value_shift
AGREE,"v19|y6m-decimals|curriculum|secure|lesson|multiply and divide by 10, 100 and 1000",y6m-decimals,"Multiply and divide by 10, 100 and 1000",independentPractice[2],17,$4.006 \times 1000$,4006,4006,place_value_shift
AGREE,"v19|y6m-decimals|curriculum|secure|lesson|multiply and divide by 10, 100 and 1000",y6m-decimals,"Multiply and divide by 10, 100 and 1000",independentPractice[3],17,$9.2 \div 1000$,0.0092,0.0092,place_value_shift
AGREE,v19|y6m-position-direction|curriculum|secure|guided|reflection,y6m-position-direction,Reflection,workedExample,0,"Triangle $ABC$ has points $A(2,1)$, $B(4,1)$ and $C(3,3)$. Reflect it in the line $x=5$.","A′=(8,1), B′=(6,1), C′=(7,3)","A′=(8,1), B′=(6,1), C′=(7,3)",coordinate_plot
AGREE,v19|y6m-position-direction|curriculum|secure|guided|reflection,y6m-position-direction,Reflection,tryThis,0,"Point $P(2,4)$ is reflected in the line $x=4$. What are the coordinates of $P'$?","(6,4)","(6,4)",coordinate_plot
UNVERIFIABLE,v19|y6m-position-direction|curriculum|secure|guided|reflection,y6m-position-direction,Reflection,quickCheck,0,"True or false: when reflecting a point in a vertical mirror line, its vertical coordinate stays the same.",True.,,
AGREE,v19|y6m-position-direction|curriculum|secure|guided|reflection,y6m-position-direction,Reflection,guidedPractice[0],0,"Point $D(1,2)$ is reflected in the line $x=3$. Find $D'$.","(5,2)","(5,2)",coordinate_plot
AGREE,v19|y6m-position-direction|curriculum|secure|guided|reflection,y6m-position-direction,Reflection,guidedPractice[1],0,"Point $E(6,4)$ is reflected in the line $x=5$. Find $E'$.","(4,4)","(4,4)",coordinate_plot
AGREE,v19|y6m-position-direction|curriculum|secure|guided|reflection,y6m-position-direction,Reflection,guidedPractice[2],0,"Point $F(3,1)$ is reflected in the line $x=6$. Find $F'$.","(9,1)","(9,1)",coordinate_plot
AGREE,v19|y6m-position-direction|curriculum|secure|guided|reflection,y6m-position-direction,Reflection,independentPractice[0],0,"Point $G(4,3)$ is reflected in the line $x=7$. Find $G'$.","(10,3)","(10,3)",coordinate_plot
AGREE,v19|y6m-position-direction|curriculum|secure|guided|reflection,y6m-position-direction,Reflection,independentPractice[1],0,"Triangle $JKL$ has points $J(2,1)$, $K(3,3)$ and $L(4,1)$. Reflect it in $x=5$.","J′=(8,1), K′=(7,3), L′=(6,1)","J′=(8,1), K′=(7,3), L′=(6,1)",coordinate_plot
UNVERIFIABLE,v19|y5m-place-value|curriculum|secure|lesson|place value of each digit,y5m-place-value,Place value of each digit,workedExample,9,"What is the value of each digit in $482,631$?","In $482,631$: $4 = 400,000$, $8 = 80,000$, $2 = 2,000$, $6 = 600$, $3 = 30$, and $1 = 1$.",,
UNVERIFIABLE,v19|y5m-place-value|curriculum|secure|lesson|place value of each digit,y5m-place-value,Place value of each digit,tryThis,9,"What is the value of each digit in $305,472$?","$3 = 300,000$, $0 = 0$, $5 = 5,000$, $4 = 400$, $7 = 70$, and $2 = 2$.",,
UNVERIFIABLE,v19|y5m-place-value|curriculum|secure|lesson|place value of each digit,y5m-place-value,Place value of each digit,quickCheck,9,"In $906,154$, what is the value of the digit $6$?","$6,000$",,
UNVERIFIABLE,v19|y5m-place-value|curriculum|secure|lesson|place value of each digit,y5m-place-value,Place value of each digit,guidedPractice[0],9,"What is the value of the digit $7$ in $174,205$?","$70,000$",,
UNVERIFIABLE,v19|y5m-place-value|curriculum|secure|lesson|place value of each digit,y5m-place-value,Place value of each digit,guidedPractice[1],9,"What is the value of the digit $9$ in $629,418$?","$9,000$",,
UNVERIFIABLE,v19|y5m-place-value|curriculum|secure|lesson|place value of each digit,y5m-place-value,Place value of each digit,independentPractice[0],9,"What is the value of each digit in $561,308$?","$5 = 500,000$, $6 = 60,000$, $1 = 1,000$, $3 = 300$, $0 = 0$, and $8 = 8$.",,
UNVERIFIABLE,v19|y5m-place-value|curriculum|secure|lesson|place value of each digit,y5m-place-value,Place value of each digit,independentPractice[1],9,"What is the value of the digit $4$ in $243,719$?","$40,000$",,
UNVERIFIABLE,v19|y5m-place-value|curriculum|secure|lesson|place value of each digit,y5m-place-value,Place value of each digit,independentPractice[2],9,"What is the value of the digit $2$ in $718,260$?",$200$,,
AGREE,"v19|y6m-decimals|curriculum|secure|guided|multiply and divide by 10, 100 and 1000",y6m-decimals,"Multiply and divide by 10, 100 and 1000",workedExample,6,$3.45 \times 100$,345,345,place_value_shift
AGREE,"v19|y6m-decimals|curriculum|secure|guided|multiply and divide by 10, 100 and 1000",y6m-decimals,"Multiply and divide by 10, 100 and 1000",tryThis,6,$6.28 \div 100$,0.0628,0.0628,place_value_shift
AGREE,"v19|y6m-decimals|curriculum|secure|guided|multiply and divide by 10, 100 and 1000",y6m-decimals,"Multiply and divide by 10, 100 and 1000",quickCheck,6,$9.06 \div 10$,0.906,0.906,place_value_shift
AGREE,"v19|y6m-decimals|curriculum|secure|guided|multiply and divide by 10, 100 and 1000",y6m-decimals,"Multiply and divide by 10, 100 and 1000",guidedPractice[0],6,$7.2 \times 10$,72,72,place_value_shift
AGREE,"v19|y6m-decimals|curriculum|secure|guided|multiply and divide by 10, 100 and 1000",y6m-decimals,"Multiply and divide by 10, 100 and 1000",guidedPractice[1],6,$56.3 \div 10$,5.63,5.63,place_value_shift
AGREE,"v19|y6m-decimals|curriculum|secure|guided|multiply and divide by 10, 100 and 1000",y6m-decimals,"Multiply and divide by 10, 100 and 1000",guidedPractice[2],6,$0.84 \times 100$,84,84,place_value_shift
AGREE,"v19|y6m-decimals|curriculum|secure|guided|multiply and divide by 10, 100 and 1000",y6m-decimals,"Multiply and divide by 10, 100 and 1000",guidedPractice[3],6,$125.6 \div 100$,1.256,1.256,place_value_shift
AGREE,"v19|y6m-decimals|curriculum|secure|guided|multiply and divide by 10, 100 and 1000",y6m-decimals,"Multiply and divide by 10, 100 and 1000",independentPractice[0],6,$4.09 \times 10$,40.9,40.9,place_value_shift
AGREE,"v19|y6m-decimals|curriculum|secure|guided|multiply and divide by 10, 100 and 1000",y6m-decimals,"Multiply and divide by 10, 100 and 1000",independentPractice[1],6,$36.5 \div 100$,0.365,0.365,place_value_shift
AGREE,"v19|y6m-decimals|curriculum|secure|guided|multiply and divide by 10, 100 and 1000",y6m-decimals,"Multiply and divide by 10, 100 and 1000",independentPractice[2],6,$0.702 \times 1000$,702,702,place_value_shift
AGREE,"v19|y6m-decimals|curriculum|secure|guided|multiply and divide by 10, 100 and 1000",y6m-decimals,"Multiply and divide by 10, 100 and 1000",independentPractice[3],6,$908 \div 1000$,0.908,0.908,place_value_shift
UNVERIFIABLE,"v19|y5m-place-value|curriculum|secure|lesson|compare and order numbers to 1,000,000",y5m-place-value,"Compare and order numbers to 1,000,000",workedExample,8,"Order $456,321$, $465,123$, $456,312$ and $451,999$ from smallest to largest.","$451,999 < 456,312 < 456,321 < 465,123$",,
UNVERIFIABLE,"v19|y5m-place-value|curriculum|secure|lesson|compare and order numbers to 1,000,000",y5m-place-value,"Compare and order numbers to 1,000,000",tryThis,8,"Order $702,405$, $720,405$ and $702,450$ from smallest to largest.","$702,405 < 702,450 < 720,405$",,
UNVERIFIABLE,"v19|y5m-place-value|curriculum|secure|lesson|compare and order numbers to 1,000,000",y5m-place-value,"Compare and order numbers to 1,000,000",quickCheck,8,"Which number is greater: $684,999$ or $685,001$?","$685,001$ is greater because it has $5$ thousands and $684,999$ has $4$ thousands.",,
AGREE,"v19|y5m-place-value|curriculum|secure|lesson|compare and order numbers to 1,000,000",y5m-place-value,"Compare and order numbers to 1,000,000",guidedPractice[0],8,"Write $<$, $>$ or $=$: $638,214$ __ $638,241$.","638,214","638,214",place_value_chart
UNVERIFIABLE,"v19|y5m-place-value|curriculum|secure|lesson|compare and order numbers to 1,000,000",y5m-place-value,"Compare and order numbers to 1,000,000",guidedPractice[1],8,"Order $899,999$, $890,999$ and $899,909$ from smallest to largest.","$890,999 < 899,909 < 899,999$",,
AGREE,"v19|y5m-place-value|curriculum|secure|lesson|compare and order numbers to 1,000,000",y5m-place-value,"Compare and order numbers to 1,000,000",independentPractice[0],8,"Write $<$, $>$ or $=$: $507,632$ __ $570,632$.","507,632","507,632",place_value_chart
UNVERIFIABLE,"v19|y5m-place-value|curriculum|secure|lesson|compare and order numbers to 1,000,000",y5m-place-value,"Compare and order numbers to 1,000,000",independentPractice[1],8,"Order $321,456$, $312,456$, $321,465$ and $321,405$ from smallest to largest.","$312,456 < 321,405 < 321,456 < 321,465$",,
UNVERIFIABLE,"v19|y5m-place-value|curriculum|secure|lesson|compare and order numbers to 1,000,000",y5m-place-value,"Compare and order numbers to 1,000,000",independentPractice[2],8,"Order $999,001$, $990,999$ and $999,010$ from greatest to smallest.","$999,010 > 999,001 > 990,999$",,
UNVERIFIABLE,v19|y6m-shape|curriculum|secure|lesson|nets of 3d shapes,y6m-shape,Nets of 3D shapes,workedExample,12,Is this arrangement a net of a cube?,"Yes, this is a net of a cube.",,
UNVERIFIABLE,v19|y6m-shape|curriculum|secure|lesson|nets of 3d shapes,y6m-shape,Nets of 3D shapes,tryThis,12,A flat pattern has $5$ equal squares joined edge to edge. Can it be a net of a cube?,"No. A cube needs $6$ square faces, but this pattern has only $5$.",,
UNVERIFIABLE,v19|y6m-shape|curriculum|secure|lesson|nets of 3d shapes,y6m-shape,Nets of 3D shapes,quickCheck,12,What are the two checks for a cube net?,"Check that there are $6$ equal connected squares, then check that they fold without overlap.",,
UNVERIFIABLE,v19|y6m-shape|curriculum|secure|lesson|nets of 3d shapes,y6m-shape,Nets of 3D shapes,guidedPractice[0],12,"A pattern has $6$ equal squares. Four squares are in a row, with one square attached above the second square and one attached below the second square. Is it a cube net?",Yes. The $6$ squares can fold to make the $6$ faces of a cube.,,
UNVERIFIABLE,v19|y6m-shape|curriculum|secure|lesson|nets of 3d shapes,y6m-shape,Nets of 3D shapes,guidedPractice[1],12,A pattern has $7$ equal squares joined edge to edge. Is it a net of a cube?,"No. A cube has $6$ faces, not $7$.",,
UNVERIFIABLE,v19|y6m-shape|curriculum|secure|lesson|nets of 3d shapes,y6m-shape,Nets of 3D shapes,independentPractice[0],12,"A flat pattern has $6$ equal squares, but two outer squares would fold onto the same top face. Is it a cube net?",No. A cube net cannot have overlapping faces.,,
UNVERIFIABLE,v19|y6m-shape|curriculum|secure|lesson|nets of 3d shapes,y6m-shape,Nets of 3D shapes,independentPractice[1],12,Explain why $6$ equal squares are needed for a cube net.,"A cube has $6$ equal square faces, so the net needs one square for each face.",,
UNVERIFIABLE,v19|y6m-shape|curriculum|secure|lesson|nets of 3d shapes,y6m-shape,Nets of 3D shapes,independentPractice[2],12,"A pattern has $6$ squares, but one square touches the others only at a corner. Is it a cube net?",No. Faces in a net must join along full edges so they can fold together.,,
UNVERIFIABLE,v19|y6m-problem-solving|curriculum|secure|guided|multi-step problem solving,y6m-problem-solving,Multi-step problem solving,workedExample,8,A school buys $8$ boxes of pencils. Each box has $24$ pencils. The pencils are shared equally between $6$ classes. How many pencils does each class receive?,Each class receives $32$ pencils.,,
UNVERIFIABLE,v19|y6m-problem-solving|curriculum|secure|guided|multi-step problem solving,y6m-problem-solving,Multi-step problem solving,tryThis,8,A coach buys $7$ packs of water bottles. Each pack contains $18$ bottles. The bottles are shared equally between $9$ teams. How many bottles does each team receive?,$7 \times 18 = 126$ and $126 \div 9 = 14$. Each team receives $14$ bottles.,,
UNVERIFIABLE,v19|y6m-problem-solving|curriculum|secure|guided|multi-step problem solving,y6m-problem-solving,Multi-step problem solving,quickCheck,8,A shop receives $5$ boxes of $36$ notebooks. It shares them equally between $4$ classrooms. Which calculation should be done first?,First calculate $5 \times 36 = 180$. Then calculate $180 \div 4 = 45$.,,
UNVERIFIABLE,v19|y6m-problem-solving|curriculum|secure|guided|multi-step problem solving,y6m-problem-solving,Multi-step problem solving,guidedPractice[0],8,A library has $9$ shelves with $35$ books on each shelf. The books are packed equally into $5$ boxes. How many books go in each box?,$9 \times 35 = 315$ and $315 \div 5 = 63$. Each box has $63$ books.,,
UNVERIFIABLE,v19|y6m-problem-solving|curriculum|secure|guided|multi-step problem solving,y6m-problem-solving,Multi-step problem solving,guidedPractice[1],8,A farmer collects $6$ trays of eggs. Each tray holds $30$ eggs. The eggs are placed equally into $9$ baskets. How many eggs are in each basket?,$6 \times 30 = 180$ and $180 \div 9 = 20$. Each basket has $20$ eggs.,,
UNVERIFIABLE,v19|y6m-problem-solving|curriculum|secure|guided|multi-step problem solving,y6m-problem-solving,Multi-step problem solving,independentPractice[0],8,A theatre has $12$ rows with $28$ seats in each row. The seats are shared equally between $7$ school groups. How many seats does each group have?,$12 \times 28 = 336$ and $336 \div 7 = 48$. Each group has $48$ seats.,,
UNVERIFIABLE,v19|y6m-problem-solving|curriculum|secure|guided|multi-step problem solving,y6m-problem-solving,Multi-step problem solving,independentPractice[1],8,A bakery makes $15$ trays of biscuits. Each tray has $16$ biscuits. The biscuits are packed equally into $8$ tins. How many biscuits are in each tin?,$15 \times 16 = 240$ and $240 \div 8 = 30$. Each tin has $30$ biscuits.,,
AGREE,v19|y6m-shape|curriculum|secure|lesson|angles in quadrilaterals and polygons,y6m-shape,Angles in quadrilaterals and polygons,workedExample,24,"Find the missing interior angle $x$ in this quadrilateral: $95°$, $110°$, $80°$, and $x$.",-105°,-105°,angle_diagram
UNVERIFIABLE,v19|y6m-shape|curriculum|secure|lesson|angles in quadrilaterals and polygons,y6m-shape,Angles in quadrilaterals and polygons,tryThis,24,"A quadrilateral has interior angles of $88°$, $102°$, $95°$, and $y$. Find $y$.",$y = 75°$,,
AGREE,v19|y6m-shape|curriculum|secure|lesson|angles in quadrilaterals and polygons,y6m-shape,Angles in quadrilaterals and polygons,quickCheck,24,The known angles in a quadrilateral total $245°$. What is the missing angle?,-65°,-65°,angle_diagram
UNVERIFIABLE,v19|y6m-shape|curriculum|secure|lesson|angles in quadrilaterals and polygons,y6m-shape,Angles in quadrilaterals and polygons,guidedPractice[0],24,"A quadrilateral has angles of $70°$, $120°$, $85°$, and $a$. Find $a$.",$a = 85°$,,
UNVERIFIABLE,v19|y6m-shape|curriculum|secure|lesson|angles in quadrilaterals and polygons,y6m-shape,Angles in quadrilaterals and polygons,guidedPractice[1],24,"A quadrilateral has angles of $105°$, $90°$, $75°$, and $b$. Find $b$.",$b = 90°$,,
UNVERIFIABLE,v19|y6m-shape|curriculum|secure|lesson|angles in quadrilaterals and polygons,y6m-shape,Angles in quadrilaterals and polygons,independentPractice[0],24,"A quadrilateral has angles of $98°$, $112°$, $76°$, and $c$. Find $c$.",$c = 74°$,,
UNVERIFIABLE,v19|y6m-shape|curriculum|secure|lesson|angles in quadrilaterals and polygons,y6m-shape,Angles in quadrilaterals and polygons,independentPractice[1],24,"A quadrilateral has angles of $130°$, $65°$, $95°$, and $d$. Find $d$.",$d = 70°$,,
UNVERIFIABLE,v19|y6m-shape|curriculum|secure|lesson|angles in quadrilaterals and polygons,y6m-shape,Angles in quadrilaterals and polygons,independentPractice[2],24,"A quadrilateral has angles of $84°$, $101°$, $93°$, and $e$. Find $e$.",$e = 82°$,,
DISAGREE,v19|y5m-fractions|curriculum|secure|lesson|mixed numbers to improper fractions,y5m-fractions,Mixed numbers to improper fractions,workedExample,11,Convert $2\frac{3}{4}$ into an improper fraction.,23/4 = 5.75 = 575%,11/4,fraction_ops
DISAGREE,v19|y5m-fractions|curriculum|secure|lesson|mixed numbers to improper fractions,y5m-fractions,Mixed numbers to improper fractions,tryThis,11,Convert $3\frac{2}{5}$ into an improper fraction.,32/5 = 6.4 = 640%,17/5,fraction_ops
DISAGREE,v19|y5m-fractions|curriculum|secure|lesson|mixed numbers to improper fractions,y5m-fractions,Mixed numbers to improper fractions,quickCheck,11,Convert $6\frac{3}{4}$ into an improper fraction.,63/4 = 15.75 = 1575%,27/4,fraction_ops
DISAGREE,v19|y5m-fractions|curriculum|secure|lesson|mixed numbers to improper fractions,y5m-fractions,Mixed numbers to improper fractions,guidedPractice[0],11,Convert $1\frac{2}{3}$ into an improper fraction.,12/3 = 4 = 400%,5/3,fraction_ops
DISAGREE,v19|y5m-fractions|curriculum|secure|lesson|mixed numbers to improper fractions,y5m-fractions,Mixed numbers to improper fractions,guidedPractice[1],11,Convert $4\frac{1}{6}$ into an improper fraction.,41/6 = 6.8333 = 683.33%,25/6,fraction_ops
DISAGREE,v19|y5m-fractions|curriculum|secure|lesson|mixed numbers to improper fractions,y5m-fractions,Mixed numbers to improper fractions,independentPractice[0],11,Convert $2\frac{1}{3}$ into an improper fraction.,21/3 = 7 = 700%,7/3,fraction_ops
DISAGREE,v19|y5m-fractions|curriculum|secure|lesson|mixed numbers to improper fractions,y5m-fractions,Mixed numbers to improper fractions,independentPractice[1],11,Convert $3\frac{4}{5}$ into an improper fraction.,34/5 = 6.8 = 680%,19/5,fraction_ops
DISAGREE,v19|y5m-fractions|curriculum|secure|lesson|mixed numbers to improper fractions,y5m-fractions,Mixed numbers to improper fractions,independentPractice[2],11,Convert $5\frac{2}{7}$ into an improper fraction.,52/7 = 7.4286 = 742.86%,37/7,fraction_ops
AGREE,v19|y5m-place-value|curriculum|secure|lesson|powers of 10,y5m-place-value,Powers of 10,workedExample,7,$346 \times 100$,34600,34600,place_value_shift
AGREE,v19|y5m-place-value|curriculum|secure|lesson|powers of 10,y5m-place-value,Powers of 10,tryThis,7,$527 \times 10$,5270,5270,place_value_shift
AGREE,v19|y5m-place-value|curriculum|secure|lesson|powers of 10,y5m-place-value,Powers of 10,quickCheck,7,What is $9 \times 1000$?,9000,9000,place_value_shift
AGREE,v19|y5m-place-value|curriculum|secure|lesson|powers of 10,y5m-place-value,Powers of 10,guidedPractice[0],7,$62 \times 10$,620,620,place_value_shift
AGREE,v19|y5m-place-value|curriculum|secure|lesson|powers of 10,y5m-place-value,Powers of 10,guidedPractice[1],7,$408 \times 100$,40800,40800,place_value_shift
AGREE,v19|y5m-place-value|curriculum|secure|lesson|powers of 10,y5m-place-value,Powers of 10,independentPractice[0],7,$73 \times 100$,7300,7300,place_value_shift
AGREE,v19|y5m-place-value|curriculum|secure|lesson|powers of 10,y5m-place-value,Powers of 10,independentPractice[1],7,$605 \times 10$,6050,6050,place_value_shift
AGREE,v19|y5m-place-value|curriculum|secure|lesson|powers of 10,y5m-place-value,Powers of 10,independentPractice[2],7,$214 \times 1000$,214000,214000,place_value_shift
AGREE,v19|y5m-shape|curriculum|secure|lesson|draw angles,y5m-shape,Draw angles,workedExample,23,Draw an angle of $60°$ with vertex $B$.,120°,120°,angle_diagram
AGREE,v19|y5m-shape|curriculum|secure|lesson|draw angles,y5m-shape,Draw angles,tryThis,23,Draw an angle of $120°$ with vertex $P$.,60°,60°,angle_diagram
UNVERIFIABLE,v19|y5m-shape|curriculum|secure|lesson|draw angles,y5m-shape,Draw angles,quickCheck,23,"When drawing an angle from a horizontal first arm pointing right, which protractor scale should you use?",Use the scale with $0°$ at the right-hand end beside the first arm.,,
AGREE,v19|y5m-shape|curriculum|secure|lesson|draw angles,y5m-shape,Draw angles,guidedPractice[0],23,Draw an angle of $45°$ with vertex $D$.,135°,135°,angle_diagram
AGREE,v19|y5m-shape|curriculum|secure|lesson|draw angles,y5m-shape,Draw angles,guidedPractice[1],23,Draw an angle of $90°$ with vertex $E$.,90°,90°,angle_diagram
AGREE,v19|y5m-shape|curriculum|secure|lesson|draw angles,y5m-shape,Draw angles,independentPractice[0],23,Draw an angle of $70°$ with vertex $F$.,110°,110°,angle_diagram
AGREE,v19|y5m-shape|curriculum|secure|lesson|draw angles,y5m-shape,Draw angles,independentPractice[1],23,Draw an angle of $135°$ with vertex $G$.,45°,45°,angle_diagram
AGREE,v19|y5m-shape|curriculum|secure|lesson|draw angles,y5m-shape,Draw angles,independentPractice[2],23,Draw an angle of $150°$ with vertex $H$.,30°,30°,angle_diagram
AGREE,v19|y5m-shape|curriculum|secure|lesson|angles around a point,y5m-shape,Angles around a point,workedExample,11,"Three angles around point $O$ are $110°$, $95°$ and $70°$. Find the missing angle $x$.",-95°,-95°,angle_diagram
UNVERIFIABLE,v19|y5m-shape|curriculum|secure|lesson|angles around a point,y5m-shape,Angles around a point,tryThis,11,"Angles around point $P$ are $120°$, $80°$, $65°$ and $y$. Find $y$.",$y = 95°$,,
AGREE,v19|y5m-shape|curriculum|secure|lesson|angles around a point,y5m-shape,Angles around a point,quickCheck,11,"Angles around a point are $150°$, $130°$ and $q$. Find $q$.",80°,80°,angle_diagram
UNVERIFIABLE,v19|y5m-shape|curriculum|secure|lesson|angles around a point,y5m-shape,Angles around a point,guidedPractice[0],11,"Angles around point $A$ are $130°$, $90°$ and $z$. Find $z$.",$z = 140°$,,
UNVERIFIABLE,v19|y5m-shape|curriculum|secure|lesson|angles around a point,y5m-shape,Angles around a point,guidedPractice[1],11,"Angles around point $B$ are $75°$, $125°$, $60°$ and $w$. Find $w$.",$w = 100°$,,
UNVERIFIABLE,v19|y5m-shape|curriculum|secure|lesson|angles around a point,y5m-shape,Angles around a point,independentPractice[0],11,"Angles around point $C$ are $145°$, $85°$ and $m$. Find $m$.",$m = 130°$,,
UNVERIFIABLE,v19|y5m-shape|curriculum|secure|lesson|angles around a point,y5m-shape,Angles around a point,independentPractice[1],11,"Angles around point $D$ are $100°$, $110°$, $45°$ and $n$. Find $n$.",$n = 105°$,,
UNVERIFIABLE,v19|y5m-shape|curriculum|secure|lesson|angles around a point,y5m-shape,Angles around a point,independentPractice[2],11,"Angles around point $E$ are $90°$, $90°$, $105°$ and $p$. Find $p$.",$p = 75°$,,
UNVERIFIABLE,v19|y5m-shape|curriculum|secure|lesson|regular and irregular polygons,y5m-shape,Regular and irregular polygons,workedExample,23,Is this pentagon regular or irregular?,The pentagon is a regular polygon.,,
AGREE,v19|y5m-shape|curriculum|secure|lesson|regular and irregular polygons,y5m-shape,Regular and irregular polygons,tryThis,23,"A hexagon has $6$ sides of $3\text{ cm}$, but one inside angle is $118^\circ$ and the others are $120^\circ$. Is it regular or irregular?",-58°,-58°,angle_diagram
UNVERIFIABLE,v19|y5m-shape|curriculum|secure|lesson|regular and irregular polygons,y5m-shape,Regular and irregular polygons,quickCheck,23,What two things must be equal in a regular polygon?,All side lengths and all inside angles must be equal.,,
UNVERIFIABLE,v19|y5m-shape|curriculum|secure|lesson|regular and irregular polygons,y5m-shape,Regular and irregular polygons,guidedPractice[0],23,"A quadrilateral has side lengths $5\text{ cm}$, $5\text{ cm}$, $5\text{ cm}$ and $5\text{ cm}$. Its angles are $80^\circ$, $100^\circ$, $80^\circ$ and $100^\circ$. Is it regular or irregular?",It is irregular because the angles are not all equal.,,
UNVERIFIABLE,v19|y5m-shape|curriculum|secure|lesson|regular and irregular polygons,y5m-shape,Regular and irregular polygons,guidedPractice[1],23,A triangle has sides of $6\text{ cm}$ each and angles of $60^\circ$ each. Is it regular or irregular?,It is regular because all sides and all angles are equal.,,
UNVERIFIABLE,v19|y5m-shape|curriculum|secure|lesson|regular and irregular polygons,y5m-shape,Regular and irregular polygons,independentPractice[0],23,"A pentagon has side lengths $4\text{ cm}$, $4\text{ cm}$, $5\text{ cm}$, $4\text{ cm}$ and $4\text{ cm}$. Its angles are all $108^\circ$. Is it regular or irregular?",It is irregular because the side lengths are not all equal.,,
UNVERIFIABLE,v19|y5m-shape|curriculum|secure|lesson|regular and irregular polygons,y5m-shape,Regular and irregular polygons,independentPractice[1],23,A hexagon has $6$ equal sides and $6$ equal inside angles. Is it regular or irregular?,It is regular.,,
UNVERIFIABLE,v19|y5m-shape|curriculum|secure|lesson|regular and irregular polygons,y5m-shape,Regular and irregular polygons,independentPractice[2],23,"An octagon has all sides equal, but two inside angles are different from the others. Is it regular or irregular?",It is irregular because the angles are not all equal.,,
UNVERIFIABLE,v19|y5m-shape|curriculum|secure|lesson|3d shapes,y5m-shape,3D shapes,workedExample,11,"What $3D$ shape has $6$ rectangular faces, $12$ edges and $8$ vertices?",The shape is a cuboid.,,
UNVERIFIABLE,v19|y5m-shape|curriculum|secure|lesson|3d shapes,y5m-shape,3D shapes,tryThis,11,"A $3D$ shape has $5$ faces, $9$ edges and $6$ vertices. What is it?",It is a triangular prism.,,
UNVERIFIABLE,v19|y5m-shape|curriculum|secure|lesson|3d shapes,y5m-shape,3D shapes,quickCheck,11,How many vertices does a cuboid have?,$8$,,
UNVERIFIABLE,v19|y5m-shape|curriculum|secure|lesson|3d shapes,y5m-shape,3D shapes,guidedPractice[0],11,"A shape has $6$ square faces, $12$ edges and $8$ vertices. What is it?",It is a cube.,,
UNVERIFIABLE,v19|y5m-shape|curriculum|secure|lesson|3d shapes,y5m-shape,3D shapes,guidedPractice[1],11,A shape has $2$ circular faces and $1$ curved surface. What is it?,It is a cylinder.,,
UNVERIFIABLE,v19|y5m-shape|curriculum|secure|lesson|3d shapes,y5m-shape,3D shapes,independentPractice[0],11,A shape has $1$ circular face and $1$ curved surface. What is it?,It is a cone.,,
UNVERIFIABLE,v19|y5m-shape|curriculum|secure|lesson|3d shapes,y5m-shape,3D shapes,independentPractice[1],11,A shape has $4$ triangular faces. What is it?,It is a triangular pyramid.,,
UNVERIFIABLE,v19|y5m-shape|curriculum|secure|lesson|3d shapes,y5m-shape,3D shapes,independentPractice[2],11,Which shape has $6$ rectangular faces: a cuboid or a cylinder?,A cuboid.,,
UNVERIFIABLE,v19|y5m-converting-units|curriculum|secure|lesson|units of time,y5m-converting-units,Units of time,workedExample,10,Convert $4$ hours to minutes.,$4$ hours $= 240$ minutes,,
UNVERIFIABLE,v19|y5m-converting-units|curriculum|secure|lesson|units of time,y5m-converting-units,Units of time,tryThis,10,Convert $3$ hours to minutes.,"$3 \times 60 = 180$, so $3$ hours $= 180$ minutes.",,
UNVERIFIABLE,v19|y5m-converting-units|curriculum|secure|lesson|units of time,y5m-converting-units,Units of time,quickCheck,10,Convert $7$ hours to minutes.,"$7 \times 60 = 420$, so $7$ hours $= 420$ minutes.",,
UNVERIFIABLE,v19|y5m-converting-units|curriculum|secure|lesson|units of time,y5m-converting-units,Units of time,guidedPractice[0],10,Convert $2$ hours to minutes.,"$2 \times 60 = 120$, so $2$ hours $= 120$ minutes.",,
UNVERIFIABLE,v19|y5m-converting-units|curriculum|secure|lesson|units of time,y5m-converting-units,Units of time,guidedPractice[1],10,Convert $5$ hours to minutes.,"$5 \times 60 = 300$, so $5$ hours $= 300$ minutes.",,
UNVERIFIABLE,v19|y5m-converting-units|curriculum|secure|lesson|units of time,y5m-converting-units,Units of time,independentPractice[0],10,Convert $6$ hours to minutes.,"$6 \times 60 = 360$, so $6$ hours $= 360$ minutes.",,
UNVERIFIABLE,v19|y5m-converting-units|curriculum|secure|lesson|units of time,y5m-converting-units,Units of time,independentPractice[1],10,Convert $8$ hours to minutes.,"$8 \times 60 = 480$, so $8$ hours $= 480$ minutes.",,
UNVERIFIABLE,v19|y5m-converting-units|curriculum|secure|lesson|units of time,y5m-converting-units,Units of time,independentPractice[2],10,Convert $10$ hours to minutes.,"$10 \times 60 = 600$, so $10$ hours $= 600$ minutes.",,
UNVERIFIABLE,v19|y5m-add-subtract|curriculum|secure|lesson|multi-step addition and subtraction problems,y5m-add-subtract,Multi-step addition and subtraction problems,workedExample,9,"A school collected $2,468$ books in autumn and $1,759$ books in spring. It gave $1,386$ books to a local library. How many books did the school have left?","The school had $2,841$ books left.",,
UNVERIFIABLE,v19|y5m-add-subtract|curriculum|secure|lesson|multi-step addition and subtraction problems,y5m-add-subtract,Multi-step addition and subtraction problems,tryThis,9,"A theatre sold $1,875$ tickets on Friday and $2,346$ tickets on Saturday. It refunded $428$ tickets. How many tickets were not refunded?","$3,793$ tickets",,
UNVERIFIABLE,v19|y5m-add-subtract|curriculum|secure|lesson|multi-step addition and subtraction problems,y5m-add-subtract,Multi-step addition and subtraction problems,quickCheck,9,"Which calculation order is correct? A class collects $1,250$ stamps, then $875$ more stamps, and gives away $640$ stamps.","$1,250 + 875$, then subtract $640$.",,
UNVERIFIABLE,v19|y5m-add-subtract|curriculum|secure|lesson|multi-step addition and subtraction problems,y5m-add-subtract,Multi-step addition and subtraction problems,guidedPractice[0],9,"A shop received $3,245$ apples on Monday and $1,678$ on Tuesday. It sold $2,456$ apples. How many apples remained?","$2,467$ apples",,
UNVERIFIABLE,v19|y5m-add-subtract|curriculum|secure|lesson|multi-step addition and subtraction problems,y5m-add-subtract,Multi-step addition and subtraction problems,guidedPractice[1],9,"A museum had $4,326$ visitors in May and $2,589$ visitors in June. $1,247$ visitors were children. How many visitors were adults?","$5,668$ visitors",,
UNVERIFIABLE,v19|y5m-add-subtract|curriculum|secure|lesson|multi-step addition and subtraction problems,y5m-add-subtract,Multi-step addition and subtraction problems,independentPractice[0],9,"A charity raised $2,764$ at one event and $3,158$ at another event. It spent $1,895$ on supplies. How much money remained?","$4,027$",,
UNVERIFIABLE,v19|y5m-add-subtract|curriculum|secure|lesson|multi-step addition and subtraction problems,y5m-add-subtract,Multi-step addition and subtraction problems,independentPractice[1],9,"A library bought $1,946$ new books and received $2,875$ donated books. It gave away $1,638$ books. How many books did it keep?","$3,183$ books",,
UNVERIFIABLE,v19|y5m-add-subtract|curriculum|secure|lesson|multi-step addition and subtraction problems,y5m-add-subtract,Multi-step addition and subtraction problems,independentPractice[2],9,"A stadium had $5,438$ people enter through one gate and $2,679$ through another gate. $1,254$ people left early. How many people remained?","$6,863$ people",,
UNVERIFIABLE,v19|y5m-mult-div-a|curriculum|secure|lesson|factors and factor pairs,y5m-mult-div-a,Factors and factor pairs,workedExample,8,Find all the factor pairs of $36$.,36,,
UNVERIFIABLE,v19|y5m-mult-div-a|curriculum|secure|lesson|factors and factor pairs,y5m-mult-div-a,Factors and factor pairs,tryThis,8,Find all the factor pairs of $24$.,"$1 \times 24$, $2 \times 12$, $3 \times 8$, and $4 \times 6$.",,
UNVERIFIABLE,v19|y5m-mult-div-a|curriculum|secure|lesson|factors and factor pairs,y5m-mult-div-a,Factors and factor pairs,quickCheck,8,Is $6$ a factor of $42$? Explain using a multiplication fact.,"1, 2, 3, 6, 7, 14, 21, 42",,
UNVERIFIABLE,v19|y5m-mult-div-a|curriculum|secure|lesson|factors and factor pairs,y5m-mult-div-a,Factors and factor pairs,guidedPractice[0],8,Find all the factor pairs of $20$.,"$1 \times 20$, $2 \times 10$, and $4 \times 5$.",,
UNVERIFIABLE,v19|y5m-mult-div-a|curriculum|secure|lesson|factors and factor pairs,y5m-mult-div-a,Factors and factor pairs,guidedPractice[1],8,Find all the factor pairs of $30$.,"$1 \times 30$, $2 \times 15$, $3 \times 10$, and $5 \times 6$.",,
UNVERIFIABLE,v19|y5m-mult-div-a|curriculum|secure|lesson|factors and factor pairs,y5m-mult-div-a,Factors and factor pairs,independentPractice[0],8,Find all the factor pairs of $28$.,"$1 \times 28$, $2 \times 14$, and $4 \times 7$.",,
UNVERIFIABLE,v19|y5m-mult-div-a|curriculum|secure|lesson|factors and factor pairs,y5m-mult-div-a,Factors and factor pairs,independentPractice[1],8,Find all the factor pairs of $32$.,"$1 \times 32$, $2 \times 16$, and $4 \times 8$.",,
UNVERIFIABLE,v19|y5m-mult-div-a|curriculum|secure|lesson|factors and factor pairs,y5m-mult-div-a,Factors and factor pairs,independentPractice[2],8,Find all the factor pairs of $45$.,"$1 \times 45$, $3 \times 15$, and $5 \times 9$.",,
UNVERIFIABLE,v19|y5m-mult-div-a|curriculum|secure|lesson|prime numbers,y5m-mult-div-a,Prime numbers,workedExample,10,Is $29$ a prime number?,29,,
UNVERIFIABLE,v19|y5m-mult-div-a|curriculum|secure|lesson|prime numbers,y5m-mult-div-a,Prime numbers,tryThis,10,Is $31$ a prime number?,"Yes. Its only factors are $1$ and $31$, so $31$ is prime.",,
UNVERIFIABLE,v19|y5m-mult-div-a|curriculum|secure|lesson|prime numbers,y5m-mult-div-a,Prime numbers,quickCheck,10,"Which number is prime: $27$, $29$ or $33$?",$29$ is prime.,,
UNVERIFIABLE,v19|y5m-mult-div-a|curriculum|secure|lesson|prime numbers,y5m-mult-div-a,Prime numbers,guidedPractice[0],10,Is $17$ a prime number?,Yes. The only factors are $1$ and $17$.,,
UNVERIFIABLE,v19|y5m-mult-div-a|curriculum|secure|lesson|prime numbers,y5m-mult-div-a,Prime numbers,guidedPractice[1],10,Is $21$ a prime number?,"No. $3 \times 7 = 21$, so $21$ has more than two factors.",,
UNVERIFIABLE,v19|y5m-mult-div-a|curriculum|secure|lesson|prime numbers,y5m-mult-div-a,Prime numbers,independentPractice[0],10,Is $19$ a prime number?,Yes. Its only factors are $1$ and $19$.,,
UNVERIFIABLE,v19|y5m-mult-div-a|curriculum|secure|lesson|prime numbers,y5m-mult-div-a,Prime numbers,independentPractice[1],10,Is $25$ a prime number?,No. $5 \times 5 = 25$.,,
UNVERIFIABLE,v19|y5m-mult-div-a|curriculum|secure|lesson|prime numbers,y5m-mult-div-a,Prime numbers,independentPractice[2],10,Is $37$ a prime number?,Yes. Its only factors are $1$ and $37$.,,
UNVERIFIABLE,v19|y5m-mult-div-a|curriculum|secure|lesson|square numbers,y5m-mult-div-a,Square numbers,workedExample,10,Work out $12 \times 12$.,144,,
UNVERIFIABLE,v19|y5m-mult-div-a|curriculum|secure|lesson|square numbers,y5m-mult-div-a,Square numbers,tryThis,10,Work out $9 \times 9$.,"$9 \times 9 = 81$, so $81$ is a square number.",,
AGREE,v19|y5m-mult-div-a|curriculum|secure|lesson|square numbers,y5m-mult-div-a,Square numbers,quickCheck,10,Complete: $10 \times 10 = \square$.,100,100,place_value_shift
UNVERIFIABLE,v19|y5m-mult-div-a|curriculum|secure|lesson|square numbers,y5m-mult-div-a,Square numbers,guidedPractice[0],10,Work out $7 \times 7$.,$7 \times 7 = 49$,,
UNVERIFIABLE,v19|y5m-mult-div-a|curriculum|secure|lesson|square numbers,y5m-mult-div-a,Square numbers,guidedPractice[1],10,Is $64$ a square number?,Yes. $8 \times 8 = 64$.,,
UNVERIFIABLE,v19|y5m-mult-div-a|curriculum|secure|lesson|square numbers,y5m-mult-div-a,Square numbers,independentPractice[0],10,Work out $6 \times 6$.,$36$,,
UNVERIFIABLE,v19|y5m-mult-div-a|curriculum|secure|lesson|square numbers,y5m-mult-div-a,Square numbers,independentPractice[1],10,Work out $11 \times 11$.,$121$,,
UNVERIFIABLE,v19|y5m-mult-div-a|curriculum|secure|lesson|square numbers,y5m-mult-div-a,Square numbers,independentPractice[2],10,"Which is a square number: $45$, $49$, or $56$?","$49$, because $7 \times 7 = 49$.",,
UNVERIFIABLE,v19|y5m-converting-units|curriculum|secure|lesson|timetables and time problems,y5m-converting-units,Timetables and time problems,workedExample,10,A bus leaves Oak Street at $09{:}35$ and arrives at Town Centre at $10{:}20$. How long is the journey?,$45$ minutes,,
UNVERIFIABLE,v19|y5m-converting-units|curriculum|secure|lesson|timetables and time problems,y5m-converting-units,Timetables and time problems,tryThis,10,A bus leaves Oak Street at $10{:}05$ and arrives at Town Centre at $10{:}50$. How long is the journey?,$45$ minutes,,
UNVERIFIABLE,v19|y5m-converting-units|curriculum|secure|lesson|timetables and time problems,y5m-converting-units,Timetables and time problems,quickCheck,10,A tram leaves at $12{:}55$ and arrives at $13{:}10$. How long is the journey?,$15$ minutes,,
UNVERIFIABLE,v19|y5m-converting-units|curriculum|secure|lesson|timetables and time problems,y5m-converting-units,Timetables and time problems,guidedPractice[0],10,A train leaves at $11{:}45$ and arrives at $12{:}15$. How long is the journey?,$30$ minutes,,
UNVERIFIABLE,v19|y5m-converting-units|curriculum|secure|lesson|timetables and time problems,y5m-converting-units,Timetables and time problems,guidedPractice[1],10,A ferry leaves at $13{:}20$ and arrives at $14{:}05$. How long is the crossing?,$45$ minutes,,
UNVERIFIABLE,v19|y5m-converting-units|curriculum|secure|lesson|timetables and time problems,y5m-converting-units,Timetables and time problems,independentPractice[0],10,A bus leaves at $08{:}50$ and arrives at $09{:}25$. How long is the journey?,$35$ minutes,,
UNVERIFIABLE,v19|y5m-converting-units|curriculum|secure|lesson|timetables and time problems,y5m-converting-units,Timetables and time problems,independentPractice[1],10,A train leaves at $14{:}15$ and arrives at $15{:}00$. How long is the journey?,$45$ minutes,,
UNVERIFIABLE,v19|y5m-converting-units|curriculum|secure|lesson|timetables and time problems,y5m-converting-units,Timetables and time problems,independentPractice[2],10,A coach leaves at $16{:}40$ and arrives at $17{:}30$. How long is the journey?,$50$ minutes,,
AGREE,v19|y6m-place-value|curriculum|secure|lesson|negative numbers,y6m-place-value,Negative numbers,workedExample,10,Which number is greater: $-6$ or $-2$?,difference 4; greater -2,difference 4; greater -2,signed_number_line
AGREE,v19|y6m-place-value|curriculum|secure|lesson|negative numbers,y6m-place-value,Negative numbers,tryThis,10,Which number is greater: $-9$ or $-4$?,difference 5; greater -4,difference 5; greater -4,signed_number_line
AGREE,v19|y6m-place-value|curriculum|secure|lesson|negative numbers,y6m-place-value,Negative numbers,quickCheck,10,True or false: $-1$ is greater than $-6$.,difference 5; greater -1,difference 5; greater -1,signed_number_line
AGREE,v19|y6m-place-value|curriculum|secure|lesson|negative numbers,y6m-place-value,Negative numbers,guidedPractice[0],10,Which number is greater: $-5$ or $-1$?,difference 4; greater -1,difference 4; greater -1,signed_number_line
AGREE,v19|y6m-place-value|curriculum|secure|lesson|negative numbers,y6m-place-value,Negative numbers,guidedPractice[1],10,Which number is smaller: $-3$ or $-7$?,difference 4; greater -3,difference 4; greater -3,signed_number_line
AGREE,v19|y6m-place-value|curriculum|secure|lesson|negative numbers,y6m-place-value,Negative numbers,independentPractice[0],10,Which number is greater: $-12$ or $-8$?,difference 4; greater -8,difference 4; greater -8,signed_number_line
AGREE,v19|y6m-place-value|curriculum|secure|lesson|negative numbers,y6m-place-value,Negative numbers,independentPractice[1],10,Which number is smaller: $-4$ or $-10$?,difference 6; greater -4,difference 6; greater -4,signed_number_line
AGREE,v19|y6m-place-value|curriculum|secure|lesson|negative numbers,y6m-place-value,Negative numbers,independentPractice[2],10,"Put these numbers in order from smallest to greatest: $-2$, $-6$, $-4$.",difference 4; greater -2,difference 4; greater -2,signed_number_line
UNVERIFIABLE,v19|y6m-add-subtract|curriculum|secure|lesson|reason from known facts,y6m-add-subtract,Reason from known facts,workedExample,10,Use $24 + 35 = 59$ to work out $240 + 350$.,59,,
UNVERIFIABLE,v19|y6m-add-subtract|curriculum|secure|lesson|reason from known facts,y6m-add-subtract,Reason from known facts,tryThis,10,Use $46 + 23 = 69$ to work out $460 + 230$.,$460 + 230 = 690$,,
UNVERIFIABLE,v19|y6m-add-subtract|curriculum|secure|lesson|reason from known facts,y6m-add-subtract,Reason from known facts,quickCheck,10,"Use $12 + 47 = 59$ to work out $1,200 + 4,700$.","$1,200 + 4,700 = 5,900$",,
UNVERIFIABLE,v19|y6m-add-subtract|curriculum|secure|lesson|reason from known facts,y6m-add-subtract,Reason from known facts,guidedPractice[0],10,Use $31 + 26 = 57$ to work out $310 + 260$.,$310 + 260 = 570$,,
UNVERIFIABLE,v19|y6m-add-subtract|curriculum|secure|lesson|reason from known facts,y6m-add-subtract,Reason from known facts,guidedPractice[1],10,"Use $42 + 16 = 58$ to work out $4,200 + 1,600$.","$4,200 + 1,600 = 5,800$",,
UNVERIFIABLE,v19|y6m-add-subtract|curriculum|secure|lesson|reason from known facts,y6m-add-subtract,Reason from known facts,independentPractice[0],10,Use $27 + 34 = 61$ to work out $270 + 340$.,$270 + 340 = 610$,,
UNVERIFIABLE,v19|y6m-add-subtract|curriculum|secure|lesson|reason from known facts,y6m-add-subtract,Reason from known facts,independentPractice[1],10,"Use $53 + 18 = 71$ to work out $5,300 + 1,800$.","$5,300 + 1,800 = 7,100$",,
UNVERIFIABLE,v19|y6m-add-subtract|curriculum|secure|lesson|reason from known facts,y6m-add-subtract,Reason from known facts,independentPractice[2],10,Use $64 + 25 = 89$ to work out $640 + 250$.,$640 + 250 = 890$,,
UNVERIFIABLE,v19|y6m-add-subtract|curriculum|secure|lesson|prime numbers,y6m-add-subtract,Prime numbers,workedExample,10,Is $29$ a prime number?,$29$ is a prime number.,,
UNVERIFIABLE,v19|y6m-add-subtract|curriculum|secure|lesson|prime numbers,y6m-add-subtract,Prime numbers,tryThis,10,Is $31$ a prime number?,Yes. Its only factors are $1$ and $31$.,,
UNVERIFIABLE,v19|y6m-add-subtract|curriculum|secure|lesson|prime numbers,y6m-add-subtract,Prime numbers,quickCheck,10,"Which number is prime: $25$, $29$ or $35$?",$29$ is prime.,,
UNVERIFIABLE,v19|y6m-add-subtract|curriculum|secure|lesson|prime numbers,y6m-add-subtract,Prime numbers,guidedPractice[0],10,Is $17$ a prime number?,Yes. The only factors are $1$ and $17$.,,
UNVERIFIABLE,v19|y6m-add-subtract|curriculum|secure|lesson|prime numbers,y6m-add-subtract,Prime numbers,guidedPractice[1],10,Is $21$ a prime number?,"No. $3 \times 7 = 21$, so $21$ has more than $2$ factors.",,
UNVERIFIABLE,v19|y6m-add-subtract|curriculum|secure|lesson|prime numbers,y6m-add-subtract,Prime numbers,independentPractice[0],10,Is $13$ a prime number?,Yes. Its factors are $1$ and $13$.,,
UNVERIFIABLE,v19|y6m-add-subtract|curriculum|secure|lesson|prime numbers,y6m-add-subtract,Prime numbers,independentPractice[1],10,Is $27$ a prime number?,No. $3 \times 9 = 27$.,,
UNVERIFIABLE,v19|y6m-add-subtract|curriculum|secure|lesson|prime numbers,y6m-add-subtract,Prime numbers,independentPractice[2],10,Is $37$ a prime number?,Yes. Its factors are $1$ and $37$.,,
UNVERIFIABLE,v19|y6m-add-subtract|curriculum|secure|lesson|prime numbers,y6m-add-subtract,Prime numbers,independentPractice[3],10,Is $39$ a prime number?,No. $3 \times 13 = 39$.,,
UNVERIFIABLE,v19|y6m-mult-div|curriculum|secure|lesson|long division,y6m-mult-div,Long division,workedExample,10,$864 \div 4$,216,,
UNVERIFIABLE,v19|y6m-mult-div|curriculum|secure|lesson|long division,y6m-mult-div,Long division,tryThis,10,$936 \div 3$,$312$,,
UNVERIFIABLE,v19|y6m-mult-div|curriculum|secure|lesson|long division,y6m-mult-div,Long division,quickCheck,10,"In $864 \div 4$, after dividing $8 \div 4$, what should you do next?","Multiply $2 \times 4$, then subtract $8 - 8$.",,
UNVERIFIABLE,v19|y6m-mult-div|curriculum|secure|lesson|long division,y6m-mult-div,Long division,guidedPractice[0],10,$728 \div 4$,$182$,,
UNVERIFIABLE,v19|y6m-mult-div|curriculum|secure|lesson|long division,y6m-mult-div,Long division,guidedPractice[1],10,$975 \div 5$,$195$,,
UNVERIFIABLE,v19|y6m-mult-div|curriculum|secure|lesson|long division,y6m-mult-div,Long division,independentPractice[0],10,$648 \div 3$,$216$,,
UNVERIFIABLE,v19|y6m-mult-div|curriculum|secure|lesson|long division,y6m-mult-div,Long division,independentPractice[1],10,$852 \div 4$,$213$,,
UNVERIFIABLE,v19|y6m-mult-div|curriculum|secure|lesson|long division,y6m-mult-div,Long division,independentPractice[2],10,$936 \div 6$,$156$,,
UNVERIFIABLE,v19|y5m-volume|curriculum|secure|lesson|compare volume,y5m-volume,Compare volume,workedExample,23,Compare the volumes of cuboid A and cuboid B. Cuboid A has volume $48\text{ cm}^3$. Cuboid B has volume $56\text{ cm}^3$.,Cuboid B has the greater volume: $56\text{ cm}^3 > 48\text{ cm}^3$.,,
UNVERIFIABLE,v19|y5m-volume|curriculum|secure|lesson|compare volume,y5m-volume,Compare volume,tryThis,23,A box has volume $72\text{ cm}^3$. A crate has volume $67\text{ cm}^3$. Which has greater volume?,The box has greater volume because $72\text{ cm}^3 > 67\text{ cm}^3$.,,
UNVERIFIABLE,v19|y5m-volume|curriculum|secure|lesson|compare volume,y5m-volume,Compare volume,quickCheck,23,Which is greater: $125\text{ cm}^3$ or $152\text{ cm}^3$?,$152\text{ cm}^3$ is greater.,,
UNVERIFIABLE,v19|y5m-volume|curriculum|secure|lesson|compare volume,y5m-volume,Compare volume,guidedPractice[0],23,Compare $35\text{ cm}^3$ and $53\text{ cm}^3$.,$53\text{ cm}^3 > 35\text{ cm}^3$.,,
UNVERIFIABLE,v19|y5m-volume|curriculum|secure|lesson|compare volume,y5m-volume,Compare volume,guidedPractice[1],23,Container A holds $81\text{ cm}^3$. Container B holds $81\text{ cm}^3$. Compare their volumes.,"$81\text{ cm}^3 = 81\text{ cm}^3$, so the containers have equal volume.",,
UNVERIFIABLE,v19|y5m-volume|curriculum|secure|lesson|compare volume,y5m-volume,Compare volume,independentPractice[0],23,Compare $64\text{ cm}^3$ and $46\text{ cm}^3$.,$64\text{ cm}^3 > 46\text{ cm}^3$.,,
UNVERIFIABLE,v19|y5m-volume|curriculum|secure|lesson|compare volume,y5m-volume,Compare volume,independentPractice[1],23,A tank has volume $90\text{ cm}^3$. A box has volume $99\text{ cm}^3$. Which has greater volume?,The box has greater volume because $99\text{ cm}^3 > 90\text{ cm}^3$.,,
UNVERIFIABLE,v19|y5m-volume|curriculum|secure|lesson|compare volume,y5m-volume,Compare volume,independentPractice[2],23,Compare $108\text{ cm}^3$ and $180\text{ cm}^3$.,$108\text{ cm}^3 < 180\text{ cm}^3$.,,
AGREE,"v19|y5m-mult-div-a|curriculum|secure|lesson|multiply by 10, 100 and 1000",y5m-mult-div-a,"Multiply by 10, 100 and 1000",workedExample,10,$250 \times 1000$,250000,250000,place_value_shift
AGREE,"v19|y5m-mult-div-a|curriculum|secure|lesson|multiply by 10, 100 and 1000",y5m-mult-div-a,"Multiply by 10, 100 and 1000",tryThis,10,$43 \times 100$,4300,4300,place_value_shift
AGREE,"v19|y5m-mult-div-a|curriculum|secure|lesson|multiply by 10, 100 and 1000",y5m-mult-div-a,"Multiply by 10, 100 and 1000",quickCheck,10,$604 \times 100$,60400,60400,place_value_shift
AGREE,"v19|y5m-mult-div-a|curriculum|secure|lesson|multiply by 10, 100 and 1000",y5m-mult-div-a,"Multiply by 10, 100 and 1000",guidedPractice[0],10,$36 \times 10$,360,360,place_value_shift
AGREE,"v19|y5m-mult-div-a|curriculum|secure|lesson|multiply by 10, 100 and 1000",y5m-mult-div-a,"Multiply by 10, 100 and 1000",guidedPractice[1],10,$72 \times 100$,7200,7200,place_value_shift
AGREE,"v19|y5m-mult-div-a|curriculum|secure|lesson|multiply by 10, 100 and 1000",y5m-mult-div-a,"Multiply by 10, 100 and 1000",guidedPractice[2],10,$405 \times 1000$,405000,405000,place_value_shift
AGREE,"v19|y5m-mult-div-a|curriculum|secure|lesson|multiply by 10, 100 and 1000",y5m-mult-div-a,"Multiply by 10, 100 and 1000",independentPractice[0],10,$58 \times 10$,580,580,place_value_shift
AGREE,"v19|y5m-mult-div-a|curriculum|secure|lesson|multiply by 10, 100 and 1000",y5m-mult-div-a,"Multiply by 10, 100 and 1000",independentPractice[1],10,$126 \times 100$,12600,12600,place_value_shift
AGREE,"v19|y5m-mult-div-a|curriculum|secure|lesson|multiply by 10, 100 and 1000",y5m-mult-div-a,"Multiply by 10, 100 and 1000",independentPractice[2],10,$307 \times 1000$,307000,307000,place_value_shift
AGREE,"v19|y5m-mult-div-a|curriculum|secure|lesson|multiply by 10, 100 and 1000",y5m-mult-div-a,"Multiply by 10, 100 and 1000",independentPractice[3],10,$90 \times 1000$,90000,90000,place_value_shift
UNVERIFIABLE,v19|y5m-mult-div-b|curriculum|secure|lesson|multiply 3-digit and 4-digit by 2-digit,y5m-mult-div-b,Multiply 3-digit and 4-digit by 2-digit,workedExample,10,$324 \times 16$,5184,,
UNVERIFIABLE,v19|y5m-mult-div-b|curriculum|secure|lesson|multiply 3-digit and 4-digit by 2-digit,y5m-mult-div-b,Multiply 3-digit and 4-digit by 2-digit,tryThis,10,$243 \times 12$,$2916$,,
UNVERIFIABLE,v19|y5m-mult-div-b|curriculum|secure|lesson|multiply 3-digit and 4-digit by 2-digit,y5m-mult-div-b,Multiply 3-digit and 4-digit by 2-digit,quickCheck,10,"In $437 \times 25$, what does the $2$ represent?","The $2$ represents $2$ tens, which is $20$.",,
UNVERIFIABLE,v19|y5m-mult-div-b|curriculum|secure|lesson|multiply 3-digit and 4-digit by 2-digit,y5m-mult-div-b,Multiply 3-digit and 4-digit by 2-digit,guidedPractice[0],10,$132 \times 14$,$1848$,,
UNVERIFIABLE,v19|y5m-mult-div-b|curriculum|secure|lesson|multiply 3-digit and 4-digit by 2-digit,y5m-mult-div-b,Multiply 3-digit and 4-digit by 2-digit,guidedPractice[1],10,$426 \times 13$,$5538$,,
UNVERIFIABLE,v19|y5m-mult-div-b|curriculum|secure|lesson|multiply 3-digit and 4-digit by 2-digit,y5m-mult-div-b,Multiply 3-digit and 4-digit by 2-digit,independentPractice[0],10,$215 \times 23$,$4945$,,
UNVERIFIABLE,v19|y5m-mult-div-b|curriculum|secure|lesson|multiply 3-digit and 4-digit by 2-digit,y5m-mult-div-b,Multiply 3-digit and 4-digit by 2-digit,independentPractice[1],10,$348 \times 21$,$7308$,,
UNVERIFIABLE,v19|y5m-mult-div-b|curriculum|secure|lesson|multiply 3-digit and 4-digit by 2-digit,y5m-mult-div-b,Multiply 3-digit and 4-digit by 2-digit,independentPractice[2],10,$1234 \times 12$,$14808$,,
UNVERIFIABLE,"v19|y6m-place-value|curriculum|secure|lesson|numbers to 10,000,000",y6m-place-value,"Numbers to 10,000,000",workedExample,10,"Write $6,304,072$ in words.","$6,304,072$ is six million, three hundred and four thousand and seventy-two.",,
UNVERIFIABLE,"v19|y6m-place-value|curriculum|secure|lesson|numbers to 10,000,000",y6m-place-value,"Numbers to 10,000,000",tryThis,10,"Write $4,020,506$ in words.","$4,020,506$ is four million, twenty thousand and five hundred and six.",,
UNVERIFIABLE,"v19|y6m-place-value|curriculum|secure|lesson|numbers to 10,000,000",y6m-place-value,"Numbers to 10,000,000",quickCheck,10,"What is the value of the digit $5$ in $5,406,218$?","$5,000,000$",,
UNVERIFIABLE,"v19|y6m-place-value|curriculum|secure|lesson|numbers to 10,000,000",y6m-place-value,"Numbers to 10,000,000",guidedPractice[0],10,"Write $2,507,041$ in words.","$2,507,041$ is two million, five hundred and seven thousand and forty-one.",,
UNVERIFIABLE,"v19|y6m-place-value|curriculum|secure|lesson|numbers to 10,000,000",y6m-place-value,"Numbers to 10,000,000",guidedPractice[1],10,"Write six million, forty thousand and nine in digits.","$6,040,009$",,
UNVERIFIABLE,"v19|y6m-place-value|curriculum|secure|lesson|numbers to 10,000,000",y6m-place-value,"Numbers to 10,000,000",independentPractice[0],10,"Write $8,190,305$ in words.","$8,190,305$ is eight million, one hundred and ninety thousand and three hundred and five.",,
UNVERIFIABLE,"v19|y6m-place-value|curriculum|secure|lesson|numbers to 10,000,000",y6m-place-value,"Numbers to 10,000,000",independentPractice[1],10,"Write three million, six hundred and two thousand and eighty in digits.","$3,602,080$",,
UNVERIFIABLE,"v19|y6m-place-value|curriculum|secure|lesson|numbers to 10,000,000",y6m-place-value,"Numbers to 10,000,000",independentPractice[2],10,"Write $9,000,017$ in words.","$9,000,017$ is nine million and seventeen.",,
UNVERIFIABLE,"v19|y6m-place-value|curriculum|secure|lesson|read, write and compare numbers to 10,000,000",y6m-place-value,"Read, write and compare numbers to 10,000,000",workedExample,10,"Write $6,407,215$ in words and compare it with $6,470,215$.","$6,407,215$ is six million, four hundred and seven thousand, two hundred and fifteen, and $6,407,215 < 6,470,215$.",,
UNVERIFIABLE,"v19|y6m-place-value|curriculum|secure|lesson|read, write and compare numbers to 10,000,000",y6m-place-value,"Read, write and compare numbers to 10,000,000",tryThis,10,"Write $8,035,409$ in words and compare it with $8,053,409$.","$8,035,409$ is eight million, thirty-five thousand, four hundred and nine. $8,035,409 < 8,053,409$.",,
UNVERIFIABLE,"v19|y6m-place-value|curriculum|secure|lesson|read, write and compare numbers to 10,000,000",y6m-place-value,"Read, write and compare numbers to 10,000,000",quickCheck,10,"Which number is greater: $9,120,300$ or $9,102,300$?","$9,120,300$ is greater because $2$ ten thousands is greater than $0$ ten thousands.",,
UNVERIFIABLE,"v19|y6m-place-value|curriculum|secure|lesson|read, write and compare numbers to 10,000,000",y6m-place-value,"Read, write and compare numbers to 10,000,000",guidedPractice[0],10,"Write $3,206,018$ in words.","three million, two hundred and six thousand and eighteen",,
UNVERIFIABLE,"v19|y6m-place-value|curriculum|secure|lesson|read, write and compare numbers to 10,000,000",y6m-place-value,"Read, write and compare numbers to 10,000,000",guidedPractice[1],10,"Choose the correct symbol: $7,120,450$ __ $7,102,450$.","$7,120,450 > 7,102,450$",,
UNVERIFIABLE,"v19|y6m-place-value|curriculum|secure|lesson|read, write and compare numbers to 10,000,000",y6m-place-value,"Read, write and compare numbers to 10,000,000",independentPractice[0],10,"Write $9,004,070$ in words.","nine million, four thousand and seventy",,
UNVERIFIABLE,"v19|y6m-place-value|curriculum|secure|lesson|read, write and compare numbers to 10,000,000",y6m-place-value,"Read, write and compare numbers to 10,000,000",independentPractice[1],10,"Write two million, three hundred and forty thousand, six hundred and five as a number.","$2,340,605$",,
UNVERIFIABLE,"v19|y6m-place-value|curriculum|secure|lesson|read, write and compare numbers to 10,000,000",y6m-place-value,"Read, write and compare numbers to 10,000,000",independentPractice[2],10,"Choose the correct symbol: $5,678,901$ __ $5,687,901$.","$5,678,901 < 5,687,901$",,
UNVERIFIABLE,v19|y5m-mult-div-b|curriculum|secure|lesson|division with remainders,y5m-mult-div-b,Division with remainders,workedExample,10,$47 \div 6$,7 r 5,,
UNVERIFIABLE,v19|y5m-mult-div-b|curriculum|secure|lesson|division with remainders,y5m-mult-div-b,Division with remainders,tryThis,10,$58 \div 7$,$58 \div 7 = 8\text{ r }2$,,
UNVERIFIABLE,v19|y5m-mult-div-b|curriculum|secure|lesson|division with remainders,y5m-mult-div-b,Division with remainders,quickCheck,10,Is $39 \div 5 = 7\text{ r }4$ correct?,"Yes, because $5 \times 7 + 4 = 35 + 4 = 39$ and $4 < 5$.",,
UNVERIFIABLE,v19|y5m-mult-div-b|curriculum|secure|lesson|division with remainders,y5m-mult-div-b,Division with remainders,guidedPractice[0],10,$53 \div 8$,$53 \div 8 = 6\text{ r }5$,,
UNVERIFIABLE,v19|y5m-mult-div-b|curriculum|secure|lesson|division with remainders,y5m-mult-div-b,Division with remainders,guidedPractice[1],10,$74 \div 9$,$74 \div 9 = 8\text{ r }2$,,
UNVERIFIABLE,v19|y5m-mult-div-b|curriculum|secure|lesson|division with remainders,y5m-mult-div-b,Division with remainders,independentPractice[0],10,$65 \div 7$,$65 \div 7 = 9\text{ r }2$,,
UNVERIFIABLE,v19|y5m-mult-div-b|curriculum|secure|lesson|division with remainders,y5m-mult-div-b,Division with remainders,independentPractice[1],10,$86 \div 8$,$86 \div 8 = 10\text{ r }6$,,
UNVERIFIABLE,v19|y5m-mult-div-b|curriculum|secure|lesson|division with remainders,y5m-mult-div-b,Division with remainders,independentPractice[2],10,$97 \div 6$,$97 \div 6 = 16\text{ r }1$,,
UNVERIFIABLE,v19|y5m-decimals-percentages|curriculum|secure|lesson|thousandths,y5m-decimals-percentages,Thousandths,workedExample,10,What is the value of the digit $6$ in $2.468$?,"The digit $6$ has a value of $0.06$, or six hundredths.",,
UNVERIFIABLE,v19|y5m-decimals-percentages|curriculum|secure|lesson|thousandths,y5m-decimals-percentages,Thousandths,tryThis,10,What is the value of the digit $5$ in $3.125$?,"The digit $5$ is worth $0.005$, or five thousandths.",,
AGREE,v19|y5m-decimals-percentages|curriculum|secure|lesson|thousandths,y5m-decimals-percentages,Thousandths,quickCheck,10,What does the digit $2$ represent in $5.182$?,182,182,place_value_chart
UNVERIFIABLE,v19|y5m-decimals-percentages|curriculum|secure|lesson|thousandths,y5m-decimals-percentages,Thousandths,guidedPractice[0],10,What is the value of the digit $9$ in $4.239$?,"The digit $9$ is worth $0.009$, or nine thousandths.",,
UNVERIFIABLE,v19|y5m-decimals-percentages|curriculum|secure|lesson|thousandths,y5m-decimals-percentages,Thousandths,guidedPractice[1],10,Which digit is in the thousandths place in $6.571$?,The digit $1$ is in the thousandths place.,,
UNVERIFIABLE,v19|y5m-decimals-percentages|curriculum|secure|lesson|thousandths,y5m-decimals-percentages,Thousandths,guidedPractice[2],10,Write seven thousandths as a decimal.,$0.007$,,
UNVERIFIABLE,v19|y5m-decimals-percentages|curriculum|secure|lesson|thousandths,y5m-decimals-percentages,Thousandths,independentPractice[0],10,What is the value of the digit $4$ in $8.624$?,$0.004$,,
UNVERIFIABLE,v19|y5m-decimals-percentages|curriculum|secure|lesson|thousandths,y5m-decimals-percentages,Thousandths,independentPractice[1],10,Which digit is in the thousandths place in $1.983$?,$3$,,
UNVERIFIABLE,v19|y5m-decimals-percentages|curriculum|secure|lesson|thousandths,y5m-decimals-percentages,Thousandths,independentPractice[2],10,Write twenty-five thousandths as a decimal.,$0.025$,,
AGREE,v19|y5m-decimals-percentages|curriculum|secure|lesson|thousandths,y5m-decimals-percentages,Thousandths,independentPractice[3],10,Write $0.709$ in words using thousandths.,709,709,place_value_chart
AGREE,v19|y5m-decimals-percentages|curriculum|secure|lesson|compare and order decimals,y5m-decimals-percentages,Compare and order decimals,workedExample,10,"Order $0.7$, $0.65$, $0.72$ and $0.6$ from smallest to largest.","$0.6$, $0.65$, $0.7$, $0.72$","0.6, 0.65, 0.7, 0.72",fdp_equivalence
AGREE,v19|y5m-decimals-percentages|curriculum|secure|lesson|compare and order decimals,y5m-decimals-percentages,Compare and order decimals,tryThis,10,"Order $1.08$, $1.8$, $1.18$ and $1.09$ from smallest to largest.","$1.08$, $1.09$, $1.18$, $1.8$","1.08, 1.09, 1.18, 1.8",fdp_equivalence
UNVERIFIABLE,v19|y5m-decimals-percentages|curriculum|secure|lesson|compare and order decimals,y5m-decimals-percentages,Compare and order decimals,quickCheck,10,"Put $<$, $>$ or $=$: $0.36$ $\square$ $0.306$.",$0.36 > 0.306$,,
UNVERIFIABLE,v19|y5m-decimals-percentages|curriculum|secure|lesson|compare and order decimals,y5m-decimals-percentages,Compare and order decimals,guidedPractice[0],10,Which is greater: $0.48$ or $0.5$?,$0.5 > 0.48$,,
AGREE,v19|y5m-decimals-percentages|curriculum|secure|lesson|compare and order decimals,y5m-decimals-percentages,Compare and order decimals,guidedPractice[1],10,"Order $2.04$, $2.4$ and $2.14$ from smallest to largest.",$2.04 < 2.14 < 2.4$,"2.04, 2.14, 2.4",fdp_equivalence
UNVERIFIABLE,v19|y5m-decimals-percentages|curriculum|secure|lesson|compare and order decimals,y5m-decimals-percentages,Compare and order decimals,independentPractice[0],10,Which is smaller: $3.26$ or $3.62$?,$3.26$,,
AGREE,v19|y5m-decimals-percentages|curriculum|secure|lesson|compare and order decimals,y5m-decimals-percentages,Compare and order decimals,independentPractice[1],10,"Order $0.91$, $0.19$, $0.9$ and $0.99$ from smallest to largest.",$0.19 < 0.9 < 0.91 < 0.99$,"0.19, 0.9, 0.91, 0.99",fdp_equivalence
AGREE,v19|y5m-decimals-percentages|curriculum|secure|lesson|compare and order decimals,y5m-decimals-percentages,Compare and order decimals,independentPractice[2],10,"Order $4.07$, $4.7$, $4.17$ and $4.70$ from greatest to smallest.",$4.7 = 4.70 > 4.17 > 4.07$,"4.07, 4.17, 4.7, 4.70",fdp_equivalence
UNVERIFIABLE,v19|y5m-decimals-percentages|curriculum|secure|lesson|understand percentages,y5m-decimals-percentages,Understand percentages,workedExample,10,A hundred square has $35$ shaded small squares. What percentage is shaded?,35,,
UNVERIFIABLE,v19|y5m-decimals-percentages|curriculum|secure|lesson|understand percentages,y5m-decimals-percentages,Understand percentages,tryThis,10,A hundred square has $62$ shaded squares. What percentage is shaded?,$62\%$,,
UNVERIFIABLE,v19|y5m-decimals-percentages|curriculum|secure|lesson|understand percentages,y5m-decimals-percentages,Understand percentages,quickCheck,10,What does $100\%$ mean?,"It means $100$ out of $100$, which is the whole amount.",,
UNVERIFIABLE,v19|y5m-decimals-percentages|curriculum|secure|lesson|understand percentages,y5m-decimals-percentages,Understand percentages,guidedPractice[0],10,A hundred square has $18$ shaded squares. What percentage is shaded?,$18\%$,,
UNVERIFIABLE,v19|y5m-decimals-percentages|curriculum|secure|lesson|understand percentages,y5m-decimals-percentages,Understand percentages,guidedPractice[1],10,What fraction out of $100$ is the same as $47\%$?,$\frac{47}{100}$,,
AGREE,v19|y5m-decimals-percentages|curriculum|secure|lesson|understand percentages,y5m-decimals-percentages,Understand percentages,guidedPractice[2],10,Which decimal shows the same amount as $60\%$?,60,60,place_value_chart
UNVERIFIABLE,v19|y5m-decimals-percentages|curriculum|secure|lesson|understand percentages,y5m-decimals-percentages,Understand percentages,independentPractice[0],10,A hundred square has $9$ shaded squares. What percentage is shaded?,$9\%$,,
AGREE,v19|y5m-decimals-percentages|curriculum|secure|lesson|understand percentages,y5m-decimals-percentages,Understand percentages,independentPractice[1],10,Write $84\%$ as a fraction with denominator $100$.,84,84,place_value_chart
AGREE,v19|y5m-decimals-percentages|curriculum|secure|lesson|understand percentages,y5m-decimals-percentages,Understand percentages,independentPractice[2],10,Write $0.25$ as a percentage.,25,25,place_value_chart
AGREE,v19|y5m-decimals-percentages|curriculum|secure|lesson|understand percentages,y5m-decimals-percentages,Understand percentages,independentPractice[3],10,Complete: $\frac{71}{100} = 0.71 = \underline{\hspace{1cm}}\%$.,0.71,0.71,place_value_shift
UNVERIFIABLE,v19|y5m-statistics|curriculum|secure|lesson|two-way tables,y5m-statistics,Two-way tables,workedExample,10,A class chose a fruit snack. How many boys chose apples?,$8$ boys chose apples.,,
UNVERIFIABLE,v19|y5m-statistics|curriculum|secure|lesson|two-way tables,y5m-statistics,Two-way tables,tryThis,10,"Using the fruit table, how many girls chose bananas?",$9$ girls chose bananas.,,
UNVERIFIABLE,v19|y5m-statistics|curriculum|secure|lesson|two-way tables,y5m-statistics,Two-way tables,quickCheck,10,"In a two-way table, which number answers a question about two categories?",The number where the correct row and column meet.,,
UNVERIFIABLE,v19|y5m-statistics|curriculum|secure|lesson|two-way tables,y5m-statistics,Two-way tables,guidedPractice[0],10,"Using the fruit table, how many girls chose apples?",$7$ girls chose apples.,,
UNVERIFIABLE,v19|y5m-statistics|curriculum|secure|lesson|two-way tables,y5m-statistics,Two-way tables,guidedPractice[1],10,"Using the fruit table, how many pupils chose bananas?",$15$ pupils chose bananas.,,
AGREE,v19|y5m-statistics|curriculum|secure|lesson|two-way tables,y5m-statistics,Two-way tables,independentPractice[0],10,A two-way table shows $12$ children cycle to school and $9$ children walk to school. How many children are shown altogether?,12,12,place_value_chart
UNVERIFIABLE,v19|y5m-statistics|curriculum|secure|lesson|two-way tables,y5m-statistics,Two-way tables,independentPractice[1],10,"In a two-way table, the Music row and the Year $6$ column meet at $11$. What does $11$ mean?",$11$ Year $6$ pupils chose Music.,,
UNVERIFIABLE,v19|y5m-statistics|curriculum|secure|lesson|timetables,y5m-statistics,Timetables,workedExample,10,How long does the bus take from Oak Street to Town Centre on the journey leaving Oak Street at $09{:}35$?,The bus takes $30$ minutes.,,
UNVERIFIABLE,v19|y5m-statistics|curriculum|secure|lesson|timetables,y5m-statistics,Timetables,tryThis,10,"Using the timetable, how long does Journey $3$ take from Oak Street at $10{:}00$ to Town Centre at $10{:}30$?",$30$ minutes,,
UNVERIFIABLE,v19|y5m-statistics|curriculum|secure|lesson|timetables,y5m-statistics,Timetables,quickCheck,10,A train leaves at $14{:}45$ and arrives at $15{:}10$. How long is the journey?,$25$ minutes,,
UNVERIFIABLE,v19|y5m-statistics|curriculum|secure|lesson|timetables,y5m-statistics,Timetables,guidedPractice[0],10,"Using the timetable, how long does Journey $1$ take from Oak Street at $09{:}10$ to Library at $09{:}18$?",$8$ minutes,,
UNVERIFIABLE,v19|y5m-statistics|curriculum|secure|lesson|timetables,y5m-statistics,Timetables,guidedPractice[1],10,"Using the timetable, what time does Journey $2$ arrive at the Library?",$09{:}43$,,
UNVERIFIABLE,v19|y5m-statistics|curriculum|secure|lesson|timetables,y5m-statistics,Timetables,independentPractice[0],10,"Using the timetable, how long does Journey $1$ take from Library at $09{:}18$ to Town Centre at $09{:}40$?",$22$ minutes,,
UNVERIFIABLE,v19|y5m-statistics|curriculum|secure|lesson|timetables,y5m-statistics,Timetables,independentPractice[1],10,"Using the timetable, what time does Journey $3$ arrive at Town Centre?",$10{:}30$,,
UNVERIFIABLE,v19|y5m-statistics|curriculum|secure|lesson|timetables,y5m-statistics,Timetables,independentPractice[2],10,"Using the timetable, how long does Journey $2$ take from Oak Street at $09{:}35$ to Library at $09{:}43$?",$8$ minutes,,
AGREE,v19|y5m-shape|curriculum|secure|lesson|calculate missing angles,y5m-shape,Calculate missing angles,workedExample,23,"Calculate the missing angle $x$ in a triangle with angles $48°$, $67°$ and $x$.",65°,65°,angle_diagram
UNVERIFIABLE,v19|y5m-shape|curriculum|secure|lesson|calculate missing angles,y5m-shape,Calculate missing angles,tryThis,23,"A triangle has angles of $52°$, $74°$ and $y$. Calculate $y$.",$y = 54°$,,
UNVERIFIABLE,v19|y5m-shape|curriculum|secure|lesson|calculate missing angles,y5m-shape,Calculate missing angles,quickCheck,23,"A triangle has angles of $56°$, $69°$ and $m$. Calculate $m$.",$m = 55°$,,
UNVERIFIABLE,v19|y5m-shape|curriculum|secure|lesson|calculate missing angles,y5m-shape,Calculate missing angles,guidedPractice[0],23,"A triangle has angles of $39°$, $81°$ and $a$. Calculate $a$.",$a = 60°$,,
UNVERIFIABLE,v19|y5m-shape|curriculum|secure|lesson|calculate missing angles,y5m-shape,Calculate missing angles,guidedPractice[1],23,"A triangle has angles of $90°$, $36°$ and $b$. Calculate $b$.",$b = 54°$,,
UNVERIFIABLE,v19|y5m-shape|curriculum|secure|lesson|calculate missing angles,y5m-shape,Calculate missing angles,independentPractice[0],23,"A triangle has angles of $45°$, $58°$ and $c$. Calculate $c$.",$c = 77°$,,
UNVERIFIABLE,v19|y5m-shape|curriculum|secure|lesson|calculate missing angles,y5m-shape,Calculate missing angles,independentPractice[1],23,"A triangle has angles of $72°$, $63°$ and $d$. Calculate $d$.",$d = 45°$,,
UNVERIFIABLE,v19|y5m-shape|curriculum|secure|lesson|calculate missing angles,y5m-shape,Calculate missing angles,independentPractice[2],23,"A triangle has angles of $101°$, $34°$ and $e$. Calculate $e$.",$e = 45°$,,
AGREE,v19|y5m-position-direction|curriculum|secure|lesson|translation,y5m-position-direction,Translation,workedExample,23,"Triangle $ABC$ has vertices $A(1,1)$, $B(3,1)$ and $C(2,3)$. Translate it $4$ squares right and $2$ squares up.","A′=(5,3), B′=(7,3), C′=(6,5)","A′=(5,3), B′=(7,3), C′=(6,5)",coordinate_plot
AGREE,v19|y5m-position-direction|curriculum|secure|lesson|translation,y5m-position-direction,Translation,tryThis,23,"Point $P(2,4)$ is translated $3$ squares left and $1$ square down. What are the coordinates of $P'$?","(-1,3)","(-1,3)",coordinate_plot
AGREE,v19|y5m-position-direction|curriculum|secure|lesson|translation,y5m-position-direction,Translation,quickCheck,23,"Point $Q(4,3)$ moves $2$ squares right and $5$ squares down. What are the coordinates of $Q'$?","(2,-5)","(2,-5)",coordinate_plot
AGREE,v19|y5m-position-direction|curriculum|secure|lesson|translation,y5m-position-direction,Translation,guidedPractice[0],23,"Point $D(2,5)$ is translated $3$ squares right and $2$ squares down. Find $D'$.","(5,3)","(5,3)",coordinate_plot
AGREE,v19|y5m-position-direction|curriculum|secure|lesson|translation,y5m-position-direction,Translation,guidedPractice[1],23,"Triangle $EFG$ has vertices $E(1,2)$, $F(3,2)$ and $G(2,4)$. Translate it $2$ squares left and $1$ square up.","E′=(-1,3), F′=(1,3), G′=(0,5)","E′=(-1,3), F′=(1,3), G′=(0,5)",coordinate_plot
AGREE,v19|y5m-position-direction|curriculum|secure|lesson|translation,y5m-position-direction,Translation,independentPractice[0],23,"Point $H(6,2)$ is translated $4$ squares left and $3$ squares up. Find $H'$.","(2,5)","(2,5)",coordinate_plot
AGREE,v19|y5m-position-direction|curriculum|secure|lesson|translation,y5m-position-direction,Translation,independentPractice[1],23,"Triangle $JKL$ has vertices $J(2,1)$, $K(5,1)$ and $L(3,3)$. Translate it $1$ square right and $4$ squares up.","J′=(3,5), K′=(6,5), L′=(4,7)","J′=(3,5), K′=(6,5), L′=(4,7)",coordinate_plot
AGREE,v19|y5m-position-direction|curriculum|secure|lesson|translation,y5m-position-direction,Translation,independentPractice[2],23,"Rectangle $MNOP$ has vertices $M(1,1)$, $N(4,1)$, $O(4,3)$ and $P(1,3)$. Translate it $2$ squares right and $2$ squares down.","M′=(3,-1), N′=(6,-1), O′=(6,1), P′=(3,1)","M′=(3,-1), N′=(6,-1), O′=(6,1), P′=(3,1)",coordinate_plot
UNVERIFIABLE,v19|y5m-converting-units|curriculum|secure|lesson|imperial units,y5m-converting-units,Imperial units,workedExample,10,Convert $15$ feet into yards.,$15$ feet $=$ $5$ yards.,,
UNVERIFIABLE,v19|y5m-converting-units|curriculum|secure|lesson|imperial units,y5m-converting-units,Imperial units,tryThis,10,Convert $24$ feet into yards.,"$24 \div 3 = 8$, so $24$ feet $=$ $8$ yards.",,
UNVERIFIABLE,v19|y5m-converting-units|curriculum|secure|lesson|imperial units,y5m-converting-units,Imperial units,quickCheck,10,A rope is $27$ feet long. How many yards long is it?,"$27 \div 3 = 9$, so the rope is $9$ yards long.",,
UNVERIFIABLE,v19|y5m-converting-units|curriculum|secure|lesson|imperial units,y5m-converting-units,Imperial units,guidedPractice[0],10,Convert $9$ feet into yards.,"$9 \div 3 = 3$, so $9$ feet $=$ $3$ yards.",,
UNVERIFIABLE,v19|y5m-converting-units|curriculum|secure|lesson|imperial units,y5m-converting-units,Imperial units,guidedPractice[1],10,Convert $18$ feet into yards.,"$18 \div 3 = 6$, so $18$ feet $=$ $6$ yards.",,
UNVERIFIABLE,v19|y5m-converting-units|curriculum|secure|lesson|imperial units,y5m-converting-units,Imperial units,independentPractice[0],10,Convert $12$ feet into yards.,"$12 \div 3 = 4$, so $12$ feet $=$ $4$ yards.",,
UNVERIFIABLE,v19|y5m-converting-units|curriculum|secure|lesson|imperial units,y5m-converting-units,Imperial units,independentPractice[1],10,Convert $21$ feet into yards.,"$21 \div 3 = 7$, so $21$ feet $=$ $7$ yards.",,
UNVERIFIABLE,v19|y5m-converting-units|curriculum|secure|lesson|imperial units,y5m-converting-units,Imperial units,independentPractice[2],10,Convert $30$ feet into yards.,"$30 \div 3 = 10$, so $30$ feet $=$ $10$ yards.",,
UNVERIFIABLE,v19|y6m-place-value|curriculum|secure|lesson|place value of each digit,y6m-place-value,Place value of each digit,workedExample,10,"What is the value of the digit $7$ in $472,651$?","472,651",,
UNVERIFIABLE,v19|y6m-place-value|curriculum|secure|lesson|place value of each digit,y6m-place-value,Place value of each digit,tryThis,10,"What is the value of the digit $3$ in $538,214$?","The digit $3$ has a value of $30,000$.",,
UNVERIFIABLE,v19|y6m-place-value|curriculum|secure|lesson|place value of each digit,y6m-place-value,Place value of each digit,quickCheck,10,"What is the value of the digit $5$ in $125,643$?","The digit $5$ has a value of $5,000$.",,
UNVERIFIABLE,v19|y6m-place-value|curriculum|secure|lesson|place value of each digit,y6m-place-value,Place value of each digit,guidedPractice[0],10,"What is the value of the digit $8$ in $186,429$?","The digit $8$ has a value of $80,000$.",,
UNVERIFIABLE,v19|y6m-place-value|curriculum|secure|lesson|place value of each digit,y6m-place-value,Place value of each digit,guidedPractice[1],10,"What is the value of the digit $4$ in $263,471$?",The digit $4$ has a value of $400$.,,
UNVERIFIABLE,v19|y6m-place-value|curriculum|secure|lesson|place value of each digit,y6m-place-value,Place value of each digit,independentPractice[0],10,"What is the value of the digit $9$ in $591,263$?","The digit $9$ has a value of $90,000$.",,
UNVERIFIABLE,v19|y6m-place-value|curriculum|secure|lesson|place value of each digit,y6m-place-value,Place value of each digit,independentPractice[1],10,"What is the value of the digit $2$ in $742,815$?","The digit $2$ has a value of $2,000$.",,
UNVERIFIABLE,v19|y6m-place-value|curriculum|secure|lesson|place value of each digit,y6m-place-value,Place value of each digit,independentPractice[2],10,"What is the value of the digit $6$ in $316,504$?","The digit $6$ has a value of $6,000$.",,
UNVERIFIABLE,v19|y5m-add-subtract|curriculum|secure|lesson|inverse operations,y5m-add-subtract,Inverse operations,workedExample,10,$468 + 257$,725,,
UNVERIFIABLE,v19|y5m-add-subtract|curriculum|secure|lesson|inverse operations,y5m-add-subtract,Inverse operations,tryThis,10,Check whether $346 + 189 = 535$ using an inverse operation.,"$535 - 189 = 346$, so $346 + 189 = 535$ is correct.",,
UNVERIFIABLE,v19|y5m-add-subtract|curriculum|secure|lesson|inverse operations,y5m-add-subtract,Inverse operations,quickCheck,10,Which calculation checks $129 + 364 = 493$: $493 - 364$ or $364 - 493$?,"$493 - 364$, because subtraction starts with the total.",,
UNVERIFIABLE,v19|y5m-add-subtract|curriculum|secure|lesson|inverse operations,y5m-add-subtract,Inverse operations,guidedPractice[0],10,Check $324 + 158 = 482$ using subtraction.,"$482 - 158 = 324$, so the addition is correct.",,
UNVERIFIABLE,v19|y5m-add-subtract|curriculum|secure|lesson|inverse operations,y5m-add-subtract,Inverse operations,guidedPractice[1],10,Check $563 + 276 = 839$ using subtraction.,"$839 - 276 = 563$, so the addition is correct.",,
UNVERIFIABLE,v19|y5m-add-subtract|curriculum|secure|lesson|inverse operations,y5m-add-subtract,Inverse operations,independentPractice[0],10,Check $417 + 265 = 682$ using an inverse operation.,"$682 - 265 = 417$, so the addition is correct.",,
UNVERIFIABLE,v19|y5m-add-subtract|curriculum|secure|lesson|inverse operations,y5m-add-subtract,Inverse operations,independentPractice[1],10,Check $538 + 194 = 732$ using an inverse operation.,"$732 - 194 = 538$, so the addition is correct.",,
UNVERIFIABLE,v19|y5m-add-subtract|curriculum|secure|lesson|inverse operations,y5m-add-subtract,Inverse operations,independentPractice[2],10,Check $286 + 347 = 633$ using an inverse operation.,"$633 - 347 = 286$, so the addition is correct.",,
UNVERIFIABLE,v19|y5m-statistics|curriculum|secure|lesson|draw line graphs,y5m-statistics,Draw line graphs,workedExample,10,Draw a line graph to show the temperature at four times during a day.,12,,
UNVERIFIABLE,v19|y5m-statistics|curriculum|secure|lesson|draw line graphs,y5m-statistics,Draw line graphs,tryThis,10,"A plant is $4 cm$ tall on Monday, $6 cm$ on Tuesday, $7 cm$ on Wednesday, and $9 cm$ on Thursday. Draw a line graph of its height.","Label the horizontal axis Day and the vertical axis Height $(cm)$. Plot $Monday, 4$, $Tuesday, 6$, $Wednesday, 7$, and $Thursday, 9$, then join the points.",,
UNVERIFIABLE,v19|y5m-statistics|curriculum|secure|lesson|draw line graphs,y5m-statistics,Draw line graphs,quickCheck,10,Which axis should show the days when drawing a line graph of temperatures across a week?,The horizontal axis should show the days.,,
UNVERIFIABLE,v19|y5m-statistics|curriculum|secure|lesson|draw line graphs,y5m-statistics,Draw line graphs,guidedPractice[0],10,"Draw a line graph for books read: Monday $2$, Tuesday $4$, Wednesday $3$, Thursday $5$.","Plot $Monday, 2$, $Tuesday, 4$, $Wednesday, 3$, and $Thursday, 5$. Join the points in day order.",,
UNVERIFIABLE,v19|y5m-statistics|curriculum|secure|lesson|draw line graphs,y5m-statistics,Draw line graphs,independentPractice[0],10,"Draw a line graph for rainfall: $1 mm$ on Monday, $3 mm$ on Tuesday, $5 mm$ on Wednesday, and $2 mm$ on Thursday.","Label the axes Day and Rainfall $(mm)$. Plot $Monday, 1$, $Tuesday, 3$, $Wednesday, 5$, and $Thursday, 2$, then join the points.",,
UNVERIFIABLE,v19|y5m-statistics|curriculum|secure|lesson|draw line graphs,y5m-statistics,Draw line graphs,independentPractice[1],10,"Draw a line graph for a runner's distance: $0 km$ at $10:00$, $2 km$ at $10:15$, $4 km$ at $10:30$, and $5 km$ at $10:45$.","Label the axes Time and Distance $(km)$. Plot $10:00, 0$, $10:15, 2$, $10:30, 4$, and $10:45, 5$, then join the points.",,
UNVERIFIABLE,v19|y5m-perimeter-area|curriculum|secure|lesson|area of rectangles,y5m-perimeter-area,Area of rectangles,workedExample,22,Find the area of a rectangle with length $8\text{ cm}$ and width $5\text{ cm}$.,$40\text{ cm}^2$,,
UNVERIFIABLE,v19|y5m-perimeter-area|curriculum|secure|lesson|area of rectangles,y5m-perimeter-area,Area of rectangles,tryThis,22,A rectangle is $7\text{ cm}$ long and $4\text{ cm}$ wide. What is its area?,$28\text{ cm}^2$,,
AGREE,v19|y5m-perimeter-area|curriculum|secure|lesson|area of rectangles,y5m-perimeter-area,Area of rectangles,quickCheck,22,A rectangle measures $5\text{ cm}$ by $5\text{ cm}$. What is its area?,$25\text{ cm}^2$,25,rect_perimeter_area
UNVERIFIABLE,v19|y5m-perimeter-area|curriculum|secure|lesson|area of rectangles,y5m-perimeter-area,Area of rectangles,guidedPractice[0],22,Find the area of a rectangle with length $6\text{ cm}$ and width $3\text{ cm}$.,$18\text{ cm}^2$,,
UNVERIFIABLE,v19|y5m-perimeter-area|curriculum|secure|lesson|area of rectangles,y5m-perimeter-area,Area of rectangles,guidedPractice[1],22,Find the area of a rectangle with length $9\text{ m}$ and width $4\text{ m}$.,$36\text{ m}^2$,,
UNVERIFIABLE,v19|y5m-perimeter-area|curriculum|secure|lesson|area of rectangles,y5m-perimeter-area,Area of rectangles,independentPractice[0],22,Find the area of a rectangle with length $12\text{ cm}$ and width $3\text{ cm}$.,$36\text{ cm}^2$,,
UNVERIFIABLE,v19|y5m-perimeter-area|curriculum|secure|lesson|area of rectangles,y5m-perimeter-area,Area of rectangles,independentPractice[1],22,Find the area of a rectangle with length $7\text{ m}$ and width $6\text{ m}$.,$42\text{ m}^2$,,
UNVERIFIABLE,v19|y5m-perimeter-area|curriculum|secure|lesson|area of rectangles,y5m-perimeter-area,Area of rectangles,independentPractice[2],22,Find the area of a rectangle with length $10\text{ cm}$ and width $8\text{ cm}$.,$80\text{ cm}^2$,,
UNVERIFIABLE,v19|y5m-perimeter-area|curriculum|secure|lesson|area of compound shapes,y5m-perimeter-area,Area of compound shapes,workedExample,14,Find the area of the compound shape.,$32\text{ cm}^2$,,
DISAGREE,v19|y5m-perimeter-area|curriculum|secure|lesson|area of compound shapes,y5m-perimeter-area,Area of compound shapes,tryThis,14,A compound shape is split into two rectangles. One measures $6\text{ cm}$ by $4\text{ cm}$. The other measures $3\text{ cm}$ by $2\text{ cm}$. Find the total area.,"$6 \times 4 = 24$, $3 \times 2 = 6$, so $24 + 6 = 30\text{ cm}^2$.",24,rect_perimeter_area
UNVERIFIABLE,v19|y5m-perimeter-area|curriculum|secure|lesson|area of compound shapes,y5m-perimeter-area,Area of compound shapes,quickCheck,14,Two rectangles make a compound shape. Their areas are $18\text{ cm}^2$ and $12\text{ cm}^2$. What is the compound shape's area?,$18 + 12 = 30\text{ cm}^2$.,,
DISAGREE,v19|y5m-perimeter-area|curriculum|secure|lesson|area of compound shapes,y5m-perimeter-area,Area of compound shapes,guidedPractice[0],14,A compound shape is split into two rectangles. Rectangle $A$ measures $5\text{ cm}$ by $4\text{ cm}$. Rectangle $B$ measures $3\text{ cm}$ by $2\text{ cm}$. Find the total area.,"$5 \times 4 = 20$, $3 \times 2 = 6$, so $20 + 6 = 26\text{ cm}^2$.",20,rect_perimeter_area
DISAGREE,v19|y5m-perimeter-area|curriculum|secure|lesson|area of compound shapes,y5m-perimeter-area,Area of compound shapes,guidedPractice[1],14,A compound shape is split into two rectangles. Rectangle $A$ measures $7\text{ m}$ by $3\text{ m}$. Rectangle $B$ measures $2\text{ m}$ by $4\text{ m}$. Find the total area.,"$7 \times 3 = 21$, $2 \times 4 = 8$, so $21 + 8 = 29\text{ m}^2$.",21,rect_perimeter_area
DISAGREE,v19|y5m-perimeter-area|curriculum|secure|lesson|area of compound shapes,y5m-perimeter-area,Area of compound shapes,independentPractice[0],14,A compound shape is split into two rectangles. One measures $9\text{ cm}$ by $2\text{ cm}$. The other measures $4\text{ cm}$ by $3\text{ cm}$. Find the total area.,"$9 \times 2 = 18$, $4 \times 3 = 12$, so $18 + 12 = 30\text{ cm}^2$.",18,rect_perimeter_area
DISAGREE,v19|y5m-perimeter-area|curriculum|secure|lesson|area of compound shapes,y5m-perimeter-area,Area of compound shapes,independentPractice[1],14,A compound shape is split into two rectangles. One measures $6\text{ m}$ by $5\text{ m}$. The other measures $2\text{ m}$ by $4\text{ m}$. Find the total area.,"$6 \times 5 = 30$, $2 \times 4 = 8$, so $30 + 8 = 38\text{ m}^2$.",30,rect_perimeter_area
DISAGREE,v19|y5m-perimeter-area|curriculum|secure|lesson|area of compound shapes,y5m-perimeter-area,Area of compound shapes,independentPractice[2],14,A compound shape is split into two rectangles. One measures $8\text{ cm}$ by $4\text{ cm}$. The other measures $3\text{ cm}$ by $3\text{ cm}$. Find the total area.,"$8 \times 4 = 32$, $3 \times 3 = 9$, so $32 + 9 = 41\text{ cm}^2$.",32,rect_perimeter_area
UNVERIFIABLE,v19|y6m-ratio|curriculum|secure|lesson|proportion problems,y6m-ratio,Proportion problems,workedExample,10,$3$ bottles of juice fill $12$ glasses. How many glasses can $15$ bottles fill?,$15$ bottles can fill $60$ glasses.,,
UNVERIFIABLE,v19|y6m-ratio|curriculum|secure|lesson|proportion problems,y6m-ratio,Proportion problems,tryThis,10,$4$ packets contain $24$ stickers. How many stickers are in $12$ packets?,$72$ stickers,,
UNVERIFIABLE,v19|y6m-ratio|curriculum|secure|lesson|proportion problems,y6m-ratio,Proportion problems,quickCheck,10,$4$ jugs fill $28$ cups. How many cups can $16$ jugs fill?,$112$ cups,,
UNVERIFIABLE,v19|y6m-ratio|curriculum|secure|lesson|proportion problems,y6m-ratio,Proportion problems,guidedPractice[0],10,$2$ bags hold $14$ apples. How many apples do $8$ bags hold?,$56$ apples,,
UNVERIFIABLE,v19|y6m-ratio|curriculum|secure|lesson|proportion problems,y6m-ratio,Proportion problems,guidedPractice[1],10,$5$ boxes contain $30$ pencils. How many pencils are in $20$ boxes?,$120$ pencils,,
UNVERIFIABLE,v19|y6m-ratio|curriculum|secure|lesson|proportion problems,y6m-ratio,Proportion problems,independentPractice[0],10,$6$ trays hold $42$ cupcakes. How many cupcakes do $18$ trays hold?,$126$ cupcakes,,
UNVERIFIABLE,v19|y6m-ratio|curriculum|secure|lesson|proportion problems,y6m-ratio,Proportion problems,independentPractice[1],10,$3$ buses carry $96$ pupils. How many pupils can $12$ buses carry?,$384$ pupils,,
UNVERIFIABLE,v19|y6m-ratio|curriculum|secure|lesson|proportion problems,y6m-ratio,Proportion problems,independentPractice[2],10,$7$ packets contain $56$ cards. How many cards are in $21$ packets?,$168$ cards,,
UNVERIFIABLE,v19|y5m-decimals|curriculum|secure|lesson|decimal sequences,y5m-decimals,Decimal sequences,workedExample,10,"Continue the sequence: $2.4, 2.7, 3.0, \square, \square$","$2.4, 2.7, 3.0, 3.3, 3.6$",,
UNVERIFIABLE,v19|y5m-decimals|curriculum|secure|lesson|decimal sequences,y5m-decimals,Decimal sequences,tryThis,10,"Continue the sequence: $4.1, 4.5, 4.9, \square, \square$","$5.3, 5.7$",,
UNVERIFIABLE,v19|y5m-decimals|curriculum|secure|lesson|decimal sequences,y5m-decimals,Decimal sequences,quickCheck,10,"What is the next term? $3.8, 4.0, 4.2, \square$",$4.4$,,
UNVERIFIABLE,v19|y5m-decimals|curriculum|secure|lesson|decimal sequences,y5m-decimals,Decimal sequences,guidedPractice[0],10,"Continue the sequence: $0.6, 0.8, 1.0, \square, \square$","$1.2, 1.4$",,
UNVERIFIABLE,v19|y5m-decimals|curriculum|secure|lesson|decimal sequences,y5m-decimals,Decimal sequences,guidedPractice[1],10,"Continue the sequence: $5.6, 5.4, 5.2, \square, \square$","$5.0, 4.8$",,
UNVERIFIABLE,v19|y5m-decimals|curriculum|secure|lesson|decimal sequences,y5m-decimals,Decimal sequences,independentPractice[0],10,"Continue the sequence: $1.1, 1.6, 2.1, \square, \square$","$2.6, 3.1$",,
UNVERIFIABLE,v19|y5m-decimals|curriculum|secure|lesson|decimal sequences,y5m-decimals,Decimal sequences,independentPractice[1],10,"Continue the sequence: $7.3, 7.0, 6.7, \square, \square$","$6.4, 6.1$",,
UNVERIFIABLE,v19|y5m-decimals|curriculum|secure|lesson|decimal sequences,y5m-decimals,Decimal sequences,independentPractice[2],10,"Continue the sequence: $0.25, 0.35, 0.45, \square, \square$","$0.55, 0.65$",,
UNVERIFIABLE,v19|y6m-converting-units|curriculum|secure|lesson|imperial measures,y6m-converting-units,Imperial measures,workedExample,10,Convert $3$ miles to yards.,"5,280",,
UNVERIFIABLE,v19|y6m-converting-units|curriculum|secure|lesson|imperial measures,y6m-converting-units,Imperial measures,tryThis,10,Convert $2$ miles to yards.,"$2 \times 1,760 = 3,520$, so $2$ miles $=$ $3,520$ yards.",,
UNVERIFIABLE,v19|y6m-converting-units|curriculum|secure|lesson|imperial measures,y6m-converting-units,Imperial measures,quickCheck,10,A walk is $7$ miles long. How many yards is this?,"$7 \times 1,760 = 12,320$, so the walk is $12,320$ yards long.",,
UNVERIFIABLE,v19|y6m-converting-units|curriculum|secure|lesson|imperial measures,y6m-converting-units,Imperial measures,guidedPractice[0],10,Convert $4$ miles to yards.,"$4 \times 1,760 = 7,040$, so $4$ miles $=$ $7,040$ yards.",,
UNVERIFIABLE,v19|y6m-converting-units|curriculum|secure|lesson|imperial measures,y6m-converting-units,Imperial measures,guidedPractice[1],10,Convert $5$ miles to yards.,"$5 \times 1,760 = 8,800$, so $5$ miles $=$ $8,800$ yards.",,
UNVERIFIABLE,v19|y6m-converting-units|curriculum|secure|lesson|imperial measures,y6m-converting-units,Imperial measures,independentPractice[0],10,Convert $6$ miles to yards.,"$6 \times 1,760 = 10,560$, so $6$ miles $=$ $10,560$ yards.",,
UNVERIFIABLE,v19|y6m-converting-units|curriculum|secure|lesson|imperial measures,y6m-converting-units,Imperial measures,independentPractice[1],10,Convert $8$ miles to yards.,"$8 \times 1,760 = 14,080$, so $8$ miles $=$ $14,080$ yards.",,
UNVERIFIABLE,v19|y6m-converting-units|curriculum|secure|lesson|imperial measures,y6m-converting-units,Imperial measures,independentPractice[2],10,Convert $10$ miles to yards.,"$10 \times 1,760 = 17,600$, so $10$ miles $=$ $17,600$ yards.",,
DISAGREE,"v19|y5m-mult-div-a|curriculum|secure|lesson|divide by 10, 100 and 1000",y5m-mult-div-a,"Divide by 10, 100 and 1000",workedExample,10,"$4,800 \div 100$",8,48,place_value_shift
DISAGREE,"v19|y5m-mult-div-a|curriculum|secure|lesson|divide by 10, 100 and 1000",y5m-mult-div-a,"Divide by 10, 100 and 1000",tryThis,10,"$7,000 \div 1000$",0,7,place_value_shift
DISAGREE,"v19|y5m-mult-div-a|curriculum|secure|lesson|divide by 10, 100 and 1000",y5m-mult-div-a,"Divide by 10, 100 and 1000",quickCheck,10,"$5,400 \div 100$",4,54,place_value_shift
AGREE,"v19|y5m-mult-div-a|curriculum|secure|lesson|divide by 10, 100 and 1000",y5m-mult-div-a,"Divide by 10, 100 and 1000",guidedPractice[0],10,$630 \div 10$,63,63,place_value_shift
DISAGREE,"v19|y5m-mult-div-a|curriculum|secure|lesson|divide by 10, 100 and 1000",y5m-mult-div-a,"Divide by 10, 100 and 1000",guidedPractice[1],10,"$9,200 \div 100$",2,92,place_value_shift
DISAGREE,"v19|y5m-mult-div-a|curriculum|secure|lesson|divide by 10, 100 and 1000",y5m-mult-div-a,"Divide by 10, 100 and 1000",guidedPractice[2],10,"$6,000 \div 1000$",0,6,place_value_shift
AGREE,"v19|y5m-mult-div-a|curriculum|secure|lesson|divide by 10, 100 and 1000",y5m-mult-div-a,"Divide by 10, 100 and 1000",independentPractice[0],10,$850 \div 10$,85,85,place_value_shift
DISAGREE,"v19|y5m-mult-div-a|curriculum|secure|lesson|divide by 10, 100 and 1000",y5m-mult-div-a,"Divide by 10, 100 and 1000",independentPractice[1],10,"$3,600 \div 100$",6,36,place_value_shift
DISAGREE,"v19|y5m-mult-div-a|curriculum|secure|lesson|divide by 10, 100 and 1000",y5m-mult-div-a,"Divide by 10, 100 and 1000",independentPractice[2],10,"$45,000 \div 1000$",0,45,place_value_shift
DISAGREE,"v19|y5m-mult-div-a|curriculum|secure|lesson|divide by 10, 100 and 1000",y5m-mult-div-a,"Divide by 10, 100 and 1000",independentPractice[3],10,"$72,000 \div 100$",0,720,place_value_shift
UNVERIFIABLE,v19|y5m-mult-div-a|curriculum|secure|lesson|cube numbers,y5m-mult-div-a,Cube numbers,workedExample,10,Work out $12^3$.,1728,,
UNVERIFIABLE,v19|y5m-mult-div-a|curriculum|secure|lesson|cube numbers,y5m-mult-div-a,Cube numbers,tryThis,10,Work out $5^3$.,$5^3 = 5 \times 5 \times 5 = 125$,,
UNVERIFIABLE,v19|y5m-mult-div-a|curriculum|secure|lesson|cube numbers,y5m-mult-div-a,Cube numbers,quickCheck,10,Which calculation shows $7^3$ correctly?,$7 \times 7 \times 7$,,
UNVERIFIABLE,v19|y5m-mult-div-a|curriculum|secure|lesson|cube numbers,y5m-mult-div-a,Cube numbers,guidedPractice[0],10,Work out $3^3$.,$27$,,
UNVERIFIABLE,v19|y5m-mult-div-a|curriculum|secure|lesson|cube numbers,y5m-mult-div-a,Cube numbers,guidedPractice[1],10,Work out $4^3$.,$64$,,
UNVERIFIABLE,v19|y5m-mult-div-a|curriculum|secure|lesson|cube numbers,y5m-mult-div-a,Cube numbers,guidedPractice[2],10,Work out $10^3$.,$1000$,,
UNVERIFIABLE,v19|y5m-mult-div-a|curriculum|secure|lesson|cube numbers,y5m-mult-div-a,Cube numbers,independentPractice[0],10,Work out $2^3$.,$8$,,
UNVERIFIABLE,v19|y5m-mult-div-a|curriculum|secure|lesson|cube numbers,y5m-mult-div-a,Cube numbers,independentPractice[1],10,Work out $6^3$.,$216$,,
UNVERIFIABLE,v19|y5m-mult-div-a|curriculum|secure|lesson|cube numbers,y5m-mult-div-a,Cube numbers,independentPractice[2],10,Work out $8^3$.,$512$,,
AGREE,v19|y5m-fractions|curriculum|secure|lesson|multiply fractions by integers,y5m-fractions,Multiply fractions by integers,workedExample,10,$\frac{2}{5} \times 3$,6/5,6/5,fraction_ops
AGREE,v19|y5m-fractions|curriculum|secure|lesson|multiply fractions by integers,y5m-fractions,Multiply fractions by integers,tryThis,10,$\frac{3}{8} \times 4$,3/2,3/2,fraction_ops
AGREE,v19|y5m-fractions|curriculum|secure|lesson|multiply fractions by integers,y5m-fractions,Multiply fractions by integers,quickCheck,10,$\frac{4}{7} \times 3$,12/7,12/7,fraction_ops
AGREE,v19|y5m-fractions|curriculum|secure|lesson|multiply fractions by integers,y5m-fractions,Multiply fractions by integers,guidedPractice[0],10,$\frac{1}{4} \times 3$,3/4,3/4,fraction_ops
AGREE,v19|y5m-fractions|curriculum|secure|lesson|multiply fractions by integers,y5m-fractions,Multiply fractions by integers,guidedPractice[1],10,$\frac{3}{7} \times 2$,6/7,6/7,fraction_ops
AGREE,v19|y5m-fractions|curriculum|secure|lesson|multiply fractions by integers,y5m-fractions,Multiply fractions by integers,guidedPractice[2],10,$\frac{2}{3} \times 3$,2,2,fraction_ops
AGREE,v19|y5m-fractions|curriculum|secure|lesson|multiply fractions by integers,y5m-fractions,Multiply fractions by integers,independentPractice[0],10,$\frac{1}{6} \times 5$,5/6,5/6,fraction_ops
AGREE,v19|y5m-fractions|curriculum|secure|lesson|multiply fractions by integers,y5m-fractions,Multiply fractions by integers,independentPractice[1],10,$\frac{4}{9} \times 2$,8/9,8/9,fraction_ops
AGREE,v19|y5m-fractions|curriculum|secure|lesson|multiply fractions by integers,y5m-fractions,Multiply fractions by integers,independentPractice[2],10,$\frac{3}{5} \times 4$,12/5,12/5,fraction_ops
AGREE,v19|y5m-fractions|curriculum|secure|lesson|multiply fractions by integers,y5m-fractions,Multiply fractions by integers,independentPractice[3],10,$\frac{5}{8} \times 4$,5/2,5/2,fraction_ops
UNVERIFIABLE,v19|y5m-mult-div-b|curriculum|secure|lesson|divide 4-digit by 1-digit,y5m-mult-div-b,Divide 4-digit by 1-digit,workedExample,10,"$3,696 \div 4$",174,,
UNVERIFIABLE,v19|y5m-mult-div-b|curriculum|secure|lesson|divide 4-digit by 1-digit,y5m-mult-div-b,Divide 4-digit by 1-digit,tryThis,10,"$2,484 \div 3$",$828$,,
UNVERIFIABLE,v19|y5m-mult-div-b|curriculum|secure|lesson|divide 4-digit by 1-digit,y5m-mult-div-b,Divide 4-digit by 1-digit,quickCheck,10,"$4,836 \div 4$","$1,209$",,
UNVERIFIABLE,v19|y5m-mult-div-b|curriculum|secure|lesson|divide 4-digit by 1-digit,y5m-mult-div-b,Divide 4-digit by 1-digit,guidedPractice[0],10,"$4,248 \div 4$","$1,062$",,
UNVERIFIABLE,v19|y5m-mult-div-b|curriculum|secure|lesson|divide 4-digit by 1-digit,y5m-mult-div-b,Divide 4-digit by 1-digit,guidedPractice[1],10,"$5,736 \div 6$",$956$,,
UNVERIFIABLE,v19|y5m-mult-div-b|curriculum|secure|lesson|divide 4-digit by 1-digit,y5m-mult-div-b,Divide 4-digit by 1-digit,independentPractice[0],10,"$6,432 \div 3$","$2,144$",,
UNVERIFIABLE,v19|y5m-mult-div-b|curriculum|secure|lesson|divide 4-digit by 1-digit,y5m-mult-div-b,Divide 4-digit by 1-digit,independentPractice[1],10,"$8,424 \div 4$","$2,106$",,
UNVERIFIABLE,v19|y5m-mult-div-b|curriculum|secure|lesson|divide 4-digit by 1-digit,y5m-mult-div-b,Divide 4-digit by 1-digit,independentPractice[2],10,"$7,392 \div 6$","$1,232$",,
AGREE,v19|y5m-decimals-percentages|curriculum|secure|lesson|round decimals,y5m-decimals-percentages,Round decimals,workedExample,10,Round $4.67$ to the nearest tenth.,4.7,4.7,rounding_number_line
AGREE,v19|y5m-decimals-percentages|curriculum|secure|lesson|round decimals,y5m-decimals-percentages,Round decimals,tryThis,10,Round $8.23$ to the nearest tenth.,8.2,8.2,rounding_number_line
AGREE,v19|y5m-decimals-percentages|curriculum|secure|lesson|round decimals,y5m-decimals-percentages,Round decimals,quickCheck,10,Round $2.35$ to the nearest tenth.,2.4,2.4,rounding_number_line
AGREE,v19|y5m-decimals-percentages|curriculum|secure|lesson|round decimals,y5m-decimals-percentages,Round decimals,guidedPractice[0],10,Round $3.42$ to the nearest tenth.,3.4,3.4,rounding_number_line
AGREE,v19|y5m-decimals-percentages|curriculum|secure|lesson|round decimals,y5m-decimals-percentages,Round decimals,guidedPractice[1],10,Round $6.58$ to the nearest tenth.,6.6,6.6,rounding_number_line
AGREE,v19|y5m-decimals-percentages|curriculum|secure|lesson|round decimals,y5m-decimals-percentages,Round decimals,independentPractice[0],10,Round $1.76$ to the nearest tenth.,1.8,1.8,rounding_number_line
AGREE,v19|y5m-decimals-percentages|curriculum|secure|lesson|round decimals,y5m-decimals-percentages,Round decimals,independentPractice[1],10,Round $9.14$ to the nearest tenth.,9.1,9.1,rounding_number_line
AGREE,v19|y5m-decimals-percentages|curriculum|secure|lesson|round decimals,y5m-decimals-percentages,Round decimals,independentPractice[2],10,Round $5.95$ to the nearest tenth.,6.0,6.0,rounding_number_line
AGREE,v19|y5m-negative-numbers|curriculum|secure|lesson|count through zero,y5m-negative-numbers,Count through zero,workedExample,10,Count backwards from $3$ to $-3$.,difference 6; greater 3,difference 6; greater 3,signed_number_line
AGREE,v19|y5m-negative-numbers|curriculum|secure|lesson|count through zero,y5m-negative-numbers,Count through zero,tryThis,10,Count backwards from $2$ to $-2$.,difference 4; greater 2,difference 4; greater 2,signed_number_line
UNVERIFIABLE,v19|y5m-negative-numbers|curriculum|secure|lesson|count through zero,y5m-negative-numbers,Count through zero,quickCheck,10,What number comes after $0$ when counting backwards?,$-1$,,
AGREE,v19|y5m-negative-numbers|curriculum|secure|lesson|count through zero,y5m-negative-numbers,Count through zero,guidedPractice[0],10,Count backwards from $4$ to $-2$.,difference 6; greater 4,difference 6; greater 4,signed_number_line
AGREE,v19|y5m-negative-numbers|curriculum|secure|lesson|count through zero,y5m-negative-numbers,Count through zero,guidedPractice[1],10,Count forwards from $-3$ to $2$.,difference 5; greater 2,difference 5; greater 2,signed_number_line
AGREE,v19|y5m-negative-numbers|curriculum|secure|lesson|count through zero,y5m-negative-numbers,Count through zero,independentPractice[0],10,Count backwards from $5$ to $-1$.,difference 6; greater 5,difference 6; greater 5,signed_number_line
AGREE,v19|y5m-negative-numbers|curriculum|secure|lesson|count through zero,y5m-negative-numbers,Count through zero,independentPractice[1],10,Count forwards from $-4$ to $1$.,difference 5; greater 1,difference 5; greater 1,signed_number_line
AGREE,v19|y5m-negative-numbers|curriculum|secure|lesson|count through zero,y5m-negative-numbers,Count through zero,independentPractice[2],10,"Write the next three numbers: $2$, $1$, $0$, ...",2,2,place_value_chart
AGREE,v19|y5m-decimals-percentages|curriculum|secure|lesson|percentages as fractions and decimals,y5m-decimals-percentages,Percentages as fractions and decimals,workedExample,10,Write $45\%$ as a fraction and a decimal.,45,45,place_value_chart
AGREE,v19|y5m-decimals-percentages|curriculum|secure|lesson|percentages as fractions and decimals,y5m-decimals-percentages,Percentages as fractions and decimals,tryThis,10,Write $72\%$ as a fraction and a decimal.,72,72,place_value_chart
UNVERIFIABLE,v19|y5m-decimals-percentages|curriculum|secure|lesson|percentages as fractions and decimals,y5m-decimals-percentages,Percentages as fractions and decimals,quickCheck,10,Which decimal is equal to $25\%$: $0.25$ or $0.025$?,"$0.25$, because $25\% = \frac{25}{100} = 0.25$.",,
AGREE,v19|y5m-decimals-percentages|curriculum|secure|lesson|percentages as fractions and decimals,y5m-decimals-percentages,Percentages as fractions and decimals,guidedPractice[0],10,Write $30\%$ as a fraction and a decimal.,30,30,place_value_chart
UNVERIFIABLE,v19|y5m-decimals-percentages|curriculum|secure|lesson|percentages as fractions and decimals,y5m-decimals-percentages,Percentages as fractions and decimals,guidedPractice[1],10,Write $6\%$ as a fraction and a decimal.,$6\% = \frac{6}{100} = 0.06$,,
AGREE,v19|y5m-decimals-percentages|curriculum|secure|lesson|percentages as fractions and decimals,y5m-decimals-percentages,Percentages as fractions and decimals,independentPractice[0],10,Write $54\%$ as a fraction and a decimal.,54,54,place_value_chart
AGREE,v19|y5m-decimals-percentages|curriculum|secure|lesson|percentages as fractions and decimals,y5m-decimals-percentages,Percentages as fractions and decimals,independentPractice[1],10,Write $90\%$ as a fraction and a decimal.,90,90,place_value_chart
UNVERIFIABLE,v19|y5m-decimals-percentages|curriculum|secure|lesson|percentages as fractions and decimals,y5m-decimals-percentages,Percentages as fractions and decimals,independentPractice[2],10,Write $3\%$ as a fraction and a decimal.,$3\% = \frac{3}{100} = 0.03$,,
AGREE,v19|y5m-negative-numbers|curriculum|secure|lesson|compare and order negative numbers,y5m-negative-numbers,Compare and order negative numbers,workedExample,6,"Order $-2$, $-7$, $-4$ and $-1$ from smallest to greatest.",difference 5; greater -2,difference 5; greater -2,signed_number_line
AGREE,v19|y5m-negative-numbers|curriculum|secure|lesson|compare and order negative numbers,y5m-negative-numbers,Compare and order negative numbers,tryThis,6,"Order $-3$, $-8$, $-5$ and $-1$ from smallest to greatest.",difference 5; greater -3,difference 5; greater -3,signed_number_line
AGREE,v19|y5m-negative-numbers|curriculum|secure|lesson|compare and order negative numbers,y5m-negative-numbers,Compare and order negative numbers,quickCheck,6,Complete: $-5$ $<$ $-2$.,difference 3; greater -2,difference 3; greater -2,signed_number_line
AGREE,v19|y5m-negative-numbers|curriculum|secure|lesson|compare and order negative numbers,y5m-negative-numbers,Compare and order negative numbers,guidedPractice[0],6,Which number is greater: $-6$ or $-2$?,difference 4; greater -2,difference 4; greater -2,signed_number_line
AGREE,v19|y5m-negative-numbers|curriculum|secure|lesson|compare and order negative numbers,y5m-negative-numbers,Compare and order negative numbers,guidedPractice[1],6,"Put $-5$, $-1$ and $-3$ in order from smallest to greatest.",difference 4; greater -1,difference 4; greater -1,signed_number_line
AGREE,v19|y5m-negative-numbers|curriculum|secure|lesson|compare and order negative numbers,y5m-negative-numbers,Compare and order negative numbers,independentPractice[0],6,Which number is smaller: $-4$ or $-9$?,difference 5; greater -4,difference 5; greater -4,signed_number_line
AGREE,v19|y5m-negative-numbers|curriculum|secure|lesson|compare and order negative numbers,y5m-negative-numbers,Compare and order negative numbers,independentPractice[1],6,"Order $-6$, $-2$, $-8$ and $-4$ from smallest to greatest.",difference 4; greater -2,difference 4; greater -2,signed_number_line
AGREE,v19|y5m-negative-numbers|curriculum|secure|lesson|compare and order negative numbers,y5m-negative-numbers,Compare and order negative numbers,independentPractice[2],6,"Complete: $-3$ $>$ $\Box$ using one number from $-7$, $-1$, $-2$.",difference 4; greater -3,difference 4; greater -3,signed_number_line
UNVERIFIABLE,v19|y5m-volume|curriculum|secure|lesson|estimate capacity,y5m-volume,Estimate capacity,workedExample,11,Estimate the capacity of a large bottle of squash.,"About $2\,\mathrm{l}$.",,
UNVERIFIABLE,v19|y5m-volume|curriculum|secure|lesson|estimate capacity,y5m-volume,Estimate capacity,tryThis,11,Estimate the capacity of a small yoghurt pot.,"About $150\,\mathrm{ml}$.",,
UNVERIFIABLE,v19|y5m-volume|curriculum|secure|lesson|estimate capacity,y5m-volume,Estimate capacity,quickCheck,11,"Which is a sensible estimate for a mug: $300\,\mathrm{ml}$ or $300\,\mathrm{l}$?","$300\,\mathrm{ml}$ is sensible.",,
UNVERIFIABLE,v19|y5m-volume|curriculum|secure|lesson|estimate capacity,y5m-volume,Estimate capacity,guidedPractice[0],11,Estimate the capacity of a teaspoon of medicine.,"About $5\,\mathrm{ml}$.",,
UNVERIFIABLE,v19|y5m-volume|curriculum|secure|lesson|estimate capacity,y5m-volume,Estimate capacity,guidedPractice[1],11,Estimate the capacity of a kitchen bucket.,"About $10\,\mathrm{l}$.",,
UNVERIFIABLE,v19|y5m-volume|curriculum|secure|lesson|estimate capacity,y5m-volume,Estimate capacity,independentPractice[0],11,Estimate the capacity of a can of fizzy drink.,"About $330\,\mathrm{ml}$.",,
UNVERIFIABLE,v19|y5m-volume|curriculum|secure|lesson|estimate capacity,y5m-volume,Estimate capacity,independentPractice[1],11,Estimate the capacity of a family-sized carton of milk.,"About $2\,\mathrm{l}$.",,
UNVERIFIABLE,v19|y5m-volume|curriculum|secure|lesson|estimate capacity,y5m-volume,Estimate capacity,independentPractice[2],11,Estimate the capacity of a watering can.,"About $5\,\mathrm{l}$.",,
AGREE,v19|y6m-add-subtract|curriculum|secure|lesson|common factors and common multiples,y6m-add-subtract,Common factors and common multiples,workedExample,10,Find the common multiples of $4$ and $6$ less than $30$.,"12, 24","12, 24",multiples_number_line
AGREE,v19|y6m-add-subtract|curriculum|secure|lesson|common factors and common multiples,y6m-add-subtract,Common factors and common multiples,tryThis,10,Find the common multiples of $3$ and $5$ less than $25$.,15,15,multiples_number_line
AGREE,v19|y6m-add-subtract|curriculum|secure|lesson|common factors and common multiples,y6m-add-subtract,Common factors and common multiples,quickCheck,10,Is $18$ a common multiple of $3$ and $6$?,6,6,multiples_number_line
AGREE,v19|y6m-add-subtract|curriculum|secure|lesson|common factors and common multiples,y6m-add-subtract,Common factors and common multiples,guidedPractice[0],10,Find the common multiples of $2$ and $5$ less than $25$.,"10, 20","10, 20",multiples_number_line
AGREE,v19|y6m-add-subtract|curriculum|secure|lesson|common factors and common multiples,y6m-add-subtract,Common factors and common multiples,guidedPractice[1],10,Find the common multiples of $3$ and $4$ less than $30$.,"12, 24","12, 24",multiples_number_line
AGREE,v19|y6m-add-subtract|curriculum|secure|lesson|common factors and common multiples,y6m-add-subtract,Common factors and common multiples,independentPractice[0],10,Find the common multiples of $4$ and $5$ less than $35$.,20,20,multiples_number_line
AGREE,v19|y6m-add-subtract|curriculum|secure|lesson|common factors and common multiples,y6m-add-subtract,Common factors and common multiples,independentPractice[1],10,Find the common multiples of $6$ and $8$ less than $50$.,"24, 48","24, 48",multiples_number_line
AGREE,v19|y6m-add-subtract|curriculum|secure|lesson|common factors and common multiples,y6m-add-subtract,Common factors and common multiples,independentPractice[2],10,Find the common multiples of $3$ and $7$ between $10$ and $50$.,"21, 42","21, 42",multiples_number_line
UNVERIFIABLE,v19|y6m-algebra|curriculum|secure|lesson|form expressions,y6m-algebra,Form expressions,workedExample,10,"A function machine takes an input of $n$, multiplies it by $4$, then adds $3$. Form an expression for the output.",$4n + 3$,,
UNVERIFIABLE,v19|y6m-algebra|curriculum|secure|lesson|form expressions,y6m-algebra,Form expressions,tryThis,10,"A machine starts with $p$, adds $7$, then multiplies by $2$. Form an expression for the output.",$2(p + 7)$,,
UNVERIFIABLE,v19|y6m-algebra|curriculum|secure|lesson|form expressions,y6m-algebra,Form expressions,quickCheck,10,"A machine takes $t$, adds $4$, then multiplies by $6$. Form an expression for the output.",$6(t + 4)$,,
UNVERIFIABLE,v19|y6m-algebra|curriculum|secure|lesson|form expressions,y6m-algebra,Form expressions,guidedPractice[0],10,"A machine takes $x$, adds $5$, then adds $2$. Form an expression for the output.",$x + 5 + 2$,,
UNVERIFIABLE,v19|y6m-algebra|curriculum|secure|lesson|form expressions,y6m-algebra,Form expressions,guidedPractice[1],10,"A machine takes $a$, multiplies by $3$, then subtracts $4$. Form an expression for the output.",$3a - 4$,,
UNVERIFIABLE,v19|y6m-algebra|curriculum|secure|lesson|form expressions,y6m-algebra,Form expressions,independentPractice[0],10,A machine takes $m$ and adds $9$. Form an expression for the output.,$m + 9$,,
UNVERIFIABLE,v19|y6m-algebra|curriculum|secure|lesson|form expressions,y6m-algebra,Form expressions,independentPractice[1],10,"A machine takes $r$, multiplies by $5$, then adds $1$. Form an expression for the output.",$5r + 1$,,
UNVERIFIABLE,v19|y6m-algebra|curriculum|secure|lesson|form expressions,y6m-algebra,Form expressions,independentPractice[2],10,"A machine takes $q$, subtracts $6$, then multiplies by $3$. Form an expression for the output.",$3(q - 6)$,,
UNVERIFIABLE,v19|y6m-algebra|curriculum|secure|lesson|form and solve equations,y6m-algebra,Form and solve equations,workedExample,10,A number plus $8$ equals $23$. Form and solve the equation.,x = 15,,
UNVERIFIABLE,v19|y6m-algebra|curriculum|secure|lesson|form and solve equations,y6m-algebra,Form and solve equations,tryThis,10,A number plus $6$ equals $18$. Form and solve the equation.,"$x + 6 = 18$, so $x = 12$.",,
UNVERIFIABLE,v19|y6m-algebra|curriculum|secure|lesson|form and solve equations,y6m-algebra,Form and solve equations,quickCheck,10,"A number plus $7$ equals $16$. What equation can you form, and what is $x$?","$x + 7 = 16$, so $x = 9$.",,
UNVERIFIABLE,v19|y6m-algebra|curriculum|secure|lesson|form and solve equations,y6m-algebra,Form and solve equations,guidedPractice[0],10,A number plus $9$ equals $20$. Form and solve the equation.,"$x + 9 = 20$, so $x = 11$.",,
UNVERIFIABLE,v19|y6m-algebra|curriculum|secure|lesson|form and solve equations,y6m-algebra,Form and solve equations,guidedPractice[1],10,A number plus $14$ equals $30$. Form and solve the equation.,"$x + 14 = 30$, so $x = 16$.",,
UNVERIFIABLE,v19|y6m-algebra|curriculum|secure|lesson|form and solve equations,y6m-algebra,Form and solve equations,independentPractice[0],10,A number plus $5$ equals $17$. Form and solve the equation.,"$x + 5 = 17$, so $x = 12$.",,
UNVERIFIABLE,v19|y6m-algebra|curriculum|secure|lesson|form and solve equations,y6m-algebra,Form and solve equations,independentPractice[1],10,A number plus $12$ equals $29$. Form and solve the equation.,"$x + 12 = 29$, so $x = 17$.",,
UNVERIFIABLE,v19|y6m-algebra|curriculum|secure|lesson|form and solve equations,y6m-algebra,Form and solve equations,independentPractice[2],10,A number plus $18$ equals $40$. Form and solve the equation.,"$x + 18 = 40$, so $x = 22$.",,
AGREE,v19|y5m-perimeter-area|curriculum|secure|lesson|perimeter of rectilinear shapes,y5m-perimeter-area,Perimeter of rectilinear shapes,workedExample,16,Find the perimeter of the rectilinear shape.,36 cm,36 cm,rectilinear_perimeter
AGREE,v19|y5m-perimeter-area|curriculum|secure|lesson|perimeter of rectilinear shapes,y5m-perimeter-area,Perimeter of rectilinear shapes,tryThis,16,A rectilinear shape has a full width of $12\text{ cm}$ and a full height of $9\text{ cm}$. Its notch is $7\text{ cm}$ wide and $4\text{ cm}$ high. Find its perimeter.,42 cm,42 cm,rectilinear_perimeter
AGREE,v19|y5m-perimeter-area|curriculum|secure|lesson|perimeter of rectilinear shapes,y5m-perimeter-area,Perimeter of rectilinear shapes,quickCheck,16,A rectilinear shape has a full width of $10\text{ cm}$ and a full height of $6\text{ cm}$. Its notch is $4\text{ cm}$ wide and $2\text{ cm}$ high. What is its perimeter?,32 cm,32 cm,rectilinear_perimeter
AGREE,v19|y5m-perimeter-area|curriculum|secure|lesson|perimeter of rectilinear shapes,y5m-perimeter-area,Perimeter of rectilinear shapes,guidedPractice[0],16,A rectilinear shape has a full width of $9\text{ cm}$ and a full height of $7\text{ cm}$. Its notch is $5\text{ cm}$ wide and $3\text{ cm}$ high. Find its perimeter.,32 cm,32 cm,rectilinear_perimeter
AGREE,v19|y5m-perimeter-area|curriculum|secure|lesson|perimeter of rectilinear shapes,y5m-perimeter-area,Perimeter of rectilinear shapes,guidedPractice[1],16,A rectilinear shape has a full width of $14\text{ cm}$ and a full height of $10\text{ cm}$. Its notch is $8\text{ cm}$ wide and $6\text{ cm}$ high. Find its perimeter.,48 cm,48 cm,rectilinear_perimeter
AGREE,v19|y5m-perimeter-area|curriculum|secure|lesson|perimeter of rectilinear shapes,y5m-perimeter-area,Perimeter of rectilinear shapes,independentPractice[0],16,A rectilinear shape has a full width of $11\text{ cm}$ and a full height of $8\text{ cm}$. Its notch is $4\text{ cm}$ wide and $5\text{ cm}$ high. Find its perimeter.,38 cm,38 cm,rectilinear_perimeter
AGREE,v19|y5m-perimeter-area|curriculum|secure|lesson|perimeter of rectilinear shapes,y5m-perimeter-area,Perimeter of rectilinear shapes,independentPractice[1],16,A rectilinear shape has a full width of $15\text{ cm}$ and a full height of $12\text{ cm}$. Its notch is $9\text{ cm}$ wide and $7\text{ cm}$ high. Find its perimeter.,54 cm,54 cm,rectilinear_perimeter
AGREE,v19|y5m-perimeter-area|curriculum|secure|lesson|perimeter of rectilinear shapes,y5m-perimeter-area,Perimeter of rectilinear shapes,independentPractice[2],16,A rectilinear shape has a full width of $18\text{ cm}$ and a full height of $13\text{ cm}$. Its notch is $10\text{ cm}$ wide and $8\text{ cm}$ high. Find its perimeter.,62 cm,62 cm,rectilinear_perimeter
DISAGREE,v19|y5m-perimeter-area|curriculum|secure|lesson|estimate area of irregular shapes,y5m-perimeter-area,Estimate area of irregular shapes,workedExample,25,Estimate the area of the shaded irregular shape. Each grid square is $1\text{ cm}^2$.,The estimated area is $11\text{ cm}^2$.,51 cm²,irregular_area_estimate
AGREE,v19|y5m-perimeter-area|curriculum|secure|lesson|estimate area of irregular shapes,y5m-perimeter-area,Estimate area of irregular shapes,tryThis,25,An irregular shape covers $10$ whole squares and $4$ edge parts that are about half a square each. Estimate its area.,"$10 + (4 \div 2) = 12$, so the estimated area is $12\text{ cm}^2$.",12 cm²,counted_squares_area
AGREE,v19|y5m-perimeter-area|curriculum|secure|lesson|estimate area of irregular shapes,y5m-perimeter-area,Estimate area of irregular shapes,quickCheck,25,A shape covers $11$ whole squares and $6$ half-squares. What is its estimated area?,"$11 + 3 = 14$, so the estimated area is $14\text{ cm}^2$.",14 cm²,counted_squares_area
AGREE,v19|y5m-perimeter-area|curriculum|secure|lesson|estimate area of irregular shapes,y5m-perimeter-area,Estimate area of irregular shapes,guidedPractice[0],25,A shape covers $7$ whole squares and $6$ edge parts that are about half a square each. Estimate its area.,"$7 + (6 \div 2) = 10$, so the estimated area is $10\text{ cm}^2$.",10 cm²,counted_squares_area
AGREE,v19|y5m-perimeter-area|curriculum|secure|lesson|estimate area of irregular shapes,y5m-perimeter-area,Estimate area of irregular shapes,guidedPractice[1],25,A shape covers $12$ whole squares and $2$ edge parts that are about half a square each. Estimate its area.,"$12 + (2 \div 2) = 13$, so the estimated area is $13\text{ cm}^2$.",13 cm²,counted_squares_area
AGREE,v19|y5m-perimeter-area|curriculum|secure|lesson|estimate area of irregular shapes,y5m-perimeter-area,Estimate area of irregular shapes,independentPractice[0],25,A shape covers $9$ whole squares and $8$ edge parts that are about half a square each. Estimate its area.,"$9 + (8 \div 2) = 13$, so the estimated area is $13\text{ cm}^2$.",13 cm²,counted_squares_area
AGREE,v19|y5m-perimeter-area|curriculum|secure|lesson|estimate area of irregular shapes,y5m-perimeter-area,Estimate area of irregular shapes,independentPractice[1],25,A shape covers $15$ whole squares and $4$ edge parts that are about half a square each. Estimate its area.,"$15 + (4 \div 2) = 17$, so the estimated area is $17\text{ cm}^2$.",17 cm²,counted_squares_area
AGREE,v19|y5m-perimeter-area|curriculum|secure|lesson|estimate area of irregular shapes,y5m-perimeter-area,Estimate area of irregular shapes,independentPractice[2],25,A shape covers $6$ whole squares and $10$ edge parts that are about half a square each. Estimate its area.,"$6 + (10 \div 2) = 11$, so the estimated area is $11\text{ cm}^2$.",11 cm²,counted_squares_area
AGREE,v19|y5m-fractions|curriculum|secure|lesson|improper fractions to mixed numbers,y5m-fractions,Improper fractions to mixed numbers,workedExample,2,Change $\frac{11}{4}$ into a mixed number.,2 3/4,2 3/4,fraction_ops
AGREE,v19|y5m-fractions|curriculum|secure|lesson|improper fractions to mixed numbers,y5m-fractions,Improper fractions to mixed numbers,tryThis,2,Change $\frac{9}{5}$ into a mixed number.,1 4/5,1 4/5,fraction_ops
AGREE,v19|y5m-fractions|curriculum|secure|lesson|improper fractions to mixed numbers,y5m-fractions,Improper fractions to mixed numbers,quickCheck,2,Change $\frac{10}{4}$ into a mixed number.,2 2/4,2 2/4,fraction_ops
AGREE,v19|y5m-fractions|curriculum|secure|lesson|improper fractions to mixed numbers,y5m-fractions,Improper fractions to mixed numbers,guidedPractice[0],2,Change $\frac{7}{3}$ into a mixed number.,2 1/3,2 1/3,fraction_ops
AGREE,v19|y5m-fractions|curriculum|secure|lesson|improper fractions to mixed numbers,y5m-fractions,Improper fractions to mixed numbers,guidedPractice[1],2,Change $\frac{14}{5}$ into a mixed number.,2 4/5,2 4/5,fraction_ops
AGREE,v19|y5m-fractions|curriculum|secure|lesson|improper fractions to mixed numbers,y5m-fractions,Improper fractions to mixed numbers,independentPractice[0],2,Change $\frac{8}{3}$ into a mixed number.,2 2/3,2 2/3,fraction_ops
AGREE,v19|y5m-fractions|curriculum|secure|lesson|improper fractions to mixed numbers,y5m-fractions,Improper fractions to mixed numbers,independentPractice[1],2,Change $\frac{13}{4}$ into a mixed number.,3 1/4,3 1/4,fraction_ops
AGREE,v19|y5m-fractions|curriculum|secure|lesson|improper fractions to mixed numbers,y5m-fractions,Improper fractions to mixed numbers,independentPractice[2],2,Change $\frac{17}{6}$ into a mixed number.,2 5/6,2 5/6,fraction_ops
AGREE,v19|y5m-fractions|curriculum|secure|lesson|compare and order fractions,y5m-fractions,Compare and order fractions,workedExample,10,"Order $\frac{1}{2}$, $\frac{2}{3}$ and $\frac{3}{4}$ from smallest to largest.","1/2, 2/3, 3/4","1/2, 2/3, 3/4",fraction_number_line
AGREE,v19|y5m-fractions|curriculum|secure|lesson|compare and order fractions,y5m-fractions,Compare and order fractions,tryThis,10,"Order $\frac{1}{3}$, $\frac{3}{5}$ and $\frac{3}{4}$ from smallest to largest.","1/3, 3/5, 3/4","1/3, 3/5, 3/4",fraction_number_line
AGREE,v19|y5m-fractions|curriculum|secure|lesson|compare and order fractions,y5m-fractions,Compare and order fractions,quickCheck,10,Which is greater: $\frac{5}{6}$ or $\frac{7}{9}$?,5/6,5/6,fraction_number_line
AGREE,v19|y5m-fractions|curriculum|secure|lesson|compare and order fractions,y5m-fractions,Compare and order fractions,guidedPractice[0],10,Compare $\frac{2}{3}$ and $\frac{3}{4}$ using $12$ as the common denominator.,"2/3, 3/4","2/3, 3/4",fraction_number_line
AGREE,v19|y5m-fractions|curriculum|secure|lesson|compare and order fractions,y5m-fractions,Compare and order fractions,guidedPractice[1],10,"Order $\frac{1}{2}$, $\frac{2}{5}$ and $\frac{3}{10}$ from smallest to largest.",0.3,0.3,place_value_shift
AGREE,v19|y5m-fractions|curriculum|secure|lesson|compare and order fractions,y5m-fractions,Compare and order fractions,independentPractice[0],10,Compare $\frac{3}{5}$ and $\frac{5}{8}$.,"3/5, 5/8","3/5, 5/8",fraction_number_line
AGREE,v19|y5m-fractions|curriculum|secure|lesson|compare and order fractions,y5m-fractions,Compare and order fractions,independentPractice[1],10,"Order $\frac{1}{4}$, $\frac{2}{3}$ and $\frac{3}{8}$ from smallest to largest.","1/4, 3/8, 2/3","1/4, 3/8, 2/3",fraction_number_line
AGREE,v19|y5m-fractions|curriculum|secure|lesson|compare and order fractions,y5m-fractions,Compare and order fractions,independentPractice[2],10,"Order $\frac{3}{10}$, $\frac{1}{2}$ and $\frac{7}{20}$ from smallest to largest.",0.3,0.3,place_value_shift
AGREE,v19|y5m-fractions|curriculum|secure|lesson|add and subtract mixed numbers,y5m-fractions,Add and subtract mixed numbers,workedExample,11,$2\frac{1}{2} + 1\frac{3}{4}$,55/4,4 1/4,fraction_ops
DISAGREE,v19|y5m-fractions|curriculum|secure|lesson|add and subtract mixed numbers,y5m-fractions,Add and subtract mixed numbers,tryThis,11,$3\frac{1}{3} + 2\frac{1}{6}$,83/6,5 1/2,fraction_ops
AGREE,v19|y5m-fractions|curriculum|secure|lesson|add and subtract mixed numbers,y5m-fractions,Add and subtract mixed numbers,quickCheck,11,$4\frac{1}{2} - 1\frac{1}{4}$,71/4,3 1/4,fraction_ops
AGREE,v19|y5m-fractions|curriculum|secure|lesson|add and subtract mixed numbers,y5m-fractions,Add and subtract mixed numbers,guidedPractice[0],11,$1\frac{1}{2} + 2\frac{1}{4}$,43/4,3 3/4,fraction_ops
AGREE,v19|y5m-fractions|curriculum|secure|lesson|add and subtract mixed numbers,y5m-fractions,Add and subtract mixed numbers,guidedPractice[1],11,$5\frac{1}{2} - 2\frac{1}{4}$,81/4,3 1/4,fraction_ops
DISAGREE,v19|y5m-fractions|curriculum|secure|lesson|add and subtract mixed numbers,y5m-fractions,Add and subtract mixed numbers,independentPractice[0],11,$2\frac{1}{3} + 1\frac{1}{6}$,53/6,3 1/2,fraction_ops
AGREE,v19|y5m-fractions|curriculum|secure|lesson|add and subtract mixed numbers,y5m-fractions,Add and subtract mixed numbers,independentPractice[1],11,$6\frac{3}{4} - 2\frac{1}{2}$,21/4,4 1/4,fraction_ops
AGREE,v19|y5m-fractions|curriculum|secure|lesson|add and subtract mixed numbers,y5m-fractions,Add and subtract mixed numbers,independentPractice[2],11,$3\frac{2}{5} + 2\frac{4}{5}$,56/5,6 1/5,fraction_ops
UNVERIFIABLE,v19|y6m-mult-div|curriculum|secure|lesson|division with remainders,y6m-mult-div,Division with remainders,workedExample,10,$157 \div 6$,26 r 1,,
UNVERIFIABLE,v19|y6m-mult-div|curriculum|secure|lesson|division with remainders,y6m-mult-div,Division with remainders,tryThis,10,$143 \div 5$,$28$ remainder $3$,,
UNVERIFIABLE,v19|y6m-mult-div|curriculum|secure|lesson|division with remainders,y6m-mult-div,Division with remainders,quickCheck,10,Is $43 \div 5 = 8$ remainder $3$ correct?,"Yes, because $8 \times 5 + 3 = 43$ and $3$ is smaller than $5$.",,
UNVERIFIABLE,v19|y6m-mult-div|curriculum|secure|lesson|division with remainders,y6m-mult-div,Division with remainders,guidedPractice[0],10,$94 \div 4$,$23$ remainder $2$,,
UNVERIFIABLE,v19|y6m-mult-div|curriculum|secure|lesson|division with remainders,y6m-mult-div,Division with remainders,guidedPractice[1],10,$128 \div 7$,$18$ remainder $2$,,
UNVERIFIABLE,v19|y6m-mult-div|curriculum|secure|lesson|division with remainders,y6m-mult-div,Division with remainders,independentPractice[0],10,$76 \div 5$,$15$ remainder $1$,,
UNVERIFIABLE,v19|y6m-mult-div|curriculum|secure|lesson|division with remainders,y6m-mult-div,Division with remainders,independentPractice[1],10,$165 \div 8$,$20$ remainder $5$,,
UNVERIFIABLE,v19|y6m-mult-div|curriculum|secure|lesson|division with remainders,y6m-mult-div,Division with remainders,independentPractice[2],10,$239 \div 6$,$39$ remainder $5$,,
UNVERIFIABLE,v19|y6m-converting-units|curriculum|secure|lesson|miles and kilometres,y6m-converting-units,Miles and kilometres,workedExample,11,Convert $5$ miles to kilometres.,$5$ miles is approximately $8$ km.,,
UNVERIFIABLE,v19|y6m-converting-units|curriculum|secure|lesson|miles and kilometres,y6m-converting-units,Miles and kilometres,tryThis,11,Convert $10$ miles to kilometres.,"$10 \times 1.6 = 16$, so $10$ miles is approximately $16$ km.",,
UNVERIFIABLE,v19|y6m-converting-units|curriculum|secure|lesson|miles and kilometres,y6m-converting-units,Miles and kilometres,quickCheck,11,A route is $20$ miles long. How many kilometres is this approximately?,"$20 \times 1.6 = 32$, so the route is approximately $32$ km.",,
UNVERIFIABLE,v19|y6m-converting-units|curriculum|secure|lesson|miles and kilometres,y6m-converting-units,Miles and kilometres,guidedPractice[0],11,Convert $3$ miles to kilometres.,"$3 \times 1.6 = 4.8$, so $3$ miles is approximately $4.8$ km.",,
UNVERIFIABLE,v19|y6m-converting-units|curriculum|secure|lesson|miles and kilometres,y6m-converting-units,Miles and kilometres,guidedPractice[1],11,Convert $12$ miles to kilometres.,"$12 \times 1.6 = 19.2$, so $12$ miles is approximately $19.2$ km.",,
UNVERIFIABLE,v19|y6m-converting-units|curriculum|secure|lesson|miles and kilometres,y6m-converting-units,Miles and kilometres,independentPractice[0],11,Convert $7$ miles to kilometres.,"$7 \times 1.6 = 11.2$, so $7$ miles is approximately $11.2$ km.",,
UNVERIFIABLE,v19|y6m-converting-units|curriculum|secure|lesson|miles and kilometres,y6m-converting-units,Miles and kilometres,independentPractice[1],11,Convert $15$ miles to kilometres.,"$15 \times 1.6 = 24$, so $15$ miles is approximately $24$ km.",,
UNVERIFIABLE,v19|y6m-converting-units|curriculum|secure|lesson|miles and kilometres,y6m-converting-units,Miles and kilometres,independentPractice[2],11,Convert $25$ miles to kilometres.,"$25 \times 1.6 = 40$, so $25$ miles is approximately $40$ km.",,
AGREE,v19|y5m-fractions|curriculum|secure|lesson|fraction of an amount,y5m-fractions,Fraction of an amount,workedExample,10,Find $\frac{3}{4}$ of $28$.,21,21,fraction_ops
AGREE,v19|y5m-fractions|curriculum|secure|lesson|fraction of an amount,y5m-fractions,Fraction of an amount,tryThis,10,Find $\frac{2}{5}$ of $35$.,14,14,fraction_ops
AGREE,v19|y5m-fractions|curriculum|secure|lesson|fraction of an amount,y5m-fractions,Fraction of an amount,quickCheck,10,Find $\frac{2}{7}$ of $49$.,14,14,fraction_ops
AGREE,v19|y5m-fractions|curriculum|secure|lesson|fraction of an amount,y5m-fractions,Fraction of an amount,guidedPractice[0],10,Find $\frac{2}{3}$ of $24$.,16,16,fraction_ops
AGREE,v19|y5m-fractions|curriculum|secure|lesson|fraction of an amount,y5m-fractions,Fraction of an amount,guidedPractice[1],10,Find $\frac{4}{5}$ of $30$.,24,24,fraction_ops
AGREE,v19|y5m-fractions|curriculum|secure|lesson|fraction of an amount,y5m-fractions,Fraction of an amount,independentPractice[0],10,Find $\frac{3}{5}$ of $40$.,24,24,fraction_ops
AGREE,v19|y5m-fractions|curriculum|secure|lesson|fraction of an amount,y5m-fractions,Fraction of an amount,independentPractice[1],10,Find $\frac{5}{6}$ of $42$.,35,35,fraction_ops
AGREE,v19|y5m-fractions|curriculum|secure|lesson|fraction of an amount,y5m-fractions,Fraction of an amount,independentPractice[2],10,Find $\frac{3}{8}$ of $48$.,18,18,fraction_ops
AGREE,v19|y6m-ratio|curriculum|secure|lesson|use ratio to compare,y6m-ratio,Use ratio to compare,workedExample,10,The ratio of red counters to blue counters is $2:3$. There are $8$ red counters. How many blue counters are there?,2:3,2:3,ratio_table
AGREE,v19|y6m-ratio|curriculum|secure|lesson|use ratio to compare,y6m-ratio,Use ratio to compare,tryThis,10,The ratio of apples to pears is $3:5$. There are $12$ apples. How many pears are there?,3:5,3:5,ratio_table
AGREE,v19|y6m-ratio|curriculum|secure|lesson|use ratio to compare,y6m-ratio,Use ratio to compare,quickCheck,10,The ratio of red balloons to blue balloons is $1:6$. There are $5$ red balloons. How many blue balloons are there?,1:6,1:6,ratio_table
AGREE,v19|y6m-ratio|curriculum|secure|lesson|use ratio to compare,y6m-ratio,Use ratio to compare,guidedPractice[0],10,The ratio of yellow beads to green beads is $4:1$. There are $20$ yellow beads. How many green beads are there?,4:1,4:1,ratio_table
AGREE,v19|y6m-ratio|curriculum|secure|lesson|use ratio to compare,y6m-ratio,Use ratio to compare,guidedPractice[1],10,The ratio of cats to dogs is $3:2$. There are $15$ cats. How many dogs are there?,3:2,3:2,ratio_table
AGREE,v19|y6m-ratio|curriculum|secure|lesson|use ratio to compare,y6m-ratio,Use ratio to compare,independentPractice[0],10,The ratio of pencils to pens is $5:2$. There are $25$ pencils. How many pens are there?,5:2,5:2,ratio_table
AGREE,v19|y6m-ratio|curriculum|secure|lesson|use ratio to compare,y6m-ratio,Use ratio to compare,independentPractice[1],10,The ratio of boys to girls is $2:7$. There are $8$ boys. How many girls are there?,2:7,2:7,ratio_table
AGREE,v19|y6m-ratio|curriculum|secure|lesson|use ratio to compare,y6m-ratio,Use ratio to compare,independentPractice[2],10,The ratio of white tiles to black tiles is $3:4$. There are $18$ white tiles. How many black tiles are there?,3:4,3:4,ratio_table
AGREE,v19|y6m-area-perimeter-volume|curriculum|secure|lesson|volume of shapes,y6m-area-perimeter-volume,Volume of shapes,workedExample,22,"Find the volume of a cuboid with length $6\text{ cm}$, width $4\text{ cm}$ and height $3\text{ cm}$.",$72\text{ cm}^3$,72,cuboid_volume
AGREE,v19|y6m-area-perimeter-volume|curriculum|secure|lesson|volume of shapes,y6m-area-perimeter-volume,Volume of shapes,tryThis,22,"Find the volume of a cuboid with length $8\text{ cm}$, width $2\text{ cm}$ and height $5\text{ cm}$.",$8 \times 2 \times 5 = 80\text{ cm}^3$,80,cuboid_volume
AGREE,v19|y6m-area-perimeter-volume|curriculum|secure|lesson|volume of shapes,y6m-area-perimeter-volume,Volume of shapes,quickCheck,22,"A cuboid is $4\text{ cm}$ long, $4\text{ cm}$ wide and $4\text{ cm}$ high. What is its volume?",$4 \times 4 \times 4 = 64\text{ cm}^3$,64,cuboid_volume
AGREE,v19|y6m-area-perimeter-volume|curriculum|secure|lesson|volume of shapes,y6m-area-perimeter-volume,Volume of shapes,guidedPractice[0],22,"Find the volume of a cuboid with length $5\text{ cm}$, width $3\text{ cm}$ and height $4\text{ cm}$.",$5 \times 3 \times 4 = 60\text{ cm}^3$,60,cuboid_volume
AGREE,v19|y6m-area-perimeter-volume|curriculum|secure|lesson|volume of shapes,y6m-area-perimeter-volume,Volume of shapes,guidedPractice[1],22,"Find the volume of a cuboid with length $7\text{ cm}$, width $2\text{ cm}$ and height $3\text{ cm}$.",$7 \times 2 \times 3 = 42\text{ cm}^3$,42,cuboid_volume
AGREE,v19|y6m-area-perimeter-volume|curriculum|secure|lesson|volume of shapes,y6m-area-perimeter-volume,Volume of shapes,independentPractice[0],22,"Find the volume of a cuboid with length $9\text{ cm}$, width $4\text{ cm}$ and height $2\text{ cm}$.",$9 \times 4 \times 2 = 72\text{ cm}^3$,72,cuboid_volume
AGREE,v19|y6m-area-perimeter-volume|curriculum|secure|lesson|volume of shapes,y6m-area-perimeter-volume,Volume of shapes,independentPractice[1],22,"Find the volume of a cuboid with length $10\text{ cm}$, width $3\text{ cm}$ and height $6\text{ cm}$.",$10 \times 3 \times 6 = 180\text{ cm}^3$,180,cuboid_volume
AGREE,v19|y6m-area-perimeter-volume|curriculum|secure|lesson|volume of shapes,y6m-area-perimeter-volume,Volume of shapes,independentPractice[2],22,"Find the volume of a cuboid with length $12\text{ cm}$, width $2\text{ cm}$ and height $4\text{ cm}$.",$12 \times 2 \times 4 = 96\text{ cm}^3$,96,cuboid_volume
UNVERIFIABLE,v19|y6m-mult-div|curriculum|secure|lesson|multiplication and division problems,y6m-mult-div,Multiplication and division problems,workedExample,8,A school buys $36$ boxes of pencils. Each box contains $15$ pencils. How many pencils are bought altogether?,540,,
UNVERIFIABLE,v19|y6m-mult-div|curriculum|secure|lesson|multiplication and division problems,y6m-mult-div,Multiplication and division problems,tryThis,8,A theatre has $24$ rows with $16$ seats in each row. How many seats are there?,$384$ seats,,
UNVERIFIABLE,v19|y6m-mult-div|curriculum|secure|lesson|multiplication and division problems,y6m-mult-div,Multiplication and division problems,quickCheck,8,"In $26 \times 13$, why is the second partial product $260$?","The $1$ represents $1$ ten, so $26 \times 10 = 260$.",,
UNVERIFIABLE,v19|y6m-mult-div|curriculum|secure|lesson|multiplication and division problems,y6m-mult-div,Multiplication and division problems,guidedPractice[0],8,A farmer packs $28$ crates with $14$ apples in each crate. How many apples are packed?,$392$ apples,,
UNVERIFIABLE,v19|y6m-mult-div|curriculum|secure|lesson|multiplication and division problems,y6m-mult-div,Multiplication and division problems,guidedPractice[1],8,A library has $32$ shelves with $12$ books on each shelf. How many books are there?,$384$ books,,
UNVERIFIABLE,v19|y6m-mult-div|curriculum|secure|lesson|multiplication and division problems,y6m-mult-div,Multiplication and division problems,independentPractice[0],8,A coach carries $27$ teams with $13$ players in each team. How many players are there?,$351$ players,,
UNVERIFIABLE,v19|y6m-mult-div|curriculum|secure|lesson|multiplication and division problems,y6m-mult-div,Multiplication and division problems,independentPractice[1],8,A factory fills $34$ trays with $16$ biscuits on each tray. How many biscuits are made?,$544$ biscuits,,
UNVERIFIABLE,v19|y6m-mult-div|curriculum|secure|lesson|multiplication and division problems,y6m-mult-div,Multiplication and division problems,independentPractice[2],8,A shop sells $42$ packs with $15$ stickers in each pack. How many stickers are sold?,$630$ stickers,,
UNVERIFIABLE,v19|y6m-problem-solving|curriculum|secure|lesson|sats revision and consolidation,y6m-problem-solving,SATs revision and consolidation,workedExample,9,A school buys $8$ packs of pencils. Each pack has $24$ pencils. The pencils are shared equally between $6$ classes. How many pencils does each class receive?,Each class receives $32$ pencils.,,
UNVERIFIABLE,v19|y6m-problem-solving|curriculum|secure|lesson|sats revision and consolidation,y6m-problem-solving,SATs revision and consolidation,tryThis,9,A shop has $7$ boxes of stickers. Each box contains $36$ stickers. The stickers are shared equally between $9$ children. How many stickers does each child receive?,"$28$ stickers, because $7 \times 36 = 252$ and $252 \div 9 = 28$.",,
AGREE,v19|y6m-problem-solving|curriculum|secure|lesson|sats revision and consolidation,y6m-problem-solving,SATs revision and consolidation,quickCheck,9,Which calculation finds the total number of items in $7$ equal packs of $25$ items?,1,1,roman_numerals
UNVERIFIABLE,v19|y6m-problem-solving|curriculum|secure|lesson|sats revision and consolidation,y6m-problem-solving,SATs revision and consolidation,guidedPractice[0],9,A library has $5$ shelves with $48$ books on each shelf. The books are shared equally between $8$ tables. How many books are on each table?,"$30$ books, because $5 \times 48 = 240$ and $240 \div 8 = 30$.",,
UNVERIFIABLE,v19|y6m-problem-solving|curriculum|secure|lesson|sats revision and consolidation,y6m-problem-solving,SATs revision and consolidation,guidedPractice[1],9,A farmer packs $9$ trays with $16$ eggs on each tray. The eggs are placed equally into $4$ crates. How many eggs are in each crate?,"$36$ eggs, because $9 \times 16 = 144$ and $144 \div 4 = 36$.",,
UNVERIFIABLE,v19|y6m-problem-solving|curriculum|secure|lesson|sats revision and consolidation,y6m-problem-solving,SATs revision and consolidation,independentPractice[0],9,A coach buys $6$ bags of bibs. Each bag contains $35$ bibs. The bibs are shared equally between $7$ teams. How many bibs does each team receive?,"$30$ bibs, because $6 \times 35 = 210$ and $210 \div 7 = 30$.",,
UNVERIFIABLE,v19|y6m-problem-solving|curriculum|secure|lesson|sats revision and consolidation,y6m-problem-solving,SATs revision and consolidation,independentPractice[1],9,A museum sells $12$ packs of postcards. Each pack has $18$ postcards. The postcards are arranged equally in $9$ display boxes. How many postcards are in each box?,"$24$ postcards, because $12 \times 18 = 216$ and $216 \div 9 = 24$.",,
AGREE,"v19|y6m-fdp|curriculum|secure|lesson|order fractions, decimals and percentages",y6m-fdp,"Order fractions, decimals and percentages",workedExample,9,"Order $\frac{3}{5}$, $0.65$ and $70\%$ from smallest to largest.","3/5, 0.65","3/5, 0.65",fdp_equivalence
AGREE,"v19|y6m-fdp|curriculum|secure|lesson|order fractions, decimals and percentages",y6m-fdp,"Order fractions, decimals and percentages",tryThis,9,"Order $\frac{7}{10}$, $68\%$ and $0.72$ from smallest to largest.",0.7,0.7,place_value_shift
AGREE,"v19|y6m-fdp|curriculum|secure|lesson|order fractions, decimals and percentages",y6m-fdp,"Order fractions, decimals and percentages",quickCheck,9,"Which is greatest: $\frac{7}{10}$, $0.69$ or $68\%$?",0.7,0.7,place_value_shift
AGREE,"v19|y6m-fdp|curriculum|secure|lesson|order fractions, decimals and percentages",y6m-fdp,"Order fractions, decimals and percentages",guidedPractice[0],9,"Order $\frac{1}{2}$, $0.55$ and $48\%$ from smallest to largest.","1/2, 0.55","1/2, 0.55",fdp_equivalence
AGREE,"v19|y6m-fdp|curriculum|secure|lesson|order fractions, decimals and percentages",y6m-fdp,"Order fractions, decimals and percentages",guidedPractice[1],9,"Order $75\%$, $\frac{4}{5}$ and $0.78$ from smallest to largest.","0.78, 4/5","0.78, 4/5",fdp_equivalence
AGREE,"v19|y6m-fdp|curriculum|secure|lesson|order fractions, decimals and percentages",y6m-fdp,"Order fractions, decimals and percentages",independentPractice[0],9,"Order $\frac{2}{5}$, $35\%$ and $0.42$ from smallest to largest.","2/5, 0.42","2/5, 0.42",fdp_equivalence
AGREE,"v19|y6m-fdp|curriculum|secure|lesson|order fractions, decimals and percentages",y6m-fdp,"Order fractions, decimals and percentages",independentPractice[1],9,"Order $0.85$, $\frac{9}{10}$ and $88\%$ from smallest to largest.",0.9,0.9,place_value_shift
AGREE,"v19|y6m-fdp|curriculum|secure|lesson|order fractions, decimals and percentages",y6m-fdp,"Order fractions, decimals and percentages",independentPractice[2],9,"Order $\frac{3}{4}$, $0.68$ and $72\%$ from smallest to largest.","0.68, 3/4","0.68, 3/4",fdp_equivalence
UNVERIFIABLE,v19|y6m-statistics|curriculum|secure|lesson|pie charts with percentages,y6m-statistics,Pie charts with percentages,workedExample,9,"A class chose their favourite fruit. Apples are $40\%$, bananas are $25\%$, oranges are $20\%$, and pears are $15\%$. What percentage chose bananas?",25,,
AGREE,v19|y6m-statistics|curriculum|secure|lesson|pie charts with percentages,y6m-statistics,Pie charts with percentages,tryThis,9,"A pie chart shows reading choices. Fiction is $45\%$, comics are $30\%$, magazines are $15\%$, and information books are $10\%$. What percentage chose comics?",45,45,place_value_chart
UNVERIFIABLE,v19|y6m-statistics|curriculum|secure|lesson|pie charts with percentages,y6m-statistics,Pie charts with percentages,quickCheck,9,A pie chart sector for music is labelled $25\%$. What does this mean?,$25$ out of every $100$ choices were music.,,
AGREE,v19|y6m-statistics|curriculum|secure|lesson|pie charts with percentages,y6m-statistics,Pie charts with percentages,guidedPractice[0],9,"A pie chart shows pets. Dogs are $50\%$, cats are $30\%$, fish are $10\%$, and rabbits are $10\%$. What percentage chose cats?",50,50,place_value_chart
AGREE,v19|y6m-statistics|curriculum|secure|lesson|pie charts with percentages,y6m-statistics,Pie charts with percentages,guidedPractice[1],9,"A pie chart shows games. Football is $35\%$, swimming is $25\%$, tennis is $20\%$, and cycling is $20\%$. What percentage chose swimming?",35,35,place_value_chart
AGREE,v19|y6m-statistics|curriculum|secure|lesson|pie charts with percentages,y6m-statistics,Pie charts with percentages,independentPractice[0],9,"A pie chart shows lunch choices. Sandwiches are $40\%$, pasta is $30\%$, jacket potatoes are $20\%$, and salad is $10\%$. What percentage chose jacket potatoes?",40,40,place_value_chart
AGREE,v19|y6m-statistics|curriculum|secure|lesson|pie charts with percentages,y6m-statistics,Pie charts with percentages,independentPractice[1],9,"A pie chart shows transport to school. Walking is $45\%$, car is $30\%$, bus is $15\%$, and cycling is $10\%$. What percentage travelled by bus?",45,45,place_value_chart
UNVERIFIABLE,v19|y6m-statistics|curriculum|secure|lesson|pie charts with percentages,y6m-statistics,Pie charts with percentages,independentPractice[2],9,"A pie chart has sectors labelled $55\%$, $20\%$, $15\%$, and $10\%$. Do the sectors make one complete pie chart?","Yes, because $55\% + 20\% + 15\% + 10\% = 100\%$.",,
UNVERIFIABLE,v19|y6m-shape|curriculum|secure|lesson|draw shapes accurately,y6m-shape,Draw shapes accurately,workedExample,22,Draw a rectangle with a length of $6\text{ cm}$ and a width of $3\text{ cm}$.,A rectangle with two sides measuring $6\text{ cm}$ and two sides measuring $3\text{ cm}$.,,
UNVERIFIABLE,v19|y6m-shape|curriculum|secure|lesson|draw shapes accurately,y6m-shape,Draw shapes accurately,tryThis,22,Draw a rectangle with a length of $8\text{ cm}$ and a width of $2\text{ cm}$.,A rectangle with two sides measuring $8\text{ cm}$ and two sides measuring $2\text{ cm}$.,,
UNVERIFIABLE,v19|y6m-shape|curriculum|secure|lesson|draw shapes accurately,y6m-shape,Draw shapes accurately,quickCheck,22,Which ruler mark should you measure from when drawing a side of $6\text{ cm}$?,Measure from the $0$ mark.,,
UNVERIFIABLE,v19|y6m-shape|curriculum|secure|lesson|draw shapes accurately,y6m-shape,Draw shapes accurately,guidedPractice[0],22,Draw a rectangle with a length of $5\text{ cm}$ and a width of $4\text{ cm}$.,A rectangle with two sides measuring $5\text{ cm}$ and two sides measuring $4\text{ cm}$.,,
UNVERIFIABLE,v19|y6m-shape|curriculum|secure|lesson|draw shapes accurately,y6m-shape,Draw shapes accurately,guidedPractice[1],22,Draw a rectangle with a length of $7\text{ cm}$ and a width of $3\text{ cm}$.,A rectangle with two sides measuring $7\text{ cm}$ and two sides measuring $3\text{ cm}$.,,
UNVERIFIABLE,v19|y6m-shape|curriculum|secure|lesson|draw shapes accurately,y6m-shape,Draw shapes accurately,independentPractice[0],22,Draw a rectangle with a length of $9\text{ cm}$ and a width of $2\text{ cm}$.,A rectangle with two sides measuring $9\text{ cm}$ and two sides measuring $2\text{ cm}$.,,
UNVERIFIABLE,v19|y6m-shape|curriculum|secure|lesson|draw shapes accurately,y6m-shape,Draw shapes accurately,independentPractice[1],22,Draw a rectangle with a length of $4\text{ cm}$ and a width of $4\text{ cm}$.,A square with four sides measuring $4\text{ cm}$.,,
UNVERIFIABLE,v19|y6m-problem-solving|curriculum|secure|lesson|reasoning and investigations,y6m-problem-solving,Reasoning and investigations,workedExample,9,A school bought $48$ packs of pencils. Each class received $6$ packs. How many classes received pencils?,$8$ classes received pencils.,,
UNVERIFIABLE,v19|y6m-problem-solving|curriculum|secure|lesson|reasoning and investigations,y6m-problem-solving,Reasoning and investigations,tryThis,9,A coach has $63$ cones. She puts $7$ cones in each bag. How many bags can she fill? Explain your check.,"$9$ bags, because $63 \div 7 = 9$ and $9 \times 7 = 63$.",,
UNVERIFIABLE,v19|y6m-problem-solving|curriculum|secure|lesson|reasoning and investigations,y6m-problem-solving,Reasoning and investigations,quickCheck,9,There are $54$ stickers. Each packet holds $9$ stickers. Which calculation finds the number of packets?,"$54 \div 9 = 6$, so there are $6$ packets.",,
UNVERIFIABLE,v19|y6m-problem-solving|curriculum|secure|lesson|reasoning and investigations,y6m-problem-solving,Reasoning and investigations,guidedPractice[0],9,A library has $72$ new books. It puts $8$ books on each display shelf. How many shelves are filled?,"$9$ shelves, because $72 \div 8 = 9$ and $9 \times 8 = 72$.",,
UNVERIFIABLE,v19|y6m-problem-solving|curriculum|secure|lesson|reasoning and investigations,y6m-problem-solving,Reasoning and investigations,guidedPractice[1],9,A baker makes $56$ cupcakes. She places $7$ cupcakes in each box. How many boxes does she need?,"$8$ boxes, because $56 \div 7 = 8$ and $8 \times 7 = 56$.",,
UNVERIFIABLE,v19|y6m-problem-solving|curriculum|secure|lesson|reasoning and investigations,y6m-problem-solving,Reasoning and investigations,independentPractice[0],9,A museum has $84$ visitors. Each tour group has $12$ visitors. How many groups are there? Show a check.,"$7$ groups, because $84 \div 12 = 7$ and $7 \times 12 = 84$.",,
UNVERIFIABLE,v19|y6m-problem-solving|curriculum|secure|lesson|reasoning and investigations,y6m-problem-solving,Reasoning and investigations,independentPractice[1],9,A teacher shares $96$ counters equally between $12$ tables. How many counters does each table receive? Show a check.,"$8$ counters per table, because $96 \div 12 = 8$ and $8 \times 12 = 96$.",,
UNVERIFIABLE,v19|y6m-problem-solving|curriculum|secure|lesson|reasoning and investigations,y6m-problem-solving,Reasoning and investigations,independentPractice[2],9,A runner completes $45$ laps in $5$ equal sessions. How many laps are in each session? Explain why division is needed.,$9$ laps per session. Division is needed because $45$ laps are shared into $5$ equal sessions: $45 \div 5 = 9$.,,
AGREE,"v19|y5m-decimals|curriculum|secure|lesson|multiply decimals by 10, 100 and 1000",y5m-decimals,"Multiply decimals by 10, 100 and 1000",workedExample,8,$4.27 \times 100$,427,427,place_value_shift
AGREE,"v19|y5m-decimals|curriculum|secure|lesson|multiply decimals by 10, 100 and 1000",y5m-decimals,"Multiply decimals by 10, 100 and 1000",tryThis,8,$0.583 \times 1000$,583,583,place_value_shift
AGREE,"v19|y5m-decimals|curriculum|secure|lesson|multiply decimals by 10, 100 and 1000",y5m-decimals,"Multiply decimals by 10, 100 and 1000",quickCheck,8,$5.032 \times 1000$,5032,5032,place_value_shift
AGREE,"v19|y5m-decimals|curriculum|secure|lesson|multiply decimals by 10, 100 and 1000",y5m-decimals,"Multiply decimals by 10, 100 and 1000",guidedPractice[0],8,$6.4 \times 10$,64,64,place_value_shift
AGREE,"v19|y5m-decimals|curriculum|secure|lesson|multiply decimals by 10, 100 and 1000",y5m-decimals,"Multiply decimals by 10, 100 and 1000",guidedPractice[1],8,$0.36 \times 100$,36,36,place_value_shift
AGREE,"v19|y5m-decimals|curriculum|secure|lesson|multiply decimals by 10, 100 and 1000",y5m-decimals,"Multiply decimals by 10, 100 and 1000",guidedPractice[2],8,$7.08 \times 1000$,7080,7080,place_value_shift
AGREE,"v19|y5m-decimals|curriculum|secure|lesson|multiply decimals by 10, 100 and 1000",y5m-decimals,"Multiply decimals by 10, 100 and 1000",independentPractice[0],8,$3.9 \times 10$,39,39,place_value_shift
AGREE,"v19|y5m-decimals|curriculum|secure|lesson|multiply decimals by 10, 100 and 1000",y5m-decimals,"Multiply decimals by 10, 100 and 1000",independentPractice[1],8,$0.47 \times 100$,47,47,place_value_shift
AGREE,"v19|y5m-decimals|curriculum|secure|lesson|multiply decimals by 10, 100 and 1000",y5m-decimals,"Multiply decimals by 10, 100 and 1000",independentPractice[2],8,$12.06 \times 100$,1206,1206,place_value_shift
AGREE,"v19|y5m-decimals|curriculum|secure|lesson|multiply decimals by 10, 100 and 1000",y5m-decimals,"Multiply decimals by 10, 100 and 1000",independentPractice[3],8,$0.205 \times 1000$,205,205,place_value_shift
AGREE,v19|y5m-fractions|curriculum|secure|guided|improper fractions to mixed numbers,y5m-fractions,Improper fractions to mixed numbers,workedExample,2,Change $\frac{11}{4}$ into a mixed number.,2 3/4,2 3/4,fraction_ops
AGREE,v19|y5m-fractions|curriculum|secure|guided|improper fractions to mixed numbers,y5m-fractions,Improper fractions to mixed numbers,tryThis,2,Change $\frac{14}{5}$ into a mixed number.,2 4/5,2 4/5,fraction_ops
AGREE,v19|y5m-fractions|curriculum|secure|guided|improper fractions to mixed numbers,y5m-fractions,Improper fractions to mixed numbers,quickCheck,2,Change $\frac{16}{7}$ into a mixed number.,2 2/7,2 2/7,fraction_ops
AGREE,v19|y5m-fractions|curriculum|secure|guided|improper fractions to mixed numbers,y5m-fractions,Improper fractions to mixed numbers,guidedPractice[0],2,Change $\frac{9}{2}$ into a mixed number.,4 1/2,4 1/2,fraction_ops
AGREE,v19|y5m-fractions|curriculum|secure|guided|improper fractions to mixed numbers,y5m-fractions,Improper fractions to mixed numbers,guidedPractice[1],2,Change $\frac{13}{3}$ into a mixed number.,4 1/3,4 1/3,fraction_ops
AGREE,v19|y5m-fractions|curriculum|secure|guided|improper fractions to mixed numbers,y5m-fractions,Improper fractions to mixed numbers,guidedPractice[2],2,Change $\frac{17}{5}$ into a mixed number.,3 2/5,3 2/5,fraction_ops
AGREE,v19|y5m-fractions|curriculum|secure|guided|improper fractions to mixed numbers,y5m-fractions,Improper fractions to mixed numbers,independentPractice[0],2,Change $\frac{10}{3}$ into a mixed number.,3 1/3,3 1/3,fraction_ops
AGREE,v19|y5m-fractions|curriculum|secure|guided|improper fractions to mixed numbers,y5m-fractions,Improper fractions to mixed numbers,independentPractice[1],2,Change $\frac{19}{4}$ into a mixed number.,4 3/4,4 3/4,fraction_ops
AGREE,v19|y5m-fractions|curriculum|secure|guided|improper fractions to mixed numbers,y5m-fractions,Improper fractions to mixed numbers,independentPractice[2],2,Change $\frac{22}{6}$ into a mixed number.,3 4/6,3 4/6,fraction_ops
UNVERIFIABLE,v19|y5m-add-subtract|curriculum|secure|lesson|round to check answers,y5m-add-subtract,Round to check answers,workedExample,4,Use rounding to check whether $368 + 247 = 615$ is sensible.,615,,
UNVERIFIABLE,v19|y5m-add-subtract|curriculum|secure|lesson|round to check answers,y5m-add-subtract,Round to check answers,tryThis,4,Use rounding to check whether $452 + 329 = 781$ is sensible. Round to the nearest hundred.,"$452 \approx 500$, $329 \approx 300$, and $500 + 300 = 800$. The answer $781$ is sensible.",,
AGREE,v19|y5m-add-subtract|curriculum|secure|lesson|round to check answers,y5m-add-subtract,Round to check answers,quickCheck,4,Round $267$ to the nearest hundred. Which digit decides the rounding?,300,300,rounding_number_line
UNVERIFIABLE,v19|y5m-add-subtract|curriculum|secure|lesson|round to check answers,y5m-add-subtract,Round to check answers,guidedPractice[0],4,Use rounding to check whether $274 + 518 = 792$ is sensible. Round to the nearest hundred.,"$274 \approx 300$, $518 \approx 500$, and $300 + 500 = 800$. The answer $792$ is sensible.",,
UNVERIFIABLE,v19|y5m-add-subtract|curriculum|secure|lesson|round to check answers,y5m-add-subtract,Round to check answers,guidedPractice[1],4,Use rounding to check whether $641 + 183 = 724$ is sensible. Round to the nearest hundred.,"$641 \approx 600$, $183 \approx 200$, and $600 + 200 = 800$. The answer $724$ is reasonably close, so it is sensible.",,
UNVERIFIABLE,v19|y5m-add-subtract|curriculum|secure|lesson|round to check answers,y5m-add-subtract,Round to check answers,independentPractice[0],4,Use rounding to check whether $356 + 428 = 784$ is sensible. Round to the nearest hundred.,"$356 \approx 400$, $428 \approx 400$, and $400 + 400 = 800$. The answer $784$ is sensible.",,
UNVERIFIABLE,v19|y5m-add-subtract|curriculum|secure|lesson|round to check answers,y5m-add-subtract,Round to check answers,independentPractice[1],4,Use rounding to check whether $712 + 269 = 981$ is sensible. Round to the nearest hundred.,"$712 \approx 700$, $269 \approx 300$, and $700 + 300 = 1000$. The answer $981$ is sensible.",,
UNVERIFIABLE,v19|y5m-add-subtract|curriculum|secure|lesson|round to check answers,y5m-add-subtract,Round to check answers,independentPractice[2],4,Use rounding to check whether $483 + 156 = 739$ is sensible. Round to the nearest hundred.,"$483 \approx 500$, $156 \approx 200$, and $500 + 200 = 700$. The answer $739$ is sensible.",,
AGREE,v19|y5m-position-direction|curriculum|secure|lesson|lines of symmetry,y5m-position-direction,Lines of symmetry,workedExample,11,"Does the vertical line through $x = 0$ form a line of symmetry for the shape with points $A(-3,1)$, $B(-1,3)$, $C(1,3)$ and $D(3,1)$?",x = 0,x = 0,linear_equation
AGREE,v19|y5m-position-direction|curriculum|secure|lesson|lines of symmetry,y5m-position-direction,Lines of symmetry,tryThis,11,"A shape has points $E(-2,2)$, $F(-2,4)$, $G(2,4)$ and $H(2,2)$. Is $x = 0$ a line of symmetry?",x = 0,x = 0,linear_equation
UNVERIFIABLE,v19|y5m-position-direction|curriculum|secure|lesson|lines of symmetry,y5m-position-direction,Lines of symmetry,quickCheck,11,True or false: A line of symmetry must make two matching mirror halves.,True.,,
UNVERIFIABLE,v19|y5m-position-direction|curriculum|secure|lesson|lines of symmetry,y5m-position-direction,Lines of symmetry,guidedPractice[0],11,A square has a vertical line through its centre. Is this a line of symmetry?,"Yes, because the left and right halves match exactly.",,
UNVERIFIABLE,v19|y5m-position-direction|curriculum|secure|lesson|lines of symmetry,y5m-position-direction,Lines of symmetry,guidedPractice[1],11,A non-square rectangle has a diagonal drawn from one corner to the opposite corner. Is the diagonal a line of symmetry?,"No, because the corners and edges would not match after folding.",,
UNVERIFIABLE,v19|y5m-position-direction|curriculum|secure|lesson|lines of symmetry,y5m-position-direction,Lines of symmetry,independentPractice[0],11,How many lines of symmetry does a regular pentagon have?,$5$,,
UNVERIFIABLE,v19|y5m-position-direction|curriculum|secure|lesson|lines of symmetry,y5m-position-direction,Lines of symmetry,independentPractice[1],11,How many lines of symmetry does a rectangle that is not a square have?,$2$,,
UNVERIFIABLE,v19|y5m-position-direction|curriculum|secure|lesson|lines of symmetry,y5m-position-direction,Lines of symmetry,independentPractice[2],11,Does an isosceles triangle have a line of symmetry?,"Yes, it has $1$ line of symmetry from the top vertex to the midpoint of the base.",,
UNVERIFIABLE,v19|y6m-add-subtract|curriculum|secure|lesson|mental calculations and estimation,y6m-add-subtract,Mental calculations and estimation,workedExample,9,$347 + 268$,615,,
UNVERIFIABLE,v19|y6m-add-subtract|curriculum|secure|lesson|mental calculations and estimation,y6m-add-subtract,Mental calculations and estimation,tryThis,9,Estimate $451 + 372$ by rounding to the nearest hundred.,"$451 \approx 500$, $372 \approx 400$, so the estimate is $900$.",,
UNVERIFIABLE,v19|y6m-add-subtract|curriculum|secure|lesson|mental calculations and estimation,y6m-add-subtract,Mental calculations and estimation,quickCheck,9,Estimate $691 + 214$ by rounding to the nearest hundred.,"$691 \approx 700$, $214 \approx 200$, so the estimate is $900$.",,
UNVERIFIABLE,v19|y6m-add-subtract|curriculum|secure|lesson|mental calculations and estimation,y6m-add-subtract,Mental calculations and estimation,guidedPractice[0],9,Estimate $284 + 413$ by rounding to the nearest hundred.,"$284 \approx 300$, $413 \approx 400$, so the estimate is $700$.",,
UNVERIFIABLE,v19|y6m-add-subtract|curriculum|secure|lesson|mental calculations and estimation,y6m-add-subtract,Mental calculations and estimation,guidedPractice[1],9,Estimate $639 + 178$ by rounding to the nearest hundred.,"$639 \approx 600$, $178 \approx 200$, so the estimate is $800$.",,
UNVERIFIABLE,v19|y6m-add-subtract|curriculum|secure|lesson|mental calculations and estimation,y6m-add-subtract,Mental calculations and estimation,independentPractice[0],9,Estimate $526 + 249$ by rounding to the nearest hundred.,"$526 \approx 500$, $249 \approx 200$, so the estimate is $700$.",,
UNVERIFIABLE,v19|y6m-add-subtract|curriculum|secure|lesson|mental calculations and estimation,y6m-add-subtract,Mental calculations and estimation,independentPractice[1],9,Estimate $764 + 318$ by rounding to the nearest hundred.,"$764 \approx 800$, $318 \approx 300$, so the estimate is $1,100$.",,
UNVERIFIABLE,v19|y6m-add-subtract|curriculum|secure|lesson|mental calculations and estimation,y6m-add-subtract,Mental calculations and estimation,independentPractice[2],9,Estimate $452 + 451$ by rounding to the nearest hundred.,"$452 \approx 500$, $451 \approx 500$, so the estimate is $1,000$.",,
UNVERIFIABLE,v19|y6m-fdp|curriculum|secure|lesson|percentages — missing values,y6m-fdp,Percentages — missing values,workedExample,9,$18$ out of $24$ pupils walk to school. What percentage of the class walks to school?,$75\%$ of the class walks to school.,,
UNVERIFIABLE,v19|y6m-fdp|curriculum|secure|lesson|percentages — missing values,y6m-fdp,Percentages — missing values,tryThis,9,$15$ out of $20$ stickers are blue. What percentage of the stickers are blue?,$75\%$,,
UNVERIFIABLE,v19|y6m-fdp|curriculum|secure|lesson|percentages — missing values,y6m-fdp,Percentages — missing values,quickCheck,9,$8$ out of $10$ balloons are green. What percentage are green?,$80\%$,,
UNVERIFIABLE,v19|y6m-fdp|curriculum|secure|lesson|percentages — missing values,y6m-fdp,Percentages — missing values,guidedPractice[0],9,$12$ out of $16$ children choose apples. What percentage choose apples?,$75\%$,,
UNVERIFIABLE,v19|y6m-fdp|curriculum|secure|lesson|percentages — missing values,y6m-fdp,Percentages — missing values,guidedPractice[1],9,$9$ out of $12$ flags are red. What percentage are red?,$75\%$,,
UNVERIFIABLE,v19|y6m-fdp|curriculum|secure|lesson|percentages — missing values,y6m-fdp,Percentages — missing values,independentPractice[0],9,$5$ out of $20$ books are new. What percentage are new?,$25\%$,,
UNVERIFIABLE,v19|y6m-fdp|curriculum|secure|lesson|percentages — missing values,y6m-fdp,Percentages — missing values,independentPractice[1],9,$14$ out of $20$ pupils bring a packed lunch. What percentage bring a packed lunch?,$70\%$,,
UNVERIFIABLE,v19|y6m-fdp|curriculum|secure|lesson|percentages — missing values,y6m-fdp,Percentages — missing values,independentPractice[2],9,$30$ out of $40$ counters are yellow. What percentage are yellow?,$75\%$,,
AGREE,v19|y5m-position-direction|curriculum|secure|lesson|reflection,y5m-position-direction,Reflection,workedExample,23,"Reflect triangle $ABC$ in the vertical mirror line $x=4$. The vertices are $A(2,2)$, $B(3,5)$ and $C(1,4)$.","A′=(6,2), B′=(5,5), C′=(7,4)","A′=(6,2), B′=(5,5), C′=(7,4)",coordinate_plot
AGREE,v19|y5m-position-direction|curriculum|secure|lesson|reflection,y5m-position-direction,Reflection,tryThis,23,"Reflect point $P(2,3)$ in the vertical mirror line $x=5$.","(8,3)","(8,3)",coordinate_plot
AGREE,v19|y5m-position-direction|curriculum|secure|lesson|reflection,y5m-position-direction,Reflection,quickCheck,23,"Point $K(4,6)$ is reflected in the vertical mirror line $x=4$. Where is $K'$?","(4,6)","(4,6)",coordinate_plot
AGREE,v19|y5m-position-direction|curriculum|secure|lesson|reflection,y5m-position-direction,Reflection,guidedPractice[0],23,"Reflect $D(3,1)$ in the vertical mirror line $x=5$.","(7,1)","(7,1)",coordinate_plot
AGREE,v19|y5m-position-direction|curriculum|secure|lesson|reflection,y5m-position-direction,Reflection,guidedPractice[1],23,"Reflect $E(6,4)$ in the vertical mirror line $x=4$.","(2,4)","(2,4)",coordinate_plot
AGREE,v19|y5m-position-direction|curriculum|secure|lesson|reflection,y5m-position-direction,Reflection,independentPractice[0],23,"Reflect $F(1,5)$ in the vertical mirror line $x=3$.","(5,5)","(5,5)",coordinate_plot
AGREE,v19|y5m-position-direction|curriculum|secure|lesson|reflection,y5m-position-direction,Reflection,independentPractice[1],23,"Reflect $G(5,2)$ in the vertical mirror line $x=6$.","(7,2)","(7,2)",coordinate_plot
AGREE,v19|y5m-position-direction|curriculum|secure|lesson|reflection,y5m-position-direction,Reflection,independentPractice[2],23,"Reflect triangle $HIJ$ in $x=4$. Its vertices are $H(2,1)$, $I(3,3)$ and $J(1,4)$.","H′=(6,1), I′=(5,3), J′=(7,4)","H′=(6,1), I′=(5,3), J′=(7,4)",coordinate_plot
AGREE,v19|y6m-ratio|curriculum|secure|lesson|scale factors and scale drawings,y6m-ratio,Scale factors and scale drawings,workedExample,8,A rectangle is $4\text{ cm}$ long and $2\text{ cm}$ wide. Draw it using a scale factor of $3$. What are the new lengths?,"1, 3","1, 3",multiples_number_line
AGREE,v19|y6m-ratio|curriculum|secure|lesson|scale factors and scale drawings,y6m-ratio,Scale factors and scale drawings,tryThis,8,"A triangle has sides of $3\text{ cm}$, $4\text{ cm}$ and $5\text{ cm}$. Use a scale factor of $2$. What are the new side lengths?","1, 2","1, 2",multiples_number_line
AGREE,v19|y6m-ratio|curriculum|secure|lesson|scale factors and scale drawings,y6m-ratio,Scale factors and scale drawings,quickCheck,8,A line measures $8\text{ cm}$. What will it measure after a scale factor of $3$?,"1, 3","1, 3",multiples_number_line
UNVERIFIABLE,v19|y6m-ratio|curriculum|secure|lesson|scale factors and scale drawings,y6m-ratio,Scale factors and scale drawings,guidedPractice[0],8,A square has side length $5\text{ cm}$. Its scale factor is $4$. What is the new side length?,$20\text{ cm}$.,,
AGREE,v19|y6m-ratio|curriculum|secure|lesson|scale factors and scale drawings,y6m-ratio,Scale factors and scale drawings,guidedPractice[1],8,A rectangle is $7\text{ cm}$ by $3\text{ cm}$. Use a scale factor of $2$. What are its new dimensions?,"1, 2","1, 2",multiples_number_line
AGREE,v19|y6m-ratio|curriculum|secure|lesson|scale factors and scale drawings,y6m-ratio,Scale factors and scale drawings,independentPractice[0],8,"A triangle has side lengths $6\text{ cm}$, $8\text{ cm}$ and $9\text{ cm}$. Use a scale factor of $3$. Find the new side lengths.","1, 3","1, 3",multiples_number_line
AGREE,v19|y6m-ratio|curriculum|secure|lesson|scale factors and scale drawings,y6m-ratio,Scale factors and scale drawings,independentPractice[1],8,A rectangle is $9\text{ cm}$ long and $4\text{ cm}$ wide. Use a scale factor of $5$. Find the new dimensions.,"1, 5","1, 5",multiples_number_line
UNVERIFIABLE,v19|y6m-ratio|curriculum|secure|lesson|scale factors and scale drawings,y6m-ratio,Scale factors and scale drawings,independentPractice[2],8,A shape has a side of $15\text{ cm}$ after enlargement. The original side was $5\text{ cm}$. What scale factor was used?,"$3$, because $15 \div 5 = 3$.",,
AGREE,v19|y5m-mult-div-a|curriculum|secure|lesson|common factors,y5m-mult-div-a,Common factors,workedExample,8,Find all the common factors of $18$ and $24$.,"1, 2, 3, 6, 9, 18","1, 2, 3, 6, 9, 18",multiples_number_line
AGREE,v19|y5m-mult-div-a|curriculum|secure|lesson|common factors,y5m-mult-div-a,Common factors,tryThis,8,Find all the common factors of $12$ and $20$.,"1, 2, 3, 4, 6, 12","1, 2, 3, 4, 6, 12",multiples_number_line
AGREE,v19|y5m-mult-div-a|curriculum|secure|lesson|common factors,y5m-mult-div-a,Common factors,quickCheck,8,Is $4$ a common factor of $12$ and $18$?,"1, 2, 3, 4, 6, 12","1, 2, 3, 4, 6, 12",multiples_number_line
AGREE,v19|y5m-mult-div-a|curriculum|secure|lesson|common factors,y5m-mult-div-a,Common factors,guidedPractice[0],8,Find all the common factors of $16$ and $24$.,"1, 2, 4, 8, 16","1, 2, 4, 8, 16",multiples_number_line
AGREE,v19|y5m-mult-div-a|curriculum|secure|lesson|common factors,y5m-mult-div-a,Common factors,guidedPractice[1],8,Find all the common factors of $15$ and $25$.,"1, 3, 5, 15","1, 3, 5, 15",multiples_number_line
AGREE,v19|y5m-mult-div-a|curriculum|secure|lesson|common factors,y5m-mult-div-a,Common factors,independentPractice[0],8,Find all the common factors of $14$ and $21$.,"1, 2, 7, 14","1, 2, 7, 14",multiples_number_line
AGREE,v19|y5m-mult-div-a|curriculum|secure|lesson|common factors,y5m-mult-div-a,Common factors,independentPractice[1],8,Find all the common factors of $20$ and $30$.,"1, 2, 4, 5, 10, 20","1, 2, 4, 5, 10, 20",multiples_number_line
AGREE,v19|y5m-mult-div-a|curriculum|secure|lesson|common factors,y5m-mult-div-a,Common factors,independentPractice[2],8,Find all the common factors of $27$ and $36$.,"1, 3, 9, 27","1, 3, 9, 27",multiples_number_line
UNVERIFIABLE,v19|y6m-add-subtract|curriculum|secure|lesson|multi-step problems,y6m-add-subtract,Multi-step problems,workedExample,9,"A school collected $2,468$ cans on Monday and $1,756$ cans on Tuesday. It sent $3,120$ cans for recycling. How many cans were left?","$1,104$ cans were left.",,
UNVERIFIABLE,v19|y6m-add-subtract|curriculum|secure|lesson|multi-step problems,y6m-add-subtract,Multi-step problems,tryThis,9,"A library bought $1,875$ books in autumn and $2,346$ books in spring. It gave away $1,620$ books. How many books did it have left?","$2,601$ books",,
UNVERIFIABLE,v19|y6m-add-subtract|curriculum|secure|lesson|multi-step problems,y6m-add-subtract,Multi-step problems,quickCheck,9,"A team scored $1,245$ points in one game and $876$ points in another game. It used $950$ points for prizes. How many points remained?","$1,171$ points",,
UNVERIFIABLE,v19|y6m-add-subtract|curriculum|secure|lesson|multi-step problems,y6m-add-subtract,Multi-step problems,guidedPractice[0],9,"A charity collected $1,324$ toys on Friday and $2,187$ toys on Saturday. It delivered $2,450$ toys. How many toys were left?","$1,061$ toys",,
UNVERIFIABLE,v19|y6m-add-subtract|curriculum|secure|lesson|multi-step problems,y6m-add-subtract,Multi-step problems,guidedPractice[1],9,"A farm packed $3,456$ apples in the morning and $1,789$ apples in the afternoon. It sold $4,120$ apples. How many apples were left?","$1,125$ apples",,
UNVERIFIABLE,v19|y6m-add-subtract|curriculum|secure|lesson|multi-step problems,y6m-add-subtract,Multi-step problems,independentPractice[0],9,"A museum had $2,675$ visitors on Saturday and $1,938$ visitors on Sunday. $1,250$ visitors were children. How many visitors were adults?","$3,363$ visitors",,
UNVERIFIABLE,v19|y6m-add-subtract|curriculum|secure|lesson|multi-step problems,y6m-add-subtract,Multi-step problems,independentPractice[1],9,"A school ordered $1,845$ pencils and $2,276$ pens. It gave $1,930$ items to younger classes. How many items were left?","$2,191$ items",,
UNVERIFIABLE,v19|y6m-add-subtract|curriculum|secure|lesson|multi-step problems,y6m-add-subtract,Multi-step problems,independentPractice[2],9,"A shop received $3,782$ stickers on Monday and $1,469$ stickers on Tuesday. It sold $2,875$ stickers. How many stickers remained?","$2,376$ stickers",,
UNVERIFIABLE,v19|y5m-shape|curriculum|secure|lesson|lines of symmetry,y5m-shape,Lines of symmetry,workedExample,0,How many lines of symmetry does a square with side length $4\text{ cm}$ have?,The square has $4$ lines of symmetry.,,
UNVERIFIABLE,v19|y5m-shape|curriculum|secure|lesson|lines of symmetry,y5m-shape,Lines of symmetry,tryThis,0,How many lines of symmetry does an equilateral triangle have?,An equilateral triangle has $3$ lines of symmetry.,,
UNVERIFIABLE,v19|y5m-shape|curriculum|secure|lesson|lines of symmetry,y5m-shape,Lines of symmetry,quickCheck,0,A shape has matching left and right halves when folded down the middle. What is the fold called?,It is called a line of symmetry.,,
UNVERIFIABLE,v19|y5m-shape|curriculum|secure|lesson|lines of symmetry,y5m-shape,Lines of symmetry,guidedPractice[0],0,How many lines of symmetry does a rectangle measuring $6\text{ cm}$ by $3\text{ cm}$ have?,A non-square rectangle has $2$ lines of symmetry.,,
UNVERIFIABLE,v19|y5m-shape|curriculum|secure|lesson|lines of symmetry,y5m-shape,Lines of symmetry,guidedPractice[1],0,How many lines of symmetry does a regular pentagon have?,A regular pentagon has $5$ lines of symmetry.,,
UNVERIFIABLE,v19|y5m-shape|curriculum|secure|lesson|lines of symmetry,y5m-shape,Lines of symmetry,independentPractice[0],0,How many lines of symmetry does an isosceles triangle have?,An isosceles triangle has $1$ line of symmetry.,,
UNVERIFIABLE,v19|y5m-shape|curriculum|secure|lesson|lines of symmetry,y5m-shape,Lines of symmetry,independentPractice[1],0,How many lines of symmetry does a scalene triangle have?,A scalene triangle has $0$ lines of symmetry.,,
UNVERIFIABLE,v19|y5m-shape|curriculum|secure|lesson|lines of symmetry,y5m-shape,Lines of symmetry,independentPractice[2],0,How many lines of symmetry does a regular hexagon have?,A regular hexagon has $6$ lines of symmetry.,,
AGREE,v19|y5m-mult-div|curriculum|secure|lesson|common factors,y5m-mult-div,Common factors,workedExample,0,Find all the common factors of $18$ and $24$.,"1, 2, 3, 6, 9, 18","1, 2, 3, 6, 9, 18",multiples_number_line
AGREE,v19|y5m-mult-div|curriculum|secure|lesson|common factors,y5m-mult-div,Common factors,tryThis,0,Find all the common factors of $12$ and $20$.,"1, 2, 3, 4, 6, 12","1, 2, 3, 4, 6, 12",multiples_number_line
AGREE,v19|y5m-mult-div|curriculum|secure|lesson|common factors,y5m-mult-div,Common factors,quickCheck,0,Is $6$ a common factor of $18$ and $30$?,"1, 2, 3, 6, 9, 18","1, 2, 3, 6, 9, 18",multiples_number_line
AGREE,v19|y5m-mult-div|curriculum|secure|lesson|common factors,y5m-mult-div,Common factors,guidedPractice[0],0,Find all the common factors of $16$ and $24$.,"1, 2, 4, 8, 16","1, 2, 4, 8, 16",multiples_number_line
AGREE,v19|y5m-mult-div|curriculum|secure|lesson|common factors,y5m-mult-div,Common factors,guidedPractice[1],0,Find all the common factors of $15$ and $25$.,"1, 3, 5, 15","1, 3, 5, 15",multiples_number_line
AGREE,v19|y5m-mult-div|curriculum|secure|lesson|common factors,y5m-mult-div,Common factors,independentPractice[0],0,Find all the common factors of $14$ and $21$.,"1, 2, 7, 14","1, 2, 7, 14",multiples_number_line
AGREE,v19|y5m-mult-div|curriculum|secure|lesson|common factors,y5m-mult-div,Common factors,independentPractice[1],0,Find all the common factors of $20$ and $30$.,"1, 2, 4, 5, 10, 20","1, 2, 4, 5, 10, 20",multiples_number_line
AGREE,v19|y5m-mult-div|curriculum|secure|lesson|common factors,y5m-mult-div,Common factors,independentPractice[2],0,Find all the common factors of $27$ and $36$.,"1, 3, 9, 27","1, 3, 9, 27",multiples_number_line
AGREE,"v19|y5m-decimals|curriculum|secure|lesson|multiply and divide decimals by 10, 100 and 1,000",y5m-decimals,"Multiply and divide decimals by 10, 100 and 1,000",workedExample,0,$4.56 \div 100$,0.0456,0.0456,place_value_shift
AGREE,"v19|y5m-decimals|curriculum|secure|lesson|multiply and divide decimals by 10, 100 and 1,000",y5m-decimals,"Multiply and divide decimals by 10, 100 and 1,000",tryThis,0,$0.783 \times 100$,78.3,78.3,place_value_shift
AGREE,"v19|y5m-decimals|curriculum|secure|lesson|multiply and divide decimals by 10, 100 and 1,000",y5m-decimals,"Multiply and divide decimals by 10, 100 and 1,000",quickCheck,0,Which is greater: $5.08$ or $5.08 \div 10$?,0.508,0.508,place_value_shift
AGREE,"v19|y5m-decimals|curriculum|secure|lesson|multiply and divide decimals by 10, 100 and 1,000",y5m-decimals,"Multiply and divide decimals by 10, 100 and 1,000",guidedPractice[0],0,$3.7 \times 10$,37,37,place_value_shift
AGREE,"v19|y5m-decimals|curriculum|secure|lesson|multiply and divide decimals by 10, 100 and 1,000",y5m-decimals,"Multiply and divide decimals by 10, 100 and 1,000",guidedPractice[1],0,$8.25 \div 10$,0.825,0.825,place_value_shift
AGREE,"v19|y5m-decimals|curriculum|secure|lesson|multiply and divide decimals by 10, 100 and 1,000",y5m-decimals,"Multiply and divide decimals by 10, 100 and 1,000",guidedPractice[2],0,"$0.64 \times 1{,}000$",0.64,0.64,decimal_column
AGREE,"v19|y5m-decimals|curriculum|secure|lesson|multiply and divide decimals by 10, 100 and 1,000",y5m-decimals,"Multiply and divide decimals by 10, 100 and 1,000",independentPractice[0],0,$6.09 \times 100$,609,609,place_value_shift
AGREE,"v19|y5m-decimals|curriculum|secure|lesson|multiply and divide decimals by 10, 100 and 1,000",y5m-decimals,"Multiply and divide decimals by 10, 100 and 1,000",independentPractice[1],0,$72.4 \div 100$,0.724,0.724,place_value_shift
AGREE,"v19|y5m-decimals|curriculum|secure|lesson|multiply and divide decimals by 10, 100 and 1,000",y5m-decimals,"Multiply and divide decimals by 10, 100 and 1,000",independentPractice[2],0,"$0.058 \times 1{,}000$",0.058,0.058,decimal_column
UNVERIFIABLE,"v19|y5m-decimals|curriculum|secure|lesson|multiply and divide decimals by 10, 100 and 1,000",y5m-decimals,"Multiply and divide decimals by 10, 100 and 1,000",independentPractice[3],0,"$15.6 \div 1{,}000$",$0.0156$,,
UNVERIFIABLE,v19|y6m-shape|curriculum|secure|lesson|scale factors and scale drawings,y6m-shape,Scale factors and scale drawings,workedExample,0,A rectangle is $4\text{ cm}$ long and $2\text{ cm}$ wide. Draw an enlargement with scale factor $3$. What are its new side lengths?,The enlarged rectangle is $12\text{ cm}$ long and $6\text{ cm}$ wide.,,
UNVERIFIABLE,v19|y6m-shape|curriculum|secure|lesson|scale factors and scale drawings,y6m-shape,Scale factors and scale drawings,tryThis,0,A square has side length $5\text{ cm}$. Its scale factor is $2$. What is the new side length?,"$5 \times 2 = 10$, so the new side length is $10\text{ cm}$.",,
UNVERIFIABLE,v19|y6m-shape|curriculum|secure|lesson|scale factors and scale drawings,y6m-shape,Scale factors and scale drawings,quickCheck,0,A line is $9\text{ cm}$ long. What is its length after enlargement with scale factor $2$?,"$9 \times 2 = 18$, so the line is $18\text{ cm}$ long.",,
UNVERIFIABLE,v19|y6m-shape|curriculum|secure|lesson|scale factors and scale drawings,y6m-shape,Scale factors and scale drawings,guidedPractice[0],0,"A triangle has sides $3\text{ cm}$, $4\text{ cm}$ and $5\text{ cm}$. Enlarge it using scale factor $2$.","The new side lengths are $6\text{ cm}$, $8\text{ cm}$ and $10\text{ cm}$.",,
UNVERIFIABLE,v19|y6m-shape|curriculum|secure|lesson|scale factors and scale drawings,y6m-shape,Scale factors and scale drawings,guidedPractice[1],0,A rectangle is $7\text{ cm}$ by $3\text{ cm}$. Its scale factor is $4$. Find the enlarged dimensions.,The enlarged rectangle is $28\text{ cm}$ by $12\text{ cm}$.,,
UNVERIFIABLE,v19|y6m-shape|curriculum|secure|lesson|scale factors and scale drawings,y6m-shape,Scale factors and scale drawings,independentPractice[0],0,A square has side length $6\text{ cm}$. Enlarge it using scale factor $3$.,The new side length is $18\text{ cm}$.,,
UNVERIFIABLE,v19|y6m-shape|curriculum|secure|lesson|scale factors and scale drawings,y6m-shape,Scale factors and scale drawings,independentPractice[1],0,A rectangle is $8\text{ cm}$ long and $5\text{ cm}$ wide. Enlarge it using scale factor $2$.,The enlarged rectangle is $16\text{ cm}$ long and $10\text{ cm}$ wide.,,
UNVERIFIABLE,v19|y6m-shape|curriculum|secure|lesson|scale factors and scale drawings,y6m-shape,Scale factors and scale drawings,independentPractice[2],0,"A triangle has sides $2\text{ cm}$, $6\text{ cm}$ and $7\text{ cm}$. Enlarge it using scale factor $3$.","The new side lengths are $6\text{ cm}$, $18\text{ cm}$ and $21\text{ cm}$.",,
AGREE,v19|y6m-decimals|curriculum|secure|lesson|multiply decimals,y6m-decimals,Multiply decimals,workedExample,9,$1.2 \times 0.3$,0.36,0.36,decimal_column
AGREE,v19|y6m-decimals|curriculum|secure|lesson|multiply decimals,y6m-decimals,Multiply decimals,tryThis,9,$2.4 \times 0.2$,0.48,0.48,decimal_column
AGREE,v19|y6m-decimals|curriculum|secure|lesson|multiply decimals,y6m-decimals,Multiply decimals,quickCheck,9,Where should the decimal point go in $14 \times 6 = 84$ when calculating $1.4 \times 0.6$?,84,84,decimal_column
AGREE,v19|y6m-decimals|curriculum|secure|lesson|multiply decimals,y6m-decimals,Multiply decimals,guidedPractice[0],9,$1.4 \times 0.2$,0.28,0.28,decimal_column
AGREE,v19|y6m-decimals|curriculum|secure|lesson|multiply decimals,y6m-decimals,Multiply decimals,guidedPractice[1],9,$2.3 \times 0.4$,0.92,0.92,decimal_column
AGREE,v19|y6m-decimals|curriculum|secure|lesson|multiply decimals,y6m-decimals,Multiply decimals,independentPractice[0],9,$1.6 \times 0.5$,0.8,0.8,decimal_column
AGREE,v19|y6m-decimals|curriculum|secure|lesson|multiply decimals,y6m-decimals,Multiply decimals,independentPractice[1],9,$3.2 \times 0.3$,0.96,0.96,decimal_column
AGREE,v19|y6m-decimals|curriculum|secure|lesson|multiply decimals,y6m-decimals,Multiply decimals,independentPractice[2],9,$2.5 \times 0.4$,1,1,decimal_column
UNVERIFIABLE,v19|y6m-algebra|curriculum|secure|lesson|find pairs of values,y6m-algebra,Find pairs of values,workedExample,9,"The rule is $\times 3 + 2$. Find the output values for inputs $1$, $2$, $3$ and $4$.",5,,
AGREE,v19|y6m-algebra|curriculum|secure|lesson|find pairs of values,y6m-algebra,Find pairs of values,tryThis,9,The rule is $\times 2 + 1$. Find the output for input $5$.,11,11,function_machine
AGREE,v19|y6m-algebra|curriculum|secure|lesson|find pairs of values,y6m-algebra,Find pairs of values,quickCheck,9,The rule is $\times 4 + 3$. What is the matching output for input $2$?,11,11,function_machine
AGREE,v19|y6m-algebra|curriculum|secure|lesson|find pairs of values,y6m-algebra,Find pairs of values,guidedPractice[0],9,The rule is $\times 4 + 1$. Find the output for input $2$.,9,9,function_machine
AGREE,v19|y6m-algebra|curriculum|secure|lesson|find pairs of values,y6m-algebra,Find pairs of values,guidedPractice[1],9,The rule is $\times 2 + 3$. Find the output for input $4$.,11,11,function_machine
AGREE,v19|y6m-algebra|curriculum|secure|lesson|find pairs of values,y6m-algebra,Find pairs of values,independentPractice[0],9,The rule is $\times 5 + 2$. Find the output for input $3$.,17,17,function_machine
AGREE,v19|y6m-algebra|curriculum|secure|lesson|find pairs of values,y6m-algebra,Find pairs of values,independentPractice[1],9,The rule is $\times 3 + 4$. Find the output for input $5$.,19,19,function_machine
UNVERIFIABLE,v19|y6m-algebra|curriculum|secure|lesson|find pairs of values,y6m-algebra,Find pairs of values,independentPractice[2],9,"The rule is $\times 2 + 5$. Find the output values for inputs $1$, $2$ and $3$.","The pairs are $(1, 7)$, $(2, 9)$ and $(3, 11)$.",,
UNVERIFIABLE,v19|y6m-fdp|curriculum|secure|lesson|percentage of an amount,y6m-fdp,Percentage of an amount,workedExample,9,Find $25\%$ of $64$.,$25\%$ of $64$ is $16$.,,
UNVERIFIABLE,v19|y6m-fdp|curriculum|secure|lesson|percentage of an amount,y6m-fdp,Percentage of an amount,tryThis,9,Find $25\%$ of $80$.,$20$,,
UNVERIFIABLE,v19|y6m-fdp|curriculum|secure|lesson|percentage of an amount,y6m-fdp,Percentage of an amount,quickCheck,9,A book costs $60$. Find $25\%$ of $60$.,$15$,,
UNVERIFIABLE,v19|y6m-fdp|curriculum|secure|lesson|percentage of an amount,y6m-fdp,Percentage of an amount,guidedPractice[0],9,Find $25\%$ of $40$.,$10$,,
UNVERIFIABLE,v19|y6m-fdp|curriculum|secure|lesson|percentage of an amount,y6m-fdp,Percentage of an amount,guidedPractice[1],9,Find $25\%$ of $72$.,$18$,,
UNVERIFIABLE,v19|y6m-fdp|curriculum|secure|lesson|percentage of an amount,y6m-fdp,Percentage of an amount,independentPractice[0],9,Find $25\%$ of $36$.,$9$,,
UNVERIFIABLE,v19|y6m-fdp|curriculum|secure|lesson|percentage of an amount,y6m-fdp,Percentage of an amount,independentPractice[1],9,Find $25\%$ of $100$.,$25$,,
UNVERIFIABLE,v19|y6m-fdp|curriculum|secure|lesson|percentage of an amount,y6m-fdp,Percentage of an amount,independentPractice[2],9,Find $25\%$ of $92$.,$23$,,
UNVERIFIABLE,v19|y6m-decimals|curriculum|secure|lesson|divide decimals,y6m-decimals,Divide decimals,workedExample,9,$7.2 \div 3$,0 r 2,,
UNVERIFIABLE,v19|y6m-decimals|curriculum|secure|lesson|divide decimals,y6m-decimals,Divide decimals,tryThis,9,$8.4 \div 4$,$2.1$,,
UNVERIFIABLE,v19|y6m-decimals|curriculum|secure|lesson|divide decimals,y6m-decimals,Divide decimals,quickCheck,9,What is $3.6 \div 3$?,$1.2$,,
UNVERIFIABLE,v19|y6m-decimals|curriculum|secure|lesson|divide decimals,y6m-decimals,Divide decimals,guidedPractice[0],9,$6.3 \div 3$,$2.1$,,
UNVERIFIABLE,v19|y6m-decimals|curriculum|secure|lesson|divide decimals,y6m-decimals,Divide decimals,guidedPractice[1],9,$9.6 \div 4$,$2.4$,,
UNVERIFIABLE,v19|y6m-decimals|curriculum|secure|lesson|divide decimals,y6m-decimals,Divide decimals,independentPractice[0],9,$4.8 \div 2$,$2.4$,,
UNVERIFIABLE,v19|y6m-decimals|curriculum|secure|lesson|divide decimals,y6m-decimals,Divide decimals,independentPractice[1],9,$5.6 \div 4$,$1.4$,,
UNVERIFIABLE,v19|y6m-decimals|curriculum|secure|lesson|divide decimals,y6m-decimals,Divide decimals,independentPractice[2],9,$7.5 \div 5$,$1.5$,,
UNVERIFIABLE,v19|y6m-area-perimeter-volume|curriculum|secure|lesson|area of parallelograms,y6m-area-perimeter-volume,Area of parallelograms,workedExample,22,Find the area of a parallelogram with base $12\text{ cm}$ and perpendicular height $5\text{ cm}$.,$60\text{ cm}^2$,,
UNVERIFIABLE,v19|y6m-area-perimeter-volume|curriculum|secure|lesson|area of parallelograms,y6m-area-perimeter-volume,Area of parallelograms,tryThis,22,A parallelogram has base $9\text{ m}$ and perpendicular height $4\text{ m}$. Find its area.,$9 \times 4 = 36\text{ m}^2$,,
UNVERIFIABLE,v19|y6m-area-perimeter-volume|curriculum|secure|lesson|area of parallelograms,y6m-area-perimeter-volume,Area of parallelograms,quickCheck,22,"A parallelogram has base $14\text{ cm}$, sloping side $9\text{ cm}$ and perpendicular height $2\text{ cm}$. Which measurements find the area?",Use $14\text{ cm}$ and $2\text{ cm}$: $14 \times 2 = 28\text{ cm}^2$.,,
UNVERIFIABLE,v19|y6m-area-perimeter-volume|curriculum|secure|lesson|area of parallelograms,y6m-area-perimeter-volume,Area of parallelograms,guidedPractice[0],22,Find the area of a parallelogram with base $8\text{ cm}$ and perpendicular height $6\text{ cm}$.,$8 \times 6 = 48\text{ cm}^2$,,
UNVERIFIABLE,v19|y6m-area-perimeter-volume|curriculum|secure|lesson|area of parallelograms,y6m-area-perimeter-volume,Area of parallelograms,guidedPractice[1],22,A parallelogram has base $15\text{ m}$ and perpendicular height $3\text{ m}$. Find its area.,$15 \times 3 = 45\text{ m}^2$,,
UNVERIFIABLE,v19|y6m-area-perimeter-volume|curriculum|secure|lesson|area of parallelograms,y6m-area-perimeter-volume,Area of parallelograms,independentPractice[0],22,Find the area of a parallelogram with base $11\text{ cm}$ and perpendicular height $4\text{ cm}$.,$11 \times 4 = 44\text{ cm}^2$,,
UNVERIFIABLE,v19|y6m-area-perimeter-volume|curriculum|secure|lesson|area of parallelograms,y6m-area-perimeter-volume,Area of parallelograms,independentPractice[1],22,Find the area of a parallelogram with base $7\text{ m}$ and perpendicular height $9\text{ m}$.,$7 \times 9 = 63\text{ m}^2$,,
UNVERIFIABLE,v19|y6m-area-perimeter-volume|curriculum|secure|lesson|area of parallelograms,y6m-area-perimeter-volume,Area of parallelograms,independentPractice[2],22,Find the area of a parallelogram with base $20\text{ cm}$ and perpendicular height $5\text{ cm}$.,$20 \times 5 = 100\text{ cm}^2$,,
UNVERIFIABLE,v19|y6m-statistics|curriculum|secure|lesson|read and interpret pie charts,y6m-statistics,Read and interpret pie charts,workedExample,9,A class chose their favourite fruit. How many pupils chose apples?,12,,
UNVERIFIABLE,v19|y6m-statistics|curriculum|secure|lesson|read and interpret pie charts,y6m-statistics,Read and interpret pie charts,tryThis,9,"Using the pie chart, how many pupils chose bananas?",$8$ pupils chose bananas.,,
UNVERIFIABLE,v19|y6m-statistics|curriculum|secure|lesson|read and interpret pie charts,y6m-statistics,Read and interpret pie charts,quickCheck,9,What should you use to match a pie-chart colour to its category?,The key.,,
UNVERIFIABLE,v19|y6m-statistics|curriculum|secure|lesson|read and interpret pie charts,y6m-statistics,Read and interpret pie charts,guidedPractice[0],9,"Using the pie chart, how many pupils chose grapes?",$4$ pupils chose grapes.,,
UNVERIFIABLE,v19|y6m-statistics|curriculum|secure|lesson|read and interpret pie charts,y6m-statistics,Read and interpret pie charts,guidedPractice[1],9,"Using the pie chart, which fruit was chosen by $8$ pupils?",Bananas.,,
UNVERIFIABLE,v19|y6m-statistics|curriculum|secure|lesson|read and interpret pie charts,y6m-statistics,Read and interpret pie charts,independentPractice[0],9,A pie chart has a blue sector for football labelled $15$. How many pupils chose football?,$15$ pupils.,,
UNVERIFIABLE,v19|y6m-statistics|curriculum|secure|lesson|read and interpret pie charts,y6m-statistics,Read and interpret pie charts,independentPractice[1],9,A pie chart key says green represents walking. The green sector is labelled $9$. How many pupils walk to school?,$9$ pupils.,,
UNVERIFIABLE,v19|y6m-statistics|curriculum|secure|lesson|read and interpret pie charts,y6m-statistics,Read and interpret pie charts,independentPractice[2],9,"A pie chart has sectors labelled $6$, $10$ and $14$. Which sector represents the greatest number?",The sector labelled $14$.,,
UNVERIFIABLE,v19|y6m-statistics|curriculum|secure|lesson|draw line graphs,y6m-statistics,Draw line graphs,workedExample,9,Draw a line graph to show the temperature at four times during a day.,"A completed line graph with points at $9$ am and $8°C$, $12$ pm and $12°C$, $3$ pm and $15°C$, and $6$ pm and $11°C$.",,
UNVERIFIABLE,v19|y6m-statistics|curriculum|secure|lesson|draw line graphs,y6m-statistics,Draw line graphs,tryThis,9,"Draw a line graph for plant height: Monday $4$ cm, Tuesday $6$ cm, Wednesday $7$ cm and Thursday $9$ cm.","Label the horizontal axis Days and the vertical axis Height in cm. Plot $4$, $6$, $7$ and $9$ cm in day order, then join the points.",,
UNVERIFIABLE,v19|y6m-statistics|curriculum|secure|lesson|draw line graphs,y6m-statistics,Draw line graphs,quickCheck,9,"A graph has equal vertical gaps labelled $0$, $5$, $10$, $15$. What is each gap worth?",Each gap is worth $5$.,,
UNVERIFIABLE,v19|y6m-statistics|curriculum|secure|lesson|draw line graphs,y6m-statistics,Draw line graphs,guidedPractice[0],9,"Draw a line graph for books read: Monday $2$, Tuesday $4$, Wednesday $3$ and Thursday $5$.","Plot $2$, $4$, $3$ and $5$ above Monday to Thursday, then join the points in order.",,
UNVERIFIABLE,v19|y6m-statistics|curriculum|secure|lesson|draw line graphs,y6m-statistics,Draw line graphs,guidedPractice[1],9,"Draw a line graph for water drunk: $9$ am $1$ glass, $12$ pm $3$ glasses, $3$ pm $4$ glasses and $6$ pm $5$ glasses.","Plot $1$, $3$, $4$ and $5$ glasses at the matching times, then join the points in time order.",,
UNVERIFIABLE,v19|y6m-statistics|curriculum|secure|lesson|draw line graphs,y6m-statistics,Draw line graphs,independentPractice[0],9,"Draw a line graph for the number of birds seen: Monday $6$, Tuesday $8$, Wednesday $5$, Thursday $9$ and Friday $7$.","Use Days on the horizontal axis and Number of birds on the vertical axis. Plot $6$, $8$, $5$, $9$ and $7$, then join the points in day order.",,
UNVERIFIABLE,v19|y6m-statistics|curriculum|secure|lesson|draw line graphs,y6m-statistics,Draw line graphs,independentPractice[1],9,"Draw a line graph for temperatures: $8$ am $7°C$, $10$ am $9°C$, $12$ pm $13°C$, $2$ pm $14°C$ and $4$ pm $10°C$.","Use Time on the horizontal axis and Temperature in $°C$ on the vertical axis. Plot $7$, $9$, $13$, $14$ and $10$, then join the points in time order.",,
UNVERIFIABLE,v19|y5m-mult-div-b|curriculum|secure|lesson|multiplication and division problems,y5m-mult-div-b,Multiplication and division problems,workedExample,8,A school buys $36$ packs of pencils. Each pack has $15$ pencils. How many pencils does the school buy?,540,,
UNVERIFIABLE,v19|y5m-mult-div-b|curriculum|secure|lesson|multiplication and division problems,y5m-mult-div-b,Multiplication and division problems,tryThis,8,A theatre has $24$ rows with $16$ seats in each row. How many seats are there?,"$24 \times 16 = 384$, so there are $384$ seats.",,
UNVERIFIABLE,v19|y5m-mult-div-b|curriculum|secure|lesson|multiplication and division problems,y5m-mult-div-b,Multiplication and division problems,quickCheck,8,A class has $28$ pupils. Each pupil receives $14$ stickers. How many stickers are needed?,"$28 \times 14 = 392$, so $392$ stickers are needed.",,
UNVERIFIABLE,v19|y5m-mult-div-b|curriculum|secure|lesson|multiplication and division problems,y5m-mult-div-b,Multiplication and division problems,guidedPractice[0],8,A farmer packs $23$ boxes with $14$ apples in each box. How many apples are packed?,"$23 \times 14 = 322$, so there are $322$ apples.",,
UNVERIFIABLE,v19|y5m-mult-div-b|curriculum|secure|lesson|multiplication and division problems,y5m-mult-div-b,Multiplication and division problems,guidedPractice[1],8,A library has $32$ shelves with $12$ books on each shelf. How many books are there?,"$32 \times 12 = 384$, so there are $384$ books.",,
UNVERIFIABLE,v19|y5m-mult-div-b|curriculum|secure|lesson|multiplication and division problems,y5m-mult-div-b,Multiplication and division problems,independentPractice[0],8,A coach buys $27$ bags with $13$ footballs in each bag. How many footballs are bought?,"$27 \times 13 = 351$, so $351$ footballs are bought.",,
UNVERIFIABLE,v19|y5m-mult-div-b|curriculum|secure|lesson|multiplication and division problems,y5m-mult-div-b,Multiplication and division problems,independentPractice[1],8,A factory fills $46$ cartons with $12$ jars in each carton. How many jars are filled?,"$46 \times 12 = 552$, so $552$ jars are filled.",,
UNVERIFIABLE,v19|y5m-mult-div-b|curriculum|secure|lesson|multiplication and division problems,y5m-mult-div-b,Multiplication and division problems,independentPractice[2],8,A shop receives $34$ trays with $15$ drinks on each tray. How many drinks arrive?,"$34 \times 15 = 510$, so $510$ drinks arrive.",,
AGREE,v19|y6m-algebra|curriculum|secure|lesson|substitution,y6m-algebra,Substitution,workedExample,10,Find the value of $3a + 4$ when $a = 6$.,a = 6,a = 6,linear_equation
AGREE,v19|y6m-algebra|curriculum|secure|lesson|substitution,y6m-algebra,Substitution,tryThis,10,Find the value of $5b - 3$ when $b = 4$.,b = 4,b = 4,linear_equation
AGREE,v19|y6m-algebra|curriculum|secure|lesson|substitution,y6m-algebra,Substitution,quickCheck,10,Find the value of $2k + 5$ when $k = 8$.,k = 8,k = 8,linear_equation
AGREE,v19|y6m-algebra|curriculum|secure|lesson|substitution,y6m-algebra,Substitution,guidedPractice[0],10,Find the value of $2m + 7$ when $m = 5$.,m = 5,m = 5,linear_equation
AGREE,v19|y6m-algebra|curriculum|secure|lesson|substitution,y6m-algebra,Substitution,guidedPractice[1],10,Find the value of $4p - 2$ when $p = 3$.,p = 3,p = 3,linear_equation
AGREE,v19|y6m-algebra|curriculum|secure|lesson|substitution,y6m-algebra,Substitution,independentPractice[0],10,Find the value of $6x + 1$ when $x = 4$.,x = 4,x = 4,linear_equation
AGREE,v19|y6m-algebra|curriculum|secure|lesson|substitution,y6m-algebra,Substitution,independentPractice[1],10,Find the value of $3y + 8$ when $y = 7$.,y = 7,y = 7,linear_equation
AGREE,v19|y6m-algebra|curriculum|secure|lesson|substitution,y6m-algebra,Substitution,independentPractice[2],10,Find the value of $5n - 6$ when $n = 9$.,n = 9,n = 9,linear_equation
UNVERIFIABLE,v19|y6m-algebra|curriculum|secure|lesson|linear number sequences,y6m-algebra,Linear number sequences,workedExample,8,"Continue the sequence: $7$, $12$, $17$, $22$, $\square$, $\square$",The missing terms are $27$ and $32$.,,
UNVERIFIABLE,v19|y6m-algebra|curriculum|secure|lesson|linear number sequences,y6m-algebra,Linear number sequences,tryThis,8,"Continue the sequence: $40$, $46$, $52$, $58$, $\square$, $\square$",The rule is add $6$. The missing terms are $64$ and $70$.,,
UNVERIFIABLE,v19|y6m-algebra|curriculum|secure|lesson|linear number sequences,y6m-algebra,Linear number sequences,quickCheck,8,"What is the rule for $34$, $39$, $44$, $49$, $54$?",Add $5$ each time.,,
UNVERIFIABLE,v19|y6m-algebra|curriculum|secure|lesson|linear number sequences,y6m-algebra,Linear number sequences,guidedPractice[0],8,"Continue the sequence: $15$, $19$, $23$, $27$, $\square$, $\square$",The rule is add $4$. The missing terms are $31$ and $35$.,,
UNVERIFIABLE,v19|y6m-algebra|curriculum|secure|lesson|linear number sequences,y6m-algebra,Linear number sequences,guidedPractice[1],8,"Continue the sequence: $60$, $53$, $46$, $39$, $\square$, $\square$",The rule is subtract $7$. The missing terms are $32$ and $25$.,,
UNVERIFIABLE,v19|y6m-algebra|curriculum|secure|lesson|linear number sequences,y6m-algebra,Linear number sequences,independentPractice[0],8,"Continue the sequence: $9$, $16$, $23$, $30$, $\square$, $\square$",The rule is add $7$. The missing terms are $37$ and $44$.,,
UNVERIFIABLE,v19|y6m-algebra|curriculum|secure|lesson|linear number sequences,y6m-algebra,Linear number sequences,independentPractice[1],8,"Continue the sequence: $100$, $90$, $80$, $70$, $\square$, $\square$",The rule is subtract $10$. The missing terms are $60$ and $50$.,,
UNVERIFIABLE,v19|y6m-algebra|curriculum|secure|lesson|linear number sequences,y6m-algebra,Linear number sequences,independentPractice[2],8,"Continue the sequence: $125$, $133$, $141$, $149$, $\square$, $\square$",The rule is add $8$. The missing terms are $157$ and $165$.,,
UNVERIFIABLE,v19|y6m-ratio|curriculum|secure|lesson|recipes,y6m-ratio,Recipes,workedExample,10,A pancake recipe for $4$ people uses $200\text{ g}$ flour and $300\text{ ml}$ milk. How much flour and milk are needed for $12$ people?,"For $12$ people, use $600\text{ g}$ flour and $900\text{ ml}$ milk.",,
UNVERIFIABLE,v19|y6m-ratio|curriculum|secure|lesson|recipes,y6m-ratio,Recipes,tryThis,10,A smoothie for $2$ people uses $150\text{ ml}$ yoghurt and $100\text{ g}$ berries. What is needed for $6$ people?,$450\text{ ml}$ yoghurt and $300\text{ g}$ berries.,,
UNVERIFIABLE,v19|y6m-ratio|curriculum|secure|lesson|recipes,y6m-ratio,Recipes,quickCheck,10,A recipe for $4$ people needs $200\text{ ml}$ milk. What amount is needed for $12$ people?,$600\text{ ml}$ milk.,,
UNVERIFIABLE,v19|y6m-ratio|curriculum|secure|lesson|recipes,y6m-ratio,Recipes,guidedPractice[0],10,A soup recipe for $3$ people uses $250\text{ g}$ carrots and $600\text{ ml}$ stock. What is needed for $6$ people?,$500\text{ g}$ carrots and $1200\text{ ml}$ stock.,,
UNVERIFIABLE,v19|y6m-ratio|curriculum|secure|lesson|recipes,y6m-ratio,Recipes,guidedPractice[1],10,A biscuit recipe for $4$ people uses $80\text{ g}$ sugar and $120\text{ g}$ butter. What is needed for $8$ people?,$160\text{ g}$ sugar and $240\text{ g}$ butter.,,
UNVERIFIABLE,v19|y6m-ratio|curriculum|secure|lesson|recipes,y6m-ratio,Recipes,independentPractice[0],10,A pasta sauce for $2$ people uses $150\text{ g}$ tomatoes and $50\text{ g}$ onions. What is needed for $8$ people?,$600\text{ g}$ tomatoes and $200\text{ g}$ onions.,,
UNVERIFIABLE,v19|y6m-ratio|curriculum|secure|lesson|recipes,y6m-ratio,Recipes,independentPractice[1],10,A fruit punch for $5$ people uses $250\text{ ml}$ orange juice and $100\text{ ml}$ lemonade. What is needed for $10$ people?,$500\text{ ml}$ orange juice and $200\text{ ml}$ lemonade.,,
UNVERIFIABLE,v19|y6m-ratio|curriculum|secure|lesson|recipes,y6m-ratio,Recipes,independentPractice[2],10,A cake recipe for $3$ people uses $90\text{ g}$ flour and $60\text{ g}$ sugar. What is needed for $12$ people?,$360\text{ g}$ flour and $240\text{ g}$ sugar.,,
AGREE,v19|y6m-algebra|curriculum|secure|lesson|formulae,y6m-algebra,Formulae,workedExample,10,Use the formula $y = 3x + 2$ when $x = 4$.,y = 3,y = 3,linear_equation
AGREE,v19|y6m-algebra|curriculum|secure|lesson|formulae,y6m-algebra,Formulae,tryThis,10,Use the formula $y = 2x + 5$ when $x = 6$.,y = 2,y = 2,linear_equation
AGREE,v19|y6m-algebra|curriculum|secure|lesson|formulae,y6m-algebra,Formulae,quickCheck,10,Use $z = 5x + 3$ when $x = 2$.,z = 5,z = 5,linear_equation
AGREE,v19|y6m-algebra|curriculum|secure|lesson|formulae,y6m-algebra,Formulae,guidedPractice[0],10,Use $y = 4x + 1$ when $x = 3$.,y = 4,y = 4,linear_equation
AGREE,v19|y6m-algebra|curriculum|secure|lesson|formulae,y6m-algebra,Formulae,guidedPractice[1],10,Use $p = 5n - 2$ when $n = 4$.,p = 5,p = 5,linear_equation
AGREE,v19|y6m-algebra|curriculum|secure|lesson|formulae,y6m-algebra,Formulae,independentPractice[0],10,Use $a = 2b + 7$ when $b = 5$.,a = 2,a = 2,linear_equation
AGREE,v19|y6m-algebra|curriculum|secure|lesson|formulae,y6m-algebra,Formulae,independentPractice[1],10,Use $m = 6c - 3$ when $c = 2$.,m = 6,m = 6,linear_equation
AGREE,v19|y6m-algebra|curriculum|secure|lesson|formulae,y6m-algebra,Formulae,independentPractice[2],10,Use $q = 3r + 4$ when $r = 7$.,q = 3,q = 3,linear_equation
AGREE,v19|y6m-decimals|curriculum|secure|lesson|decimals and fractions,y6m-decimals,Decimals and fractions,workedExample,9,$0.3 + \frac{2}{5}$,2.3,2.3,decimal_column
AGREE,v19|y6m-decimals|curriculum|secure|lesson|decimals and fractions,y6m-decimals,Decimals and fractions,tryThis,9,$0.4 + \frac{3}{10}$,0.3,0.3,place_value_shift
UNVERIFIABLE,v19|y6m-decimals|curriculum|secure|lesson|decimals and fractions,y6m-decimals,Decimals and fractions,quickCheck,9,What fraction in tenths is equal to $0.8$?,$\frac{8}{10}$,,
AGREE,v19|y6m-decimals|curriculum|secure|lesson|decimals and fractions,y6m-decimals,Decimals and fractions,guidedPractice[0],9,$0.2 + \frac{3}{5}$,3.2,3.2,decimal_column
AGREE,v19|y6m-decimals|curriculum|secure|lesson|decimals and fractions,y6m-decimals,Decimals and fractions,guidedPractice[1],9,$0.6 + \frac{1}{5}$,1.6,1.6,decimal_column
AGREE,v19|y6m-decimals|curriculum|secure|lesson|decimals and fractions,y6m-decimals,Decimals and fractions,independentPractice[0],9,$0.5 + \frac{2}{10}$,0.2,0.2,place_value_shift
AGREE,v19|y6m-decimals|curriculum|secure|lesson|decimals and fractions,y6m-decimals,Decimals and fractions,independentPractice[1],9,$0.1 + \frac{4}{5}$,4.1,4.1,decimal_column
AGREE,v19|y6m-decimals|curriculum|secure|lesson|decimals and fractions,y6m-decimals,Decimals and fractions,independentPractice[2],9,$0.4 + \frac{3}{5}$,3.4,3.4,decimal_column
UNVERIFIABLE,v19|y6m-area-perimeter-volume|curriculum|secure|lesson|area of triangles,y6m-area-perimeter-volume,Area of triangles,workedExample,22,Find the area of a triangle with base $12\text{ cm}$ and perpendicular height $7\text{ cm}$.,$42\text{ cm}^2$,,
UNVERIFIABLE,v19|y6m-area-perimeter-volume|curriculum|secure|lesson|area of triangles,y6m-area-perimeter-volume,Area of triangles,tryThis,22,A triangle has base $10\text{ cm}$ and perpendicular height $6\text{ cm}$. Find its area.,$30\text{ cm}^2$,,
UNVERIFIABLE,v19|y6m-area-perimeter-volume|curriculum|secure|lesson|area of triangles,y6m-area-perimeter-volume,Area of triangles,quickCheck,22,A triangle has base $11\text{ cm}$ and perpendicular height $4\text{ cm}$. What is its area?,$22\text{ cm}^2$,,
UNVERIFIABLE,v19|y6m-area-perimeter-volume|curriculum|secure|lesson|area of triangles,y6m-area-perimeter-volume,Area of triangles,guidedPractice[0],22,Find the area of a triangle with base $8\text{ cm}$ and perpendicular height $5\text{ cm}$.,$20\text{ cm}^2$,,
UNVERIFIABLE,v19|y6m-area-perimeter-volume|curriculum|secure|lesson|area of triangles,y6m-area-perimeter-volume,Area of triangles,guidedPractice[1],22,Find the area of a triangle with base $14\text{ m}$ and perpendicular height $4\text{ m}$.,$28\text{ m}^2$,,
UNVERIFIABLE,v19|y6m-area-perimeter-volume|curriculum|secure|lesson|area of triangles,y6m-area-perimeter-volume,Area of triangles,independentPractice[0],22,Find the area of a triangle with base $9\text{ cm}$ and perpendicular height $6\text{ cm}$.,$27\text{ cm}^2$,,
UNVERIFIABLE,v19|y6m-area-perimeter-volume|curriculum|secure|lesson|area of triangles,y6m-area-perimeter-volume,Area of triangles,independentPractice[1],22,Find the area of a triangle with base $16\text{ cm}$ and perpendicular height $5\text{ cm}$.,$40\text{ cm}^2$,,
UNVERIFIABLE,v19|y6m-area-perimeter-volume|curriculum|secure|lesson|area of triangles,y6m-area-perimeter-volume,Area of triangles,independentPractice[2],22,Find the area of a triangle with base $18\text{ m}$ and perpendicular height $8\text{ m}$.,$72\text{ m}^2$,,
AGREE,"v19|y5m-decimals|curriculum|secure|lesson|divide decimals by 10, 100 and 1000",y5m-decimals,"Divide decimals by 10, 100 and 1000",workedExample,8,$36.5 \div 100$,0.365,0.365,place_value_shift
AGREE,"v19|y5m-decimals|curriculum|secure|lesson|divide decimals by 10, 100 and 1000",y5m-decimals,"Divide decimals by 10, 100 and 1000",tryThis,8,$48.2 \div 10$,4.82,4.82,place_value_shift
AGREE,"v19|y5m-decimals|curriculum|secure|lesson|divide decimals by 10, 100 and 1000",y5m-decimals,"Divide decimals by 10, 100 and 1000",quickCheck,8,$12.3 \div 1000$,0.0123,0.0123,place_value_shift
AGREE,"v19|y5m-decimals|curriculum|secure|lesson|divide decimals by 10, 100 and 1000",y5m-decimals,"Divide decimals by 10, 100 and 1000",guidedPractice[0],8,$6.4 \div 10$,0.64,0.64,place_value_shift
AGREE,"v19|y5m-decimals|curriculum|secure|lesson|divide decimals by 10, 100 and 1000",y5m-decimals,"Divide decimals by 10, 100 and 1000",guidedPractice[1],8,$82.7 \div 100$,0.827,0.827,place_value_shift
AGREE,"v19|y5m-decimals|curriculum|secure|lesson|divide decimals by 10, 100 and 1000",y5m-decimals,"Divide decimals by 10, 100 and 1000",guidedPractice[2],8,$5.63 \div 1000$,0.00563,0.00563,place_value_shift
AGREE,"v19|y5m-decimals|curriculum|secure|lesson|divide decimals by 10, 100 and 1000",y5m-decimals,"Divide decimals by 10, 100 and 1000",independentPractice[0],8,$9.8 \div 10$,0.98,0.98,place_value_shift
AGREE,"v19|y5m-decimals|curriculum|secure|lesson|divide decimals by 10, 100 and 1000",y5m-decimals,"Divide decimals by 10, 100 and 1000",independentPractice[1],8,$45.6 \div 100$,0.456,0.456,place_value_shift
AGREE,"v19|y5m-decimals|curriculum|secure|lesson|divide decimals by 10, 100 and 1000",y5m-decimals,"Divide decimals by 10, 100 and 1000",independentPractice[2],8,$307.2 \div 1000$,0.3072,0.3072,place_value_shift
AGREE,"v19|y5m-decimals|curriculum|secure|lesson|divide decimals by 10, 100 and 1000",y5m-decimals,"Divide decimals by 10, 100 and 1000",independentPractice[3],8,$0.84 \div 10$,0.084,0.084,place_value_shift
AGREE,v19|y5m-fractions|curriculum|secure|guided|multiply fractions by integers,y5m-fractions,Multiply fractions by integers,workedExample,0,$4 \times \frac{2}{3}$,8/3,8/3,fraction_ops
AGREE,v19|y5m-fractions|curriculum|secure|guided|multiply fractions by integers,y5m-fractions,Multiply fractions by integers,tryThis,0,$3 \times \frac{3}{4}$,9/4,9/4,fraction_ops
AGREE,v19|y5m-fractions|curriculum|secure|guided|multiply fractions by integers,y5m-fractions,Multiply fractions by integers,quickCheck,0,$5 \times \frac{2}{3}$,10/3,10/3,fraction_ops
AGREE,v19|y5m-fractions|curriculum|secure|guided|multiply fractions by integers,y5m-fractions,Multiply fractions by integers,guidedPractice[0],0,$2 \times \frac{3}{5}$,6/5,6/5,fraction_ops
AGREE,v19|y5m-fractions|curriculum|secure|guided|multiply fractions by integers,y5m-fractions,Multiply fractions by integers,guidedPractice[1],0,$5 \times \frac{1}{4}$,5/4,5/4,fraction_ops
AGREE,v19|y5m-fractions|curriculum|secure|guided|multiply fractions by integers,y5m-fractions,Multiply fractions by integers,guidedPractice[2],0,$3 \times \frac{2}{7}$,6/7,6/7,fraction_ops
AGREE,v19|y5m-fractions|curriculum|secure|guided|multiply fractions by integers,y5m-fractions,Multiply fractions by integers,independentPractice[0],0,$4 \times \frac{1}{6}$,2/3,2/3,fraction_ops
AGREE,v19|y5m-fractions|curriculum|secure|guided|multiply fractions by integers,y5m-fractions,Multiply fractions by integers,independentPractice[1],0,$3 \times \frac{4}{5}$,12/5,12/5,fraction_ops
AGREE,v19|y5m-fractions|curriculum|secure|guided|multiply fractions by integers,y5m-fractions,Multiply fractions by integers,independentPractice[2],0,$6 \times \frac{1}{3}$,2,2,fraction_ops
UNVERIFIABLE,v19|y6m-converting-units|curriculum|secure|guided|imperial measures,y6m-converting-units,Imperial measures,workedExample,0,A walk is $5$ miles long. About how many kilometres is this?,$5$ miles is approximately $8$ kilometres.,,
UNVERIFIABLE,v19|y6m-converting-units|curriculum|secure|guided|imperial measures,y6m-converting-units,Imperial measures,tryThis,0,A cycle route is $10$ miles. About how many kilometres is it?,"$10 \times 1.6 = 16$, so it is approximately $16$ kilometres.",,
UNVERIFIABLE,v19|y6m-converting-units|curriculum|secure|guided|imperial measures,y6m-converting-units,Imperial measures,quickCheck,0,Which operation changes $9$ miles into kilometres?,"Multiply: $9 \times 1.6 = 14.4$, so $9$ miles is approximately $14.4$ kilometres.",,
UNVERIFIABLE,v19|y6m-converting-units|curriculum|secure|guided|imperial measures,y6m-converting-units,Imperial measures,guidedPractice[0],0,A runner travels $3$ miles. About how many kilometres is that?,"$3 \times 1.6 = 4.8$, so it is approximately $4.8$ kilometres.",,
UNVERIFIABLE,v19|y6m-converting-units|curriculum|secure|guided|imperial measures,y6m-converting-units,Imperial measures,guidedPractice[1],0,A road is $12$ miles long. About how many kilometres is it?,"$12 \times 1.6 = 19.2$, so it is approximately $19.2$ kilometres.",,
UNVERIFIABLE,v19|y6m-converting-units|curriculum|secure|guided|imperial measures,y6m-converting-units,Imperial measures,guidedPractice[2],0,A family drives $25$ miles. About how many kilometres do they drive?,"$25 \times 1.6 = 40$, so they drive approximately $40$ kilometres.",,
UNVERIFIABLE,v19|y6m-converting-units|curriculum|secure|guided|imperial measures,y6m-converting-units,Imperial measures,independentPractice[0],0,Convert $7$ miles into kilometres.,"$7 \times 1.6 = 11.2$, so it is approximately $11.2$ kilometres.",,
UNVERIFIABLE,v19|y6m-converting-units|curriculum|secure|guided|imperial measures,y6m-converting-units,Imperial measures,independentPractice[1],0,Convert $15$ miles into kilometres.,"$15 \times 1.6 = 24$, so it is approximately $24$ kilometres.",,
UNVERIFIABLE,v19|y6m-converting-units|curriculum|secure|guided|imperial measures,y6m-converting-units,Imperial measures,independentPractice[2],0,Convert $30$ miles into kilometres.,"$30 \times 1.6 = 48$, so it is approximately $48$ kilometres.",,
AGREE,v19|y5m-position-direction|curriculum|secure|guided|reflection,y5m-position-direction,Reflection,workedExample,0,"Reflect triangle $ABC$ in the line $x = 4$. The vertices are $A(2, 2)$, $B(3, 5)$ and $C(3, 2)$.","A′=(6,2), B′=(5,5), C′=(5,2)","A′=(6,2), B′=(5,5), C′=(5,2)",coordinate_plot
AGREE,v19|y5m-position-direction|curriculum|secure|guided|reflection,y5m-position-direction,Reflection,tryThis,0,"Point $D(1, 4)$ is reflected in the line $x = 3$. What are the coordinates of $D'$?","(5,4)","(5,4)",coordinate_plot
UNVERIFIABLE,v19|y5m-position-direction|curriculum|secure|guided|reflection,y5m-position-direction,Reflection,quickCheck,0,A point is $2$ squares left of the mirror line $x = 6$ and has vertical coordinate $4$. What are its reflected coordinates?,"$(8, 4)$.",,
AGREE,v19|y5m-position-direction|curriculum|secure|guided|reflection,y5m-position-direction,Reflection,guidedPractice[0],0,"Reflect $P(2, 3)$ in the line $x = 5$.","(8,3)","(8,3)",coordinate_plot
AGREE,v19|y5m-position-direction|curriculum|secure|guided|reflection,y5m-position-direction,Reflection,guidedPractice[1],0,"Reflect $Q(6, 1)$ in the line $x = 4$.","(2,1)","(2,1)",coordinate_plot
AGREE,v19|y5m-position-direction|curriculum|secure|guided|reflection,y5m-position-direction,Reflection,guidedPractice[2],0,"Reflect $R(3, 5)$ in the line $x = 4$.","(5,5)","(5,5)",coordinate_plot
AGREE,v19|y5m-position-direction|curriculum|secure|guided|reflection,y5m-position-direction,Reflection,independentPractice[0],0,"Reflect $S(7, 2)$ in the line $x = 5$.","(3,2)","(3,2)",coordinate_plot
AGREE,v19|y5m-position-direction|curriculum|secure|guided|reflection,y5m-position-direction,Reflection,independentPractice[1],0,"Reflect $T(1, 6)$ in the line $x = 4$.","(7,6)","(7,6)",coordinate_plot
AGREE,v19|y5m-position-direction|curriculum|secure|guided|reflection,y5m-position-direction,Reflection,independentPractice[2],0,"Triangle $UVW$ has vertices $U(2, 1)$, $V(2, 4)$ and $W(3, 1)$. Reflect it in $x = 4$.","U′=(6,1), V′=(6,4), W′=(5,1)","U′=(6,1), V′=(6,4), W′=(5,1)",coordinate_plot
DISAGREE,v19|y5m-perimeter-area|curriculum|secure|guided|perimeter of rectilinear shapes,y5m-perimeter-area,Perimeter of rectilinear shapes,workedExample,0,Find the perimeter of the L-shaped rectilinear shape.,$34\text{ cm}$,36 cm,rectilinear_perimeter
UNVERIFIABLE,v19|y5m-perimeter-area|curriculum|secure|guided|perimeter of rectilinear shapes,y5m-perimeter-area,Perimeter of rectilinear shapes,tryThis,0,"An L-shape has outside sides of $9\text{ cm}$, $2\text{ cm}$, $5\text{ cm}$, $4\text{ cm}$, $4\text{ cm}$, and $6\text{ cm}$. What is its perimeter?",$30\text{ cm}$,,
UNVERIFIABLE,v19|y5m-perimeter-area|curriculum|secure|guided|perimeter of rectilinear shapes,y5m-perimeter-area,Perimeter of rectilinear shapes,quickCheck,0,Why must you include the short sides around an inside corner when finding perimeter?,"They are still outside edges, so they are part of the distance around the shape.",,
AGREE,v19|y5m-perimeter-area|curriculum|secure|guided|perimeter of rectilinear shapes,y5m-perimeter-area,Perimeter of rectilinear shapes,guidedPractice[0],0,"A rectilinear shape has outside sides of $8\text{ cm}$, $3\text{ cm}$, $5\text{ cm}$, $2\text{ cm}$, $3\text{ cm}$, and $5\text{ cm}$. Find its perimeter.",$26\text{ cm}$,26 cm,rectilinear_perimeter
UNVERIFIABLE,v19|y5m-perimeter-area|curriculum|secure|guided|perimeter of rectilinear shapes,y5m-perimeter-area,Perimeter of rectilinear shapes,guidedPractice[1],0,An L-shape is $12\text{ cm}$ wide. One lower horizontal part is $7\text{ cm}$. What is the other horizontal part?,$12 - 7 = 5\text{ cm}$,,
UNVERIFIABLE,v19|y5m-perimeter-area|curriculum|secure|guided|perimeter of rectilinear shapes,y5m-perimeter-area,Perimeter of rectilinear shapes,guidedPractice[2],0,An L-shape is $9\text{ cm}$ tall. One right vertical part is $4\text{ cm}$. What is the other vertical part?,$9 - 4 = 5\text{ cm}$,,
AGREE,v19|y5m-perimeter-area|curriculum|secure|guided|perimeter of rectilinear shapes,y5m-perimeter-area,Perimeter of rectilinear shapes,independentPractice[0],0,"A rectilinear shape has outside sides of $11\text{ cm}$, $4\text{ cm}$, $7\text{ cm}$, $3\text{ cm}$, $4\text{ cm}$, and $7\text{ cm}$. Find its perimeter.",$36\text{ cm}$,36 cm,rectilinear_perimeter
UNVERIFIABLE,v19|y5m-perimeter-area|curriculum|secure|guided|perimeter of rectilinear shapes,y5m-perimeter-area,Perimeter of rectilinear shapes,independentPractice[1],0,A shape has a full width of $15\text{ cm}$. One horizontal section is $9\text{ cm}$. Find the missing horizontal section.,$6\text{ cm}$,,
AGREE,v19|y6m-position-direction|curriculum|secure|lesson|reflection,y6m-position-direction,Reflection,workedExample,21,"Reflect triangle $ABC$ in the line $x=0$. The points are $A(-2,1)$, $B(-4,1)$ and $C(-3,3)$.","A′=(2,1), B′=(4,1), C′=(3,3)","A′=(2,1), B′=(4,1), C′=(3,3)",coordinate_plot
AGREE,v19|y6m-position-direction|curriculum|secure|lesson|reflection,y6m-position-direction,Reflection,tryThis,21,"Reflect point $D(-5,2)$ in the line $x=0$.","(5,2)","(5,2)",coordinate_plot
AGREE,v19|y6m-position-direction|curriculum|secure|lesson|reflection,y6m-position-direction,Reflection,quickCheck,21,"A point is at $(-7,5)$. What are its coordinates after reflection in $x=0$?","(7,5)","(7,5)",coordinate_plot
AGREE,v19|y6m-position-direction|curriculum|secure|lesson|reflection,y6m-position-direction,Reflection,guidedPractice[0],21,"Reflect point $P(-3,4)$ in the line $x=0$.","(3,4)","(3,4)",coordinate_plot
AGREE,v19|y6m-position-direction|curriculum|secure|lesson|reflection,y6m-position-direction,Reflection,guidedPractice[1],21,"Reflect point $Q(-1,2)$ in the line $x=0$.","(1,2)","(1,2)",coordinate_plot
AGREE,v19|y6m-position-direction|curriculum|secure|lesson|reflection,y6m-position-direction,Reflection,independentPractice[0],21,"Reflect point $R(-4,3)$ in the line $x=0$.","(4,3)","(4,3)",coordinate_plot
AGREE,v19|y6m-position-direction|curriculum|secure|lesson|reflection,y6m-position-direction,Reflection,independentPractice[1],21,"Reflect triangle $DEF$ in the line $x=0$: $D(-2,1)$, $E(-2,4)$ and $F(-5,1)$.","D′=(2,1), E′=(2,4), F′=(5,1)","D′=(2,1), E′=(2,4), F′=(5,1)",coordinate_plot
AGREE,v19|y6m-position-direction|curriculum|secure|lesson|reflection,y6m-position-direction,Reflection,independentPractice[2],21,"Point $G'$ is the reflection of $G(-6,0)$ in the line $x=0$. Write the coordinates of $G'$.","(6,0)","(6,0)",coordinate_plot
